$date
   Fri Aug 21 18:16:57 2026
$end

$version
  2025.2
  $dumpfile ("tb_golay_encode.vcd") 
$end

$timescale
  1ps
$end

$scope module tb_golay_encode $end
$var reg 12 ! i_word [11:0] $end
$var reg 24 " cw [23:0] $end
$var reg 32 # errors [31:0] $end
$var reg 32 $ checks [31:0] $end
$var reg 288 % g_ref [287:0] $end
$scope module dut $end
$var wire 12 & i_word [11:0] $end
$var reg 24 " cw [23:0] $end
$var reg 144 ' word_matrix [143:0] $end
$var reg 144 ( id_matrix [143:0] $end
$var reg 288 ) g_matrix [287:0] $end
$var reg 144 * xilinx_isim_temp_0_ln12_blkAssignCaching [143:0] $end
$scope begin Block50_2 $end
$var reg 32 + i [31:0] $end
$scope begin Block51_3 $end
$var reg 32 , j [31:0] $end
$upscope $end
$upscope $end
$scope function identity_matrix $end
$upscope $end
$upscope $end
$scope begin Block115_5 $end
$var reg 32 - min_w [31:0] $end
$scope begin Block118_6 $end
$var reg 32 . m [31:0] $end
$scope begin Block118_7 $end
$var reg 32 / w [31:0] $end
$upscope $end
$upscope $end
$upscope $end
$scope begin Block136_8 $end
$var reg 32 0 m [31:0] $end
$upscope $end
$scope begin Block143_9 $end
$var reg 32 1 t [31:0] $end
$scope begin Block143_10 $end
$var reg 12 2 a [11:0] $end
$var reg 12 3 b [11:0] $end
$var reg 24 4 cw_a [23:0] $end
$var reg 24 5 cw_b [23:0] $end
$var reg 24 6 cw_ab [23:0] $end
$upscope $end
$upscope $end
$scope function build_reference_g $end
$upscope $end
$scope function popcount $end
$upscope $end
$scope function expected_codeword $end
$upscope $end
$scope task check $end
$upscope $end
$scope task check_encode $end
$upscope $end
$upscope $end
$enddefinitions $end

#0
$dumpvars
b0 !
b0 "
b0 #
b1 $
b100000000000111010101001010000000000111100011010001000000000111001110100000100000000100001111011000010000000001010111110000001000000010100111101000000100000011111001100000000010000110111010001000000001000101111100010000000000100001101010111000000000010010011100111000000000001100110001111 %
b0 &
b111010101001111100011010111001110100100001111011001010111110010100111101011111001100110111010001101111100010001101010111010011100111100110001111 '
b100000000000010000000000001000000000000100000000000010000000000001000000000000100000000000010000000000001000000000000100000000000010000000000001 (
b100000000000010000000000001000000000000100000000000010000000000001000000000000100000000000010000000000001000000000000100000000000010000000000001111010101001111100011010111001110100100001111011001010111110010100111101011111001100110111010001101111100010001101010111010011100111100110001111 )
b111010101001111100011010111001110100100001111011001010111110010100111101011111001100110111010001101111100010001101010111010011100111100110001111 *
b11000 +
b1100 ,
b1000 -
b1000000000000 .
b11000 /
b0 0
b0 1
bx 2
bx 3
bx 4
bx 5
bx 6
$end

#1000
b1 !
b10011100111100110001111 "
b10 $
b1 &
b11000 +
b1100 ,
b1 0

#2000
b10 !
b101111100010001101010111 "
b1 #
b11 $
b10 &
b11000 +
b1100 ,
b10 0

#3000
b11 !
b111100000101101011011000 "
b10 #
b100 $
b11 &
b11000 +
b1100 ,
b11 0

#4000
b100 !
b11111001100110111010001 "
b11 #
b101 $
b100 &
b11000 +
b1100 ,
b100 0

#5000
b101 !
b1100101011010001011110 "
b100 #
b110 $
b101 &
b11000 +
b1100 ,
b101 0

#6000
b110 !
b110000101110111010000110 "
b101 #
b111 $
b110 &
b11000 +
b1100 ,
b110 0

#7000
b111 !
b100011001001011100001001 "
b110 #
b1000 $
b111 &
b11000 +
b1100 ,
b111 0

#8000
b1000 !
b1010111110010100111101 "
b111 #
b1001 $
b1000 &
b11000 +
b1100 ,
b1000 0

#9000
b1001 !
b11001011001110010110010 "
b1000 #
b1010 $
b1001 &
b11000 +
b1100 ,
b1001 0

#10000
b1010 !
b100101011100011001101010 "
b1001 #
b1011 $
b1010 &
b11000 +
b1100 ,
b1010 0

#11000
b1011 !
b110110111011111111100101 "
b1010 #
b1100 $
b1011 &
b11000 +
b1100 ,
b1011 0

#12000
b1100 !
b10101110010100011101100 "
b1011 #
b1101 $
b1100 &
b11000 +
b1100 ,
b1100 0

#13000
b1101 !
b110010101000101100011 "
b1100 #
b1110 $
b1101 &
b11000 +
b1100 ,
b1101 0

#14000
b1110 !
b111010010000101110111011 "
b1101 #
b1111 $
b1110 &
b11000 +
b1100 ,
b1110 0

#15000
b1111 !
b101001110111001000110100 "
b1110 #
b10000 $
b1111 &
b11000 +
b1100 ,
b1111 0

#16000
b10000 !
b111001110100100001111011 "
b1111 #
b10001 $
b10000 &
b11000 +
b1100 ,
b10000 0

#17000
b10001 !
b101010010011000111110100 "
b10000 #
b10010 $
b10001 &
b11000 +
b1100 ,
b10001 0

#18000
b10010 !
b10110010110101100101100 "
b10001 #
b10011 $
b10010 &
b11000 +
b1100 ,
b10010 0

#19000
b10011 !
b101110001001010100011 "
b10010 #
b10100 $
b10011 &
b11000 +
b1100 ,
b10011 0

#20000
b10100 !
b100110111000010110101010 "
b10011 #
b10101 $
b10100 &
b11000 +
b1100 ,
b10100 0

#21000
b10101 !
b110101011111110000100101 "
b10100 #
b10110 $
b10101 &
b11000 +
b1100 ,
b10101 0

#22000
b10110 !
b1001011010011011111101 "
b10101 #
b10111 $
b10110 &
b11000 +
b1100 ,
b10110 0

#23000
b10111 !
b11010111101111101110010 "
b10110 #
b11000 $
b10111 &
b11000 +
b1100 ,
b10111 0

#24000
b11000 !
b110011001010110101000110 "
b10111 #
b11001 $
b11000 &
b11000 +
b1100 ,
b11000 0

#25000
b11001 !
b100000101101010011001001 "
b11000 #
b11010 $
b11001 &
b11000 +
b1100 ,
b11001 0

#26000
b11010 !
b11100101000111000010001 "
b11001 #
b11011 $
b11010 &
b11000 +
b1100 ,
b11010 0

#27000
b11011 !
b1111001111011110011110 "
b11010 #
b11100 $
b11011 &
b11000 +
b1100 ,
b11011 0

#28000
b11100 !
b101100000110000010010111 "
b11011 #
b11101 $
b11100 &
b11000 +
b1100 ,
b11100 0

#29000
b11101 !
b111111100001100100011000 "
b11100 #
b11110 $
b11101 &
b11000 +
b1100 ,
b11101 0

#30000
b11110 !
b11100100001111000000 "
b11101 #
b11111 $
b11110 &
b11000 +
b1100 ,
b11110 0

#31000
b11111 !
b10000000011101001001111 "
b11110 #
b100000 $
b11111 &
b11000 +
b1100 ,
b11111 0

#32000
b100000 !
b111010101001111100011010 "
b11111 #
b100001 $
b100000 &
b11000 +
b1100 ,
b100000 0

#33000
b100001 !
b101001001110011010010101 "
b100000 #
b100010 $
b100001 &
b11000 +
b1100 ,
b100001 0

#34000
b100010 !
b10101001011110001001101 "
b100001 #
b100011 $
b100010 &
b11000 +
b1100 ,
b100010 0

#35000
b100011 !
b110101100010111000010 "
b100010 #
b100100 $
b100011 &
b11000 +
b1100 ,
b100011 0

#36000
b100100 !
b100101100101001011001011 "
b100011 #
b100101 $
b100100 &
b11000 +
b1100 ,
b100100 0

#37000
b100101 !
b110110000010101101000100 "
b100100 #
b100110 $
b100101 &
b11000 +
b1100 ,
b100101 0

#38000
b100110 !
b1010000111000110011100 "
b100101 #
b100111 $
b100110 &
b11000 +
b1100 ,
b100110 0

#39000
b100111 !
b11001100000100000010011 "
b100110 #
b101000 $
b100111 &
b11000 +
b1100 ,
b100111 0

#40000
b101000 !
b110000010111101000100111 "
b100111 #
b101001 $
b101000 &
b11000 +
b1100 ,
b101000 0

#41000
b101001 !
b100011110000001110101000 "
b101000 #
b101010 $
b101001 &
b11000 +
b1100 ,
b101001 0

#42000
b101010 !
b11111110101100101110000 "
b101001 #
b101011 $
b101010 &
b11000 +
b1100 ,
b101010 0

#43000
b101011 !
b1100010010000011111111 "
b101010 #
b101100 $
b101011 &
b11000 +
b1100 ,
b101011 0

#44000
b101100 !
b101111011011011111110110 "
b101011 #
b101101 $
b101100 &
b11000 +
b1100 ,
b101100 0

#45000
b101101 !
b111100111100111001111001 "
b101100 #
b101110 $
b101101 &
b11000 +
b1100 ,
b101101 0

#46000
b101110 !
b111001010010100001 "
b101101 #
b101111 $
b101110 &
b11000 +
b1100 ,
b101110 0

#47000
b101111 !
b10011011110110100101110 "
b101110 #
b110000 $
b101111 &
b11000 +
b1100 ,
b101111 0

#48000
b110000 !
b11011101011101100001 "
b101111 #
b110001 $
b110000 &
b11000 +
b1100 ,
b110000 0

#49000
b110001 !
b10000111010111011101110 "
b110000 #
b110010 $
b110001 &
b11000 +
b1100 ,
b110001 0

#50000
b110010 !
b101100111111010000110110 "
b110001 #
b110011 $
b110010 &
b11000 +
b1100 ,
b110010 0

#51000
b110011 !
b111111011000110110111001 "
b110010 #
b110100 $
b110011 &
b11000 +
b1100 ,
b110011 0

#52000
b110100 !
b11100010001101010110000 "
b110011 #
b110101 $
b110100 &
b11000 +
b1100 ,
b110100 0

#53000
b110101 !
b1111110110001100111111 "
b110100 #
b110110 $
b110101 &
b11000 +
b1100 ,
b110101 0

#54000
b110110 !
b110011110011100111100111 "
b110101 #
b110111 $
b110110 &
b11000 +
b1100 ,
b110110 0

#55000
b110111 !
b100000010100000001101000 "
b110110 #
b111000 $
b110111 &
b11000 +
b1100 ,
b110111 0

#56000
b111000 !
b1001100011001001011100 "
b110111 #
b111001 $
b111000 &
b11000 +
b1100 ,
b111000 0

#57000
b111001 !
b11010000100101111010011 "
b111000 #
b111010 $
b111001 &
b11000 +
b1100 ,
b111001 0

#58000
b111010 !
b100110000001000100001011 "
b111001 #
b111011 $
b111010 &
b11000 +
b1100 ,
b111010 0

#59000
b111011 !
b110101100110100010000100 "
b111010 #
b111100 $
b111011 &
b11000 +
b1100 ,
b111011 0

#60000
b111100 !
b10110101111111110001101 "
b111011 #
b111101 $
b111100 &
b11000 +
b1100 ,
b111100 0

#61000
b111101 !
b101001000011000000010 "
b111100 #
b111110 $
b111101 &
b11000 +
b1100 ,
b111101 0

#62000
b111110 !
b111001001101110011011010 "
b111101 #
b111111 $
b111110 &
b11000 +
b1100 ,
b111110 0

#63000
b111111 !
b101010101010010101010101 "
b111110 #
b1000000 $
b111111 &
b11000 +
b1100 ,
b111111 0

#64000
b1000000 !
b10000000000001 "
b111111 #
b1000001 $
b1000000 &
b11000 +
b1100 ,
b1000000 0

#65000
b1000001 !
b10011100101100110001110 "
b1000000 #
b1000010 $
b1000001 &
b11000 +
b1100 ,
b1000001 0

#66000
b1000010 !
b101111100000001101010110 "
b1000001 #
b1000011 $
b1000010 &
b11000 +
b1100 ,
b1000010 0

#67000
b1000011 !
b111100000111101011011001 "
b1000010 #
b1000100 $
b1000011 &
b11000 +
b1100 ,
b1000011 0

#68000
b1000100 !
b11111001110110111010000 "
b1000011 #
b1000101 $
b1000100 &
b11000 +
b1100 ,
b1000100 0

#69000
b1000101 !
b1100101001010001011111 "
b1000100 #
b1000110 $
b1000101 &
b11000 +
b1100 ,
b1000101 0

#70000
b1000110 !
b110000101100111010000111 "
b1000101 #
b1000111 $
b1000110 &
b11000 +
b1100 ,
b1000110 0

#71000
b1000111 !
b100011001011011100001000 "
b1000110 #
b1001000 $
b1000111 &
b11000 +
b1100 ,
b1000111 0

#72000
b1001000 !
b1010111100010100111100 "
b1000111 #
b1001001 $
b1001000 &
b11000 +
b1100 ,
b1001000 0

#73000
b1001001 !
b11001011011110010110011 "
b1001000 #
b1001010 $
b1001001 &
b11000 +
b1100 ,
b1001001 0

#74000
b1001010 !
b100101011110011001101011 "
b1001001 #
b1001011 $
b1001010 &
b11000 +
b1100 ,
b1001010 0

#75000
b1001011 !
b110110111001111111100100 "
b1001010 #
b1001100 $
b1001011 &
b11000 +
b1100 ,
b1001011 0

#76000
b1001100 !
b10101110000100011101101 "
b1001011 #
b1001101 $
b1001100 &
b11000 +
b1100 ,
b1001100 0

#77000
b1001101 !
b110010111000101100010 "
b1001100 #
b1001110 $
b1001101 &
b11000 +
b1100 ,
b1001101 0

#78000
b1001110 !
b111010010010101110111010 "
b1001101 #
b1001111 $
b1001110 &
b11000 +
b1100 ,
b1001110 0

#79000
b1001111 !
b101001110101001000110101 "
b1001110 #
b1010000 $
b1001111 &
b11000 +
b1100 ,
b1001111 0

#80000
b1010000 !
b111001110110100001111010 "
b1001111 #
b1010001 $
b1010000 &
b11000 +
b1100 ,
b1010000 0

#81000
b1010001 !
b101010010001000111110101 "
b1010000 #
b1010010 $
b1010001 &
b11000 +
b1100 ,
b1010001 0

#82000
b1010010 !
b10110010100101100101101 "
b1010001 #
b1010011 $
b1010010 &
b11000 +
b1100 ,
b1010010 0

#83000
b1010011 !
b101110011001010100010 "
b1010010 #
b1010100 $
b1010011 &
b11000 +
b1100 ,
b1010011 0

#84000
b1010100 !
b100110111010010110101011 "
b1010011 #
b1010101 $
b1010100 &
b11000 +
b1100 ,
b1010100 0

#85000
b1010101 !
b110101011101110000100100 "
b1010100 #
b1010110 $
b1010101 &
b11000 +
b1100 ,
b1010101 0

#86000
b1010110 !
b1001011000011011111100 "
b1010101 #
b1010111 $
b1010110 &
b11000 +
b1100 ,
b1010110 0

#87000
b1010111 !
b11010111111111101110011 "
b1010110 #
b1011000 $
b1010111 &
b11000 +
b1100 ,
b1010111 0

#88000
b1011000 !
b110011001000110101000111 "
b1010111 #
b1011001 $
b1011000 &
b11000 +
b1100 ,
b1011000 0

#89000
b1011001 !
b100000101111010011001000 "
b1011000 #
b1011010 $
b1011001 &
b11000 +
b1100 ,
b1011001 0

#90000
b1011010 !
b11100101010111000010000 "
b1011001 #
b1011011 $
b1011010 &
b11000 +
b1100 ,
b1011010 0

#91000
b1011011 !
b1111001101011110011111 "
b1011010 #
b1011100 $
b1011011 &
b11000 +
b1100 ,
b1011011 0

#92000
b1011100 !
b101100000100000010010110 "
b1011011 #
b1011101 $
b1011100 &
b11000 +
b1100 ,
b1011100 0

#93000
b1011101 !
b111111100011100100011001 "
b1011100 #
b1011110 $
b1011101 &
b11000 +
b1100 ,
b1011101 0

#94000
b1011110 !
b11100110001111000001 "
b1011101 #
b1011111 $
b1011110 &
b11000 +
b1100 ,
b1011110 0

#95000
b1011111 !
b10000000001101001001110 "
b1011110 #
b1100000 $
b1011111 &
b11000 +
b1100 ,
b1011111 0

#96000
b1100000 !
b111010101011111100011011 "
b1011111 #
b1100001 $
b1100000 &
b11000 +
b1100 ,
b1100000 0

#97000
b1100001 !
b101001001100011010010100 "
b1100000 #
b1100010 $
b1100001 &
b11000 +
b1100 ,
b1100001 0

#98000
b1100010 !
b10101001001110001001100 "
b1100001 #
b1100011 $
b1100010 &
b11000 +
b1100 ,
b1100010 0

#99000
b1100011 !
b110101110010111000011 "
b1100010 #
b1100100 $
b1100011 &
b11000 +
b1100 ,
b1100011 0

#100000
b1100100 !
b100101100111001011001010 "
b1100011 #
b1100101 $
b1100100 &
b11000 +
b1100 ,
b1100100 0

#101000
b1100101 !
b110110000000101101000101 "
b1100100 #
b1100110 $
b1100101 &
b11000 +
b1100 ,
b1100101 0

#102000
b1100110 !
b1010000101000110011101 "
b1100101 #
b1100111 $
b1100110 &
b11000 +
b1100 ,
b1100110 0

#103000
b1100111 !
b11001100010100000010010 "
b1100110 #
b1101000 $
b1100111 &
b11000 +
b1100 ,
b1100111 0

#104000
b1101000 !
b110000010101101000100110 "
b1100111 #
b1101001 $
b1101000 &
b11000 +
b1100 ,
b1101000 0

#105000
b1101001 !
b100011110010001110101001 "
b1101000 #
b1101010 $
b1101001 &
b11000 +
b1100 ,
b1101001 0

#106000
b1101010 !
b11111110111100101110001 "
b1101001 #
b1101011 $
b1101010 &
b11000 +
b1100 ,
b1101010 0

#107000
b1101011 !
b1100010000000011111110 "
b1101010 #
b1101100 $
b1101011 &
b11000 +
b1100 ,
b1101011 0

#108000
b1101100 !
b101111011001011111110111 "
b1101011 #
b1101101 $
b1101100 &
b11000 +
b1100 ,
b1101100 0

#109000
b1101101 !
b111100111110111001111000 "
b1101100 #
b1101110 $
b1101101 &
b11000 +
b1100 ,
b1101101 0

#110000
b1101110 !
b111011010010100000 "
b1101101 #
b1101111 $
b1101110 &
b11000 +
b1100 ,
b1101110 0

#111000
b1101111 !
b10011011100110100101111 "
b1101110 #
b1110000 $
b1101111 &
b11000 +
b1100 ,
b1101111 0

#112000
b1110000 !
b11011111011101100000 "
b1101111 #
b1110001 $
b1110000 &
b11000 +
b1100 ,
b1110000 0

#113000
b1110001 !
b10000111000111011101111 "
b1110000 #
b1110010 $
b1110001 &
b11000 +
b1100 ,
b1110001 0

#114000
b1110010 !
b101100111101010000110111 "
b1110001 #
b1110011 $
b1110010 &
b11000 +
b1100 ,
b1110010 0

#115000
b1110011 !
b111111011010110110111000 "
b1110010 #
b1110100 $
b1110011 &
b11000 +
b1100 ,
b1110011 0

#116000
b1110100 !
b11100010011101010110001 "
b1110011 #
b1110101 $
b1110100 &
b11000 +
b1100 ,
b1110100 0

#117000
b1110101 !
b1111110100001100111110 "
b1110100 #
b1110110 $
b1110101 &
b11000 +
b1100 ,
b1110101 0

#118000
b1110110 !
b110011110001100111100110 "
b1110101 #
b1110111 $
b1110110 &
b11000 +
b1100 ,
b1110110 0

#119000
b1110111 !
b100000010110000001101001 "
b1110110 #
b1111000 $
b1110111 &
b11000 +
b1100 ,
b1110111 0

#120000
b1111000 !
b1001100001001001011101 "
b1110111 #
b1111001 $
b1111000 &
b11000 +
b1100 ,
b1111000 0

#121000
b1111001 !
b11010000110101111010010 "
b1111000 #
b1111010 $
b1111001 &
b11000 +
b1100 ,
b1111001 0

#122000
b1111010 !
b100110000011000100001010 "
b1111001 #
b1111011 $
b1111010 &
b11000 +
b1100 ,
b1111010 0

#123000
b1111011 !
b110101100100100010000101 "
b1111010 #
b1111100 $
b1111011 &
b11000 +
b1100 ,
b1111011 0

#124000
b1111100 !
b10110101101111110001100 "
b1111011 #
b1111101 $
b1111100 &
b11000 +
b1100 ,
b1111100 0

#125000
b1111101 !
b101001010011000000011 "
b1111100 #
b1111110 $
b1111101 &
b11000 +
b1100 ,
b1111101 0

#126000
b1111110 !
b111001001111110011011011 "
b1111101 #
b1111111 $
b1111110 &
b11000 +
b1100 ,
b1111110 0

#127000
b1111111 !
b101010101000010101010100 "
b1111110 #
b10000000 $
b1111111 &
b11000 +
b1100 ,
b1111111 0

#128000
b10000000 !
b1000000000000100 "
b1111111 #
b10000001 $
b10000000 &
b11000 +
b1100 ,
b10000000 0

#129000
b10000001 !
b10011101111100110001011 "
b10000000 #
b10000010 $
b10000001 &
b11000 +
b1100 ,
b10000001 0

#130000
b10000010 !
b101111101010001101010011 "
b10000001 #
b10000011 $
b10000010 &
b11000 +
b1100 ,
b10000010 0

#131000
b10000011 !
b111100001101101011011100 "
b10000010 #
b10000100 $
b10000011 &
b11000 +
b1100 ,
b10000011 0

#132000
b10000100 !
b11111000100110111010101 "
b10000011 #
b10000101 $
b10000100 &
b11000 +
b1100 ,
b10000100 0

#133000
b10000101 !
b1100100011010001011010 "
b10000100 #
b10000110 $
b10000101 &
b11000 +
b1100 ,
b10000101 0

#134000
b10000110 !
b110000100110111010000010 "
b10000101 #
b10000111 $
b10000110 &
b11000 +
b1100 ,
b10000110 0

#135000
b10000111 !
b100011000001011100001101 "
b10000110 #
b10001000 $
b10000111 &
b11000 +
b1100 ,
b10000111 0

#136000
b10001000 !
b1010110110010100111001 "
b10000111 #
b10001001 $
b10001000 &
b11000 +
b1100 ,
b10001000 0

#137000
b10001001 !
b11001010001110010110110 "
b10001000 #
b10001010 $
b10001001 &
b11000 +
b1100 ,
b10001001 0

#138000
b10001010 !
b100101010100011001101110 "
b10001001 #
b10001011 $
b10001010 &
b11000 +
b1100 ,
b10001010 0

#139000
b10001011 !
b110110110011111111100001 "
b10001010 #
b10001100 $
b10001011 &
b11000 +
b1100 ,
b10001011 0

#140000
b10001100 !
b10101111010100011101000 "
b10001011 #
b10001101 $
b10001100 &
b11000 +
b1100 ,
b10001100 0

#141000
b10001101 !
b110011101000101100111 "
b10001100 #
b10001110 $
b10001101 &
b11000 +
b1100 ,
b10001101 0

#142000
b10001110 !
b111010011000101110111111 "
b10001101 #
b10001111 $
b10001110 &
b11000 +
b1100 ,
b10001110 0

#143000
b10001111 !
b101001111111001000110000 "
b10001110 #
b10010000 $
b10001111 &
b11000 +
b1100 ,
b10001111 0

#144000
b10010000 !
b111001111100100001111111 "
b10001111 #
b10010001 $
b10010000 &
b11000 +
b1100 ,
b10010000 0

#145000
b10010001 !
b101010011011000111110000 "
b10010000 #
b10010010 $
b10010001 &
b11000 +
b1100 ,
b10010001 0

#146000
b10010010 !
b10110011110101100101000 "
b10010001 #
b10010011 $
b10010010 &
b11000 +
b1100 ,
b10010010 0

#147000
b10010011 !
b101111001001010100111 "
b10010010 #
b10010100 $
b10010011 &
b11000 +
b1100 ,
b10010011 0

#148000
b10010100 !
b100110110000010110101110 "
b10010011 #
b10010101 $
b10010100 &
b11000 +
b1100 ,
b10010100 0

#149000
b10010101 !
b110101010111110000100001 "
b10010100 #
b10010110 $
b10010101 &
b11000 +
b1100 ,
b10010101 0

#150000
b10010110 !
b1001010010011011111001 "
b10010101 #
b10010111 $
b10010110 &
b11000 +
b1100 ,
b10010110 0

#151000
b10010111 !
b11010110101111101110110 "
b10010110 #
b10011000 $
b10010111 &
b11000 +
b1100 ,
b10010111 0

#152000
b10011000 !
b110011000010110101000010 "
b10010111 #
b10011001 $
b10011000 &
b11000 +
b1100 ,
b10011000 0

#153000
b10011001 !
b100000100101010011001101 "
b10011000 #
b10011010 $
b10011001 &
b11000 +
b1100 ,
b10011001 0

#154000
b10011010 !
b11100100000111000010101 "
b10011001 #
b10011011 $
b10011010 &
b11000 +
b1100 ,
b10011010 0

#155000
b10011011 !
b1111000111011110011010 "
b10011010 #
b10011100 $
b10011011 &
b11000 +
b1100 ,
b10011011 0

#156000
b10011100 !
b101100001110000010010011 "
b10011011 #
b10011101 $
b10011100 &
b11000 +
b1100 ,
b10011100 0

#157000
b10011101 !
b111111101001100100011100 "
b10011100 #
b10011110 $
b10011101 &
b11000 +
b1100 ,
b10011101 0

#158000
b10011110 !
b11101100001111000100 "
b10011101 #
b10011111 $
b10011110 &
b11000 +
b1100 ,
b10011110 0

#159000
b10011111 !
b10000001011101001001011 "
b10011110 #
b10100000 $
b10011111 &
b11000 +
b1100 ,
b10011111 0

#160000
b10100000 !
b111010100001111100011110 "
b10011111 #
b10100001 $
b10100000 &
b11000 +
b1100 ,
b10100000 0

#161000
b10100001 !
b101001000110011010010001 "
b10100000 #
b10100010 $
b10100001 &
b11000 +
b1100 ,
b10100001 0

#162000
b10100010 !
b10101000011110001001001 "
b10100001 #
b10100011 $
b10100010 &
b11000 +
b1100 ,
b10100010 0

#163000
b10100011 !
b110100100010111000110 "
b10100010 #
b10100100 $
b10100011 &
b11000 +
b1100 ,
b10100011 0

#164000
b10100100 !
b100101101101001011001111 "
b10100011 #
b10100101 $
b10100100 &
b11000 +
b1100 ,
b10100100 0

#165000
b10100101 !
b110110001010101101000000 "
b10100100 #
b10100110 $
b10100101 &
b11000 +
b1100 ,
b10100101 0

#166000
b10100110 !
b1010001111000110011000 "
b10100101 #
b10100111 $
b10100110 &
b11000 +
b1100 ,
b10100110 0

#167000
b10100111 !
b11001101000100000010111 "
b10100110 #
b10101000 $
b10100111 &
b11000 +
b1100 ,
b10100111 0

#168000
b10101000 !
b110000011111101000100011 "
b10100111 #
b10101001 $
b10101000 &
b11000 +
b1100 ,
b10101000 0

#169000
b10101001 !
b100011111000001110101100 "
b10101000 #
b10101010 $
b10101001 &
b11000 +
b1100 ,
b10101001 0

#170000
b10101010 !
b11111111101100101110100 "
b10101001 #
b10101011 $
b10101010 &
b11000 +
b1100 ,
b10101010 0

#171000
b10101011 !
b1100011010000011111011 "
b10101010 #
b10101100 $
b10101011 &
b11000 +
b1100 ,
b10101011 0

#172000
b10101100 !
b101111010011011111110010 "
b10101011 #
b10101101 $
b10101100 &
b11000 +
b1100 ,
b10101100 0

#173000
b10101101 !
b111100110100111001111101 "
b10101100 #
b10101110 $
b10101101 &
b11000 +
b1100 ,
b10101101 0

#174000
b10101110 !
b110001010010100101 "
b10101101 #
b10101111 $
b10101110 &
b11000 +
b1100 ,
b10101110 0

#175000
b10101111 !
b10011010110110100101010 "
b10101110 #
b10110000 $
b10101111 &
b11000 +
b1100 ,
b10101111 0

#176000
b10110000 !
b11010101011101100101 "
b10101111 #
b10110001 $
b10110000 &
b11000 +
b1100 ,
b10110000 0

#177000
b10110001 !
b10000110010111011101010 "
b10110000 #
b10110010 $
b10110001 &
b11000 +
b1100 ,
b10110001 0

#178000
b10110010 !
b101100110111010000110010 "
b10110001 #
b10110011 $
b10110010 &
b11000 +
b1100 ,
b10110010 0

#179000
b10110011 !
b111111010000110110111101 "
b10110010 #
b10110100 $
b10110011 &
b11000 +
b1100 ,
b10110011 0

#180000
b10110100 !
b11100011001101010110100 "
b10110011 #
b10110101 $
b10110100 &
b11000 +
b1100 ,
b10110100 0

#181000
b10110101 !
b1111111110001100111011 "
b10110100 #
b10110110 $
b10110101 &
b11000 +
b1100 ,
b10110101 0

#182000
b10110110 !
b110011111011100111100011 "
b10110101 #
b10110111 $
b10110110 &
b11000 +
b1100 ,
b10110110 0

#183000
b10110111 !
b100000011100000001101100 "
b10110110 #
b10111000 $
b10110111 &
b11000 +
b1100 ,
b10110111 0

#184000
b10111000 !
b1001101011001001011000 "
b10110111 #
b10111001 $
b10111000 &
b11000 +
b1100 ,
b10111000 0

#185000
b10111001 !
b11010001100101111010111 "
b10111000 #
b10111010 $
b10111001 &
b11000 +
b1100 ,
b10111001 0

#186000
b10111010 !
b100110001001000100001111 "
b10111001 #
b10111011 $
b10111010 &
b11000 +
b1100 ,
b10111010 0

#187000
b10111011 !
b110101101110100010000000 "
b10111010 #
b10111100 $
b10111011 &
b11000 +
b1100 ,
b10111011 0

#188000
b10111100 !
b10110100111111110001001 "
b10111011 #
b10111101 $
b10111100 &
b11000 +
b1100 ,
b10111100 0

#189000
b10111101 !
b101000000011000000110 "
b10111100 #
b10111110 $
b10111101 &
b11000 +
b1100 ,
b10111101 0

#190000
b10111110 !
b111001000101110011011110 "
b10111101 #
b10111111 $
b10111110 &
b11000 +
b1100 ,
b10111110 0

#191000
b10111111 !
b101010100010010101010001 "
b10111110 #
b11000000 $
b10111111 &
b11000 +
b1100 ,
b10111111 0

#192000
b11000000 !
b1010000000000101 "
b10111111 #
b11000001 $
b11000000 &
b11000 +
b1100 ,
b11000000 0

#193000
b11000001 !
b10011101101100110001010 "
b11000000 #
b11000010 $
b11000001 &
b11000 +
b1100 ,
b11000001 0

#194000
b11000010 !
b101111101000001101010010 "
b11000001 #
b11000011 $
b11000010 &
b11000 +
b1100 ,
b11000010 0

#195000
b11000011 !
b111100001111101011011101 "
b11000010 #
b11000100 $
b11000011 &
b11000 +
b1100 ,
b11000011 0

#196000
b11000100 !
b11111000110110111010100 "
b11000011 #
b11000101 $
b11000100 &
b11000 +
b1100 ,
b11000100 0

#197000
b11000101 !
b1100100001010001011011 "
b11000100 #
b11000110 $
b11000101 &
b11000 +
b1100 ,
b11000101 0

#198000
b11000110 !
b110000100100111010000011 "
b11000101 #
b11000111 $
b11000110 &
b11000 +
b1100 ,
b11000110 0

#199000
b11000111 !
b100011000011011100001100 "
b11000110 #
b11001000 $
b11000111 &
b11000 +
b1100 ,
b11000111 0

#200000
b11001000 !
b1010110100010100111000 "
b11000111 #
b11001001 $
b11001000 &
b11000 +
b1100 ,
b11001000 0

#201000
b11001001 !
b11001010011110010110111 "
b11001000 #
b11001010 $
b11001001 &
b11000 +
b1100 ,
b11001001 0

#202000
b11001010 !
b100101010110011001101111 "
b11001001 #
b11001011 $
b11001010 &
b11000 +
b1100 ,
b11001010 0

#203000
b11001011 !
b110110110001111111100000 "
b11001010 #
b11001100 $
b11001011 &
b11000 +
b1100 ,
b11001011 0

#204000
b11001100 !
b10101111000100011101001 "
b11001011 #
b11001101 $
b11001100 &
b11000 +
b1100 ,
b11001100 0

#205000
b11001101 !
b110011111000101100110 "
b11001100 #
b11001110 $
b11001101 &
b11000 +
b1100 ,
b11001101 0

#206000
b11001110 !
b111010011010101110111110 "
b11001101 #
b11001111 $
b11001110 &
b11000 +
b1100 ,
b11001110 0

#207000
b11001111 !
b101001111101001000110001 "
b11001110 #
b11010000 $
b11001111 &
b11000 +
b1100 ,
b11001111 0

#208000
b11010000 !
b111001111110100001111110 "
b11001111 #
b11010001 $
b11010000 &
b11000 +
b1100 ,
b11010000 0

#209000
b11010001 !
b101010011001000111110001 "
b11010000 #
b11010010 $
b11010001 &
b11000 +
b1100 ,
b11010001 0

#210000
b11010010 !
b10110011100101100101001 "
b11010001 #
b11010011 $
b11010010 &
b11000 +
b1100 ,
b11010010 0

#211000
b11010011 !
b101111011001010100110 "
b11010010 #
b11010100 $
b11010011 &
b11000 +
b1100 ,
b11010011 0

#212000
b11010100 !
b100110110010010110101111 "
b11010011 #
b11010101 $
b11010100 &
b11000 +
b1100 ,
b11010100 0

#213000
b11010101 !
b110101010101110000100000 "
b11010100 #
b11010110 $
b11010101 &
b11000 +
b1100 ,
b11010101 0

#214000
b11010110 !
b1001010000011011111000 "
b11010101 #
b11010111 $
b11010110 &
b11000 +
b1100 ,
b11010110 0

#215000
b11010111 !
b11010110111111101110111 "
b11010110 #
b11011000 $
b11010111 &
b11000 +
b1100 ,
b11010111 0

#216000
b11011000 !
b110011000000110101000011 "
b11010111 #
b11011001 $
b11011000 &
b11000 +
b1100 ,
b11011000 0

#217000
b11011001 !
b100000100111010011001100 "
b11011000 #
b11011010 $
b11011001 &
b11000 +
b1100 ,
b11011001 0

#218000
b11011010 !
b11100100010111000010100 "
b11011001 #
b11011011 $
b11011010 &
b11000 +
b1100 ,
b11011010 0

#219000
b11011011 !
b1111000101011110011011 "
b11011010 #
b11011100 $
b11011011 &
b11000 +
b1100 ,
b11011011 0

#220000
b11011100 !
b101100001100000010010010 "
b11011011 #
b11011101 $
b11011100 &
b11000 +
b1100 ,
b11011100 0

#221000
b11011101 !
b111111101011100100011101 "
b11011100 #
b11011110 $
b11011101 &
b11000 +
b1100 ,
b11011101 0

#222000
b11011110 !
b11101110001111000101 "
b11011101 #
b11011111 $
b11011110 &
b11000 +
b1100 ,
b11011110 0

#223000
b11011111 !
b10000001001101001001010 "
b11011110 #
b11100000 $
b11011111 &
b11000 +
b1100 ,
b11011111 0

#224000
b11100000 !
b111010100011111100011111 "
b11011111 #
b11100001 $
b11100000 &
b11000 +
b1100 ,
b11100000 0

#225000
b11100001 !
b101001000100011010010000 "
b11100000 #
b11100010 $
b11100001 &
b11000 +
b1100 ,
b11100001 0

#226000
b11100010 !
b10101000001110001001000 "
b11100001 #
b11100011 $
b11100010 &
b11000 +
b1100 ,
b11100010 0

#227000
b11100011 !
b110100110010111000111 "
b11100010 #
b11100100 $
b11100011 &
b11000 +
b1100 ,
b11100011 0

#228000
b11100100 !
b100101101111001011001110 "
b11100011 #
b11100101 $
b11100100 &
b11000 +
b1100 ,
b11100100 0

#229000
b11100101 !
b110110001000101101000001 "
b11100100 #
b11100110 $
b11100101 &
b11000 +
b1100 ,
b11100101 0

#230000
b11100110 !
b1010001101000110011001 "
b11100101 #
b11100111 $
b11100110 &
b11000 +
b1100 ,
b11100110 0

#231000
b11100111 !
b11001101010100000010110 "
b11100110 #
b11101000 $
b11100111 &
b11000 +
b1100 ,
b11100111 0

#232000
b11101000 !
b110000011101101000100010 "
b11100111 #
b11101001 $
b11101000 &
b11000 +
b1100 ,
b11101000 0

#233000
b11101001 !
b100011111010001110101101 "
b11101000 #
b11101010 $
b11101001 &
b11000 +
b1100 ,
b11101001 0

#234000
b11101010 !
b11111111111100101110101 "
b11101001 #
b11101011 $
b11101010 &
b11000 +
b1100 ,
b11101010 0

#235000
b11101011 !
b1100011000000011111010 "
b11101010 #
b11101100 $
b11101011 &
b11000 +
b1100 ,
b11101011 0

#236000
b11101100 !
b101111010001011111110011 "
b11101011 #
b11101101 $
b11101100 &
b11000 +
b1100 ,
b11101100 0

#237000
b11101101 !
b111100110110111001111100 "
b11101100 #
b11101110 $
b11101101 &
b11000 +
b1100 ,
b11101101 0

#238000
b11101110 !
b110011010010100100 "
b11101101 #
b11101111 $
b11101110 &
b11000 +
b1100 ,
b11101110 0

#239000
b11101111 !
b10011010100110100101011 "
b11101110 #
b11110000 $
b11101111 &
b11000 +
b1100 ,
b11101111 0

#240000
b11110000 !
b11010111011101100100 "
b11101111 #
b11110001 $
b11110000 &
b11000 +
b1100 ,
b11110000 0

#241000
b11110001 !
b10000110000111011101011 "
b11110000 #
b11110010 $
b11110001 &
b11000 +
b1100 ,
b11110001 0

#242000
b11110010 !
b101100110101010000110011 "
b11110001 #
b11110011 $
b11110010 &
b11000 +
b1100 ,
b11110010 0

#243000
b11110011 !
b111111010010110110111100 "
b11110010 #
b11110100 $
b11110011 &
b11000 +
b1100 ,
b11110011 0

#244000
b11110100 !
b11100011011101010110101 "
b11110011 #
b11110101 $
b11110100 &
b11000 +
b1100 ,
b11110100 0

#245000
b11110101 !
b1111111100001100111010 "
b11110100 #
b11110110 $
b11110101 &
b11000 +
b1100 ,
b11110101 0

#246000
b11110110 !
b110011111001100111100010 "
b11110101 #
b11110111 $
b11110110 &
b11000 +
b1100 ,
b11110110 0

#247000
b11110111 !
b100000011110000001101101 "
b11110110 #
b11111000 $
b11110111 &
b11000 +
b1100 ,
b11110111 0

#248000
b11111000 !
b1001101001001001011001 "
b11110111 #
b11111001 $
b11111000 &
b11000 +
b1100 ,
b11111000 0

#249000
b11111001 !
b11010001110101111010110 "
b11111000 #
b11111010 $
b11111001 &
b11000 +
b1100 ,
b11111001 0

#250000
b11111010 !
b100110001011000100001110 "
b11111001 #
b11111011 $
b11111010 &
b11000 +
b1100 ,
b11111010 0

#251000
b11111011 !
b110101101100100010000001 "
b11111010 #
b11111100 $
b11111011 &
b11000 +
b1100 ,
b11111011 0

#252000
b11111100 !
b10110100101111110001000 "
b11111011 #
b11111101 $
b11111100 &
b11000 +
b1100 ,
b11111100 0

#253000
b11111101 !
b101000010011000000111 "
b11111100 #
b11111110 $
b11111101 &
b11000 +
b1100 ,
b11111101 0

#254000
b11111110 !
b111001000111110011011111 "
b11111101 #
b11111111 $
b11111110 &
b11000 +
b1100 ,
b11111110 0

#255000
b11111111 !
b101010100000010101010000 "
b11111110 #
b100000000 $
b11111111 &
b11000 +
b1100 ,
b11111111 0

#256000
b100000000 !
b100000000000010000 "
b11111111 #
b100000001 $
b100000000 &
b11000 +
b1100 ,
b100000000 0

#257000
b100000001 !
b10011000111100110011111 "
b100000000 #
b100000010 $
b100000001 &
b11000 +
b1100 ,
b100000001 0

#258000
b100000010 !
b101111000010001101000111 "
b100000001 #
b100000011 $
b100000010 &
b11000 +
b1100 ,
b100000010 0

#259000
b100000011 !
b111100100101101011001000 "
b100000010 #
b100000100 $
b100000011 &
b11000 +
b1100 ,
b100000011 0

#260000
b100000100 !
b11111101100110111000001 "
b100000011 #
b100000101 $
b100000100 &
b11000 +
b1100 ,
b100000100 0

#261000
b100000101 !
b1100001011010001001110 "
b100000100 #
b100000110 $
b100000101 &
b11000 +
b1100 ,
b100000101 0

#262000
b100000110 !
b110000001110111010010110 "
b100000101 #
b100000111 $
b100000110 &
b11000 +
b1100 ,
b100000110 0

#263000
b100000111 !
b100011101001011100011001 "
b100000110 #
b100001000 $
b100000111 &
b11000 +
b1100 ,
b100000111 0

#264000
b100001000 !
b1010011110010100101101 "
b100000111 #
b100001001 $
b100001000 &
b11000 +
b1100 ,
b100001000 0

#265000
b100001001 !
b11001111001110010100010 "
b100001000 #
b100001010 $
b100001001 &
b11000 +
b1100 ,
b100001001 0

#266000
b100001010 !
b100101111100011001111010 "
b100001001 #
b100001011 $
b100001010 &
b11000 +
b1100 ,
b100001010 0

#267000
b100001011 !
b110110011011111111110101 "
b100001010 #
b100001100 $
b100001011 &
b11000 +
b1100 ,
b100001011 0

#268000
b100001100 !
b10101010010100011111100 "
b100001011 #
b100001101 $
b100001100 &
b11000 +
b1100 ,
b100001100 0

#269000
b100001101 !
b110110101000101110011 "
b100001100 #
b100001110 $
b100001101 &
b11000 +
b1100 ,
b100001101 0

#270000
b100001110 !
b111010110000101110101011 "
b100001101 #
b100001111 $
b100001110 &
b11000 +
b1100 ,
b100001110 0

#271000
b100001111 !
b101001010111001000100100 "
b100001110 #
b100010000 $
b100001111 &
b11000 +
b1100 ,
b100001111 0

#272000
b100010000 !
b111001010100100001101011 "
b100001111 #
b100010001 $
b100010000 &
b11000 +
b1100 ,
b100010000 0

#273000
b100010001 !
b101010110011000111100100 "
b100010000 #
b100010010 $
b100010001 &
b11000 +
b1100 ,
b100010001 0

#274000
b100010010 !
b10110110110101100111100 "
b100010001 #
b100010011 $
b100010010 &
b11000 +
b1100 ,
b100010010 0

#275000
b100010011 !
b101010001001010110011 "
b100010010 #
b100010100 $
b100010011 &
b11000 +
b1100 ,
b100010011 0

#276000
b100010100 !
b100110011000010110111010 "
b100010011 #
b100010101 $
b100010100 &
b11000 +
b1100 ,
b100010100 0

#277000
b100010101 !
b110101111111110000110101 "
b100010100 #
b100010110 $
b100010101 &
b11000 +
b1100 ,
b100010101 0

#278000
b100010110 !
b1001111010011011101101 "
b100010101 #
b100010111 $
b100010110 &
b11000 +
b1100 ,
b100010110 0

#279000
b100010111 !
b11010011101111101100010 "
b100010110 #
b100011000 $
b100010111 &
b11000 +
b1100 ,
b100010111 0

#280000
b100011000 !
b110011101010110101010110 "
b100010111 #
b100011001 $
b100011000 &
b11000 +
b1100 ,
b100011000 0

#281000
b100011001 !
b100000001101010011011001 "
b100011000 #
b100011010 $
b100011001 &
b11000 +
b1100 ,
b100011001 0

#282000
b100011010 !
b11100001000111000000001 "
b100011001 #
b100011011 $
b100011010 &
b11000 +
b1100 ,
b100011010 0

#283000
b100011011 !
b1111101111011110001110 "
b100011010 #
b100011100 $
b100011011 &
b11000 +
b1100 ,
b100011011 0

#284000
b100011100 !
b101100100110000010000111 "
b100011011 #
b100011101 $
b100011100 &
b11000 +
b1100 ,
b100011100 0

#285000
b100011101 !
b111111000001100100001000 "
b100011100 #
b100011110 $
b100011101 &
b11000 +
b1100 ,
b100011101 0

#286000
b100011110 !
b11000100001111010000 "
b100011101 #
b100011111 $
b100011110 &
b11000 +
b1100 ,
b100011110 0

#287000
b100011111 !
b10000100011101001011111 "
b100011110 #
b100100000 $
b100011111 &
b11000 +
b1100 ,
b100011111 0

#288000
b100100000 !
b111010001001111100001010 "
b100011111 #
b100100001 $
b100100000 &
b11000 +
b1100 ,
b100100000 0

#289000
b100100001 !
b101001101110011010000101 "
b100100000 #
b100100010 $
b100100001 &
b11000 +
b1100 ,
b100100001 0

#290000
b100100010 !
b10101101011110001011101 "
b100100001 #
b100100011 $
b100100010 &
b11000 +
b1100 ,
b100100010 0

#291000
b100100011 !
b110001100010111010010 "
b100100010 #
b100100100 $
b100100011 &
b11000 +
b1100 ,
b100100011 0

#292000
b100100100 !
b100101000101001011011011 "
b100100011 #
b100100101 $
b100100100 &
b11000 +
b1100 ,
b100100100 0

#293000
b100100101 !
b110110100010101101010100 "
b100100100 #
b100100110 $
b100100101 &
b11000 +
b1100 ,
b100100101 0

#294000
b100100110 !
b1010100111000110001100 "
b100100101 #
b100100111 $
b100100110 &
b11000 +
b1100 ,
b100100110 0

#295000
b100100111 !
b11001000000100000000011 "
b100100110 #
b100101000 $
b100100111 &
b11000 +
b1100 ,
b100100111 0

#296000
b100101000 !
b110000110111101000110111 "
b100100111 #
b100101001 $
b100101000 &
b11000 +
b1100 ,
b100101000 0

#297000
b100101001 !
b100011010000001110111000 "
b100101000 #
b100101010 $
b100101001 &
b11000 +
b1100 ,
b100101001 0

#298000
b100101010 !
b11111010101100101100000 "
b100101001 #
b100101011 $
b100101010 &
b11000 +
b1100 ,
b100101010 0

#299000
b100101011 !
b1100110010000011101111 "
b100101010 #
b100101100 $
b100101011 &
b11000 +
b1100 ,
b100101011 0

#300000
b100101100 !
b101111111011011111100110 "
b100101011 #
b100101101 $
b100101100 &
b11000 +
b1100 ,
b100101100 0

#301000
b100101101 !
b111100011100111001101001 "
b100101100 #
b100101110 $
b100101101 &
b11000 +
b1100 ,
b100101101 0

#302000
b100101110 !
b11001010010110001 "
b100101101 #
b100101111 $
b100101110 &
b11000 +
b1100 ,
b100101110 0

#303000
b100101111 !
b10011111110110100111110 "
b100101110 #
b100110000 $
b100101111 &
b11000 +
b1100 ,
b100101111 0

#304000
b100110000 !
b11111101011101110001 "
b100101111 #
b100110001 $
b100110000 &
b11000 +
b1100 ,
b100110000 0

#305000
b100110001 !
b10000011010111011111110 "
b100110000 #
b100110010 $
b100110001 &
b11000 +
b1100 ,
b100110001 0

#306000
b100110010 !
b101100011111010000100110 "
b100110001 #
b100110011 $
b100110010 &
b11000 +
b1100 ,
b100110010 0

#307000
b100110011 !
b111111111000110110101001 "
b100110010 #
b100110100 $
b100110011 &
b11000 +
b1100 ,
b100110011 0

#308000
b100110100 !
b11100110001101010100000 "
b100110011 #
b100110101 $
b100110100 &
b11000 +
b1100 ,
b100110100 0

#309000
b100110101 !
b1111010110001100101111 "
b100110100 #
b100110110 $
b100110101 &
b11000 +
b1100 ,
b100110101 0

#310000
b100110110 !
b110011010011100111110111 "
b100110101 #
b100110111 $
b100110110 &
b11000 +
b1100 ,
b100110110 0

#311000
b100110111 !
b100000110100000001111000 "
b100110110 #
b100111000 $
b100110111 &
b11000 +
b1100 ,
b100110111 0

#312000
b100111000 !
b1001000011001001001100 "
b100110111 #
b100111001 $
b100111000 &
b11000 +
b1100 ,
b100111000 0

#313000
b100111001 !
b11010100100101111000011 "
b100111000 #
b100111010 $
b100111001 &
b11000 +
b1100 ,
b100111001 0

#314000
b100111010 !
b100110100001000100011011 "
b100111001 #
b100111011 $
b100111010 &
b11000 +
b1100 ,
b100111010 0

#315000
b100111011 !
b110101000110100010010100 "
b100111010 #
b100111100 $
b100111011 &
b11000 +
b1100 ,
b100111011 0

#316000
b100111100 !
b10110001111111110011101 "
b100111011 #
b100111101 $
b100111100 &
b11000 +
b1100 ,
b100111100 0

#317000
b100111101 !
b101101000011000010010 "
b100111100 #
b100111110 $
b100111101 &
b11000 +
b1100 ,
b100111101 0

#318000
b100111110 !
b111001101101110011001010 "
b100111101 #
b100111111 $
b100111110 &
b11000 +
b1100 ,
b100111110 0

#319000
b100111111 !
b101010001010010101000101 "
b100111110 #
b101000000 $
b100111111 &
b11000 +
b1100 ,
b100111111 0

#320000
b101000000 !
b100010000000010001 "
b100111111 #
b101000001 $
b101000000 &
b11000 +
b1100 ,
b101000000 0

#321000
b101000001 !
b10011000101100110011110 "
b101000000 #
b101000010 $
b101000001 &
b11000 +
b1100 ,
b101000001 0

#322000
b101000010 !
b101111000000001101000110 "
b101000001 #
b101000011 $
b101000010 &
b11000 +
b1100 ,
b101000010 0

#323000
b101000011 !
b111100100111101011001001 "
b101000010 #
b101000100 $
b101000011 &
b11000 +
b1100 ,
b101000011 0

#324000
b101000100 !
b11111101110110111000000 "
b101000011 #
b101000101 $
b101000100 &
b11000 +
b1100 ,
b101000100 0

#325000
b101000101 !
b1100001001010001001111 "
b101000100 #
b101000110 $
b101000101 &
b11000 +
b1100 ,
b101000101 0

#326000
b101000110 !
b110000001100111010010111 "
b101000101 #
b101000111 $
b101000110 &
b11000 +
b1100 ,
b101000110 0

#327000
b101000111 !
b100011101011011100011000 "
b101000110 #
b101001000 $
b101000111 &
b11000 +
b1100 ,
b101000111 0

#328000
b101001000 !
b1010011100010100101100 "
b101000111 #
b101001001 $
b101001000 &
b11000 +
b1100 ,
b101001000 0

#329000
b101001001 !
b11001111011110010100011 "
b101001000 #
b101001010 $
b101001001 &
b11000 +
b1100 ,
b101001001 0

#330000
b101001010 !
b100101111110011001111011 "
b101001001 #
b101001011 $
b101001010 &
b11000 +
b1100 ,
b101001010 0

#331000
b101001011 !
b110110011001111111110100 "
b101001010 #
b101001100 $
b101001011 &
b11000 +
b1100 ,
b101001011 0

#332000
b101001100 !
b10101010000100011111101 "
b101001011 #
b101001101 $
b101001100 &
b11000 +
b1100 ,
b101001100 0

#333000
b101001101 !
b110110111000101110010 "
b101001100 #
b101001110 $
b101001101 &
b11000 +
b1100 ,
b101001101 0

#334000
b101001110 !
b111010110010101110101010 "
b101001101 #
b101001111 $
b101001110 &
b11000 +
b1100 ,
b101001110 0

#335000
b101001111 !
b101001010101001000100101 "
b101001110 #
b101010000 $
b101001111 &
b11000 +
b1100 ,
b101001111 0

#336000
b101010000 !
b111001010110100001101010 "
b101001111 #
b101010001 $
b101010000 &
b11000 +
b1100 ,
b101010000 0

#337000
b101010001 !
b101010110001000111100101 "
b101010000 #
b101010010 $
b101010001 &
b11000 +
b1100 ,
b101010001 0

#338000
b101010010 !
b10110110100101100111101 "
b101010001 #
b101010011 $
b101010010 &
b11000 +
b1100 ,
b101010010 0

#339000
b101010011 !
b101010011001010110010 "
b101010010 #
b101010100 $
b101010011 &
b11000 +
b1100 ,
b101010011 0

#340000
b101010100 !
b100110011010010110111011 "
b101010011 #
b101010101 $
b101010100 &
b11000 +
b1100 ,
b101010100 0

#341000
b101010101 !
b110101111101110000110100 "
b101010100 #
b101010110 $
b101010101 &
b11000 +
b1100 ,
b101010101 0

#342000
b101010110 !
b1001111000011011101100 "
b101010101 #
b101010111 $
b101010110 &
b11000 +
b1100 ,
b101010110 0

#343000
b101010111 !
b11010011111111101100011 "
b101010110 #
b101011000 $
b101010111 &
b11000 +
b1100 ,
b101010111 0

#344000
b101011000 !
b110011101000110101010111 "
b101010111 #
b101011001 $
b101011000 &
b11000 +
b1100 ,
b101011000 0

#345000
b101011001 !
b100000001111010011011000 "
b101011000 #
b101011010 $
b101011001 &
b11000 +
b1100 ,
b101011001 0

#346000
b101011010 !
b11100001010111000000000 "
b101011001 #
b101011011 $
b101011010 &
b11000 +
b1100 ,
b101011010 0

#347000
b101011011 !
b1111101101011110001111 "
b101011010 #
b101011100 $
b101011011 &
b11000 +
b1100 ,
b101011011 0

#348000
b101011100 !
b101100100100000010000110 "
b101011011 #
b101011101 $
b101011100 &
b11000 +
b1100 ,
b101011100 0

#349000
b101011101 !
b111111000011100100001001 "
b101011100 #
b101011110 $
b101011101 &
b11000 +
b1100 ,
b101011101 0

#350000
b101011110 !
b11000110001111010001 "
b101011101 #
b101011111 $
b101011110 &
b11000 +
b1100 ,
b101011110 0

#351000
b101011111 !
b10000100001101001011110 "
b101011110 #
b101100000 $
b101011111 &
b11000 +
b1100 ,
b101011111 0

#352000
b101100000 !
b111010001011111100001011 "
b101011111 #
b101100001 $
b101100000 &
b11000 +
b1100 ,
b101100000 0

#353000
b101100001 !
b101001101100011010000100 "
b101100000 #
b101100010 $
b101100001 &
b11000 +
b1100 ,
b101100001 0

#354000
b101100010 !
b10101101001110001011100 "
b101100001 #
b101100011 $
b101100010 &
b11000 +
b1100 ,
b101100010 0

#355000
b101100011 !
b110001110010111010011 "
b101100010 #
b101100100 $
b101100011 &
b11000 +
b1100 ,
b101100011 0

#356000
b101100100 !
b100101000111001011011010 "
b101100011 #
b101100101 $
b101100100 &
b11000 +
b1100 ,
b101100100 0

#357000
b101100101 !
b110110100000101101010101 "
b101100100 #
b101100110 $
b101100101 &
b11000 +
b1100 ,
b101100101 0

#358000
b101100110 !
b1010100101000110001101 "
b101100101 #
b101100111 $
b101100110 &
b11000 +
b1100 ,
b101100110 0

#359000
b101100111 !
b11001000010100000000010 "
b101100110 #
b101101000 $
b101100111 &
b11000 +
b1100 ,
b101100111 0

#360000
b101101000 !
b110000110101101000110110 "
b101100111 #
b101101001 $
b101101000 &
b11000 +
b1100 ,
b101101000 0

#361000
b101101001 !
b100011010010001110111001 "
b101101000 #
b101101010 $
b101101001 &
b11000 +
b1100 ,
b101101001 0

#362000
b101101010 !
b11111010111100101100001 "
b101101001 #
b101101011 $
b101101010 &
b11000 +
b1100 ,
b101101010 0

#363000
b101101011 !
b1100110000000011101110 "
b101101010 #
b101101100 $
b101101011 &
b11000 +
b1100 ,
b101101011 0

#364000
b101101100 !
b101111111001011111100111 "
b101101011 #
b101101101 $
b101101100 &
b11000 +
b1100 ,
b101101100 0

#365000
b101101101 !
b111100011110111001101000 "
b101101100 #
b101101110 $
b101101101 &
b11000 +
b1100 ,
b101101101 0

#366000
b101101110 !
b11011010010110000 "
b101101101 #
b101101111 $
b101101110 &
b11000 +
b1100 ,
b101101110 0

#367000
b101101111 !
b10011111100110100111111 "
b101101110 #
b101110000 $
b101101111 &
b11000 +
b1100 ,
b101101111 0

#368000
b101110000 !
b11111111011101110000 "
b101101111 #
b101110001 $
b101110000 &
b11000 +
b1100 ,
b101110000 0

#369000
b101110001 !
b10000011000111011111111 "
b101110000 #
b101110010 $
b101110001 &
b11000 +
b1100 ,
b101110001 0

#370000
b101110010 !
b101100011101010000100111 "
b101110001 #
b101110011 $
b101110010 &
b11000 +
b1100 ,
b101110010 0

#371000
b101110011 !
b111111111010110110101000 "
b101110010 #
b101110100 $
b101110011 &
b11000 +
b1100 ,
b101110011 0

#372000
b101110100 !
b11100110011101010100001 "
b101110011 #
b101110101 $
b101110100 &
b11000 +
b1100 ,
b101110100 0

#373000
b101110101 !
b1111010100001100101110 "
b101110100 #
b101110110 $
b101110101 &
b11000 +
b1100 ,
b101110101 0

#374000
b101110110 !
b110011010001100111110110 "
b101110101 #
b101110111 $
b101110110 &
b11000 +
b1100 ,
b101110110 0

#375000
b101110111 !
b100000110110000001111001 "
b101110110 #
b101111000 $
b101110111 &
b11000 +
b1100 ,
b101110111 0

#376000
b101111000 !
b1001000001001001001101 "
b101110111 #
b101111001 $
b101111000 &
b11000 +
b1100 ,
b101111000 0

#377000
b101111001 !
b11010100110101111000010 "
b101111000 #
b101111010 $
b101111001 &
b11000 +
b1100 ,
b101111001 0

#378000
b101111010 !
b100110100011000100011010 "
b101111001 #
b101111011 $
b101111010 &
b11000 +
b1100 ,
b101111010 0

#379000
b101111011 !
b110101000100100010010101 "
b101111010 #
b101111100 $
b101111011 &
b11000 +
b1100 ,
b101111011 0

#380000
b101111100 !
b10110001101111110011100 "
b101111011 #
b101111101 $
b101111100 &
b11000 +
b1100 ,
b101111100 0

#381000
b101111101 !
b101101010011000010011 "
b101111100 #
b101111110 $
b101111101 &
b11000 +
b1100 ,
b101111101 0

#382000
b101111110 !
b111001101111110011001011 "
b101111101 #
b101111111 $
b101111110 &
b11000 +
b1100 ,
b101111110 0

#383000
b101111111 !
b101010001000010101000100 "
b101111110 #
b110000000 $
b101111111 &
b11000 +
b1100 ,
b101111111 0

#384000
b110000000 !
b101000000000010100 "
b101111111 #
b110000001 $
b110000000 &
b11000 +
b1100 ,
b110000000 0

#385000
b110000001 !
b10011001111100110011011 "
b110000000 #
b110000010 $
b110000001 &
b11000 +
b1100 ,
b110000001 0

#386000
b110000010 !
b101111001010001101000011 "
b110000001 #
b110000011 $
b110000010 &
b11000 +
b1100 ,
b110000010 0

#387000
b110000011 !
b111100101101101011001100 "
b110000010 #
b110000100 $
b110000011 &
b11000 +
b1100 ,
b110000011 0

#388000
b110000100 !
b11111100100110111000101 "
b110000011 #
b110000101 $
b110000100 &
b11000 +
b1100 ,
b110000100 0

#389000
b110000101 !
b1100000011010001001010 "
b110000100 #
b110000110 $
b110000101 &
b11000 +
b1100 ,
b110000101 0

#390000
b110000110 !
b110000000110111010010010 "
b110000101 #
b110000111 $
b110000110 &
b11000 +
b1100 ,
b110000110 0

#391000
b110000111 !
b100011100001011100011101 "
b110000110 #
b110001000 $
b110000111 &
b11000 +
b1100 ,
b110000111 0

#392000
b110001000 !
b1010010110010100101001 "
b110000111 #
b110001001 $
b110001000 &
b11000 +
b1100 ,
b110001000 0

#393000
b110001001 !
b11001110001110010100110 "
b110001000 #
b110001010 $
b110001001 &
b11000 +
b1100 ,
b110001001 0

#394000
b110001010 !
b100101110100011001111110 "
b110001001 #
b110001011 $
b110001010 &
b11000 +
b1100 ,
b110001010 0

#395000
b110001011 !
b110110010011111111110001 "
b110001010 #
b110001100 $
b110001011 &
b11000 +
b1100 ,
b110001011 0

#396000
b110001100 !
b10101011010100011111000 "
b110001011 #
b110001101 $
b110001100 &
b11000 +
b1100 ,
b110001100 0

#397000
b110001101 !
b110111101000101110111 "
b110001100 #
b110001110 $
b110001101 &
b11000 +
b1100 ,
b110001101 0

#398000
b110001110 !
b111010111000101110101111 "
b110001101 #
b110001111 $
b110001110 &
b11000 +
b1100 ,
b110001110 0

#399000
b110001111 !
b101001011111001000100000 "
b110001110 #
b110010000 $
b110001111 &
b11000 +
b1100 ,
b110001111 0

#400000
b110010000 !
b111001011100100001101111 "
b110001111 #
b110010001 $
b110010000 &
b11000 +
b1100 ,
b110010000 0

#401000
b110010001 !
b101010111011000111100000 "
b110010000 #
b110010010 $
b110010001 &
b11000 +
b1100 ,
b110010001 0

#402000
b110010010 !
b10110111110101100111000 "
b110010001 #
b110010011 $
b110010010 &
b11000 +
b1100 ,
b110010010 0

#403000
b110010011 !
b101011001001010110111 "
b110010010 #
b110010100 $
b110010011 &
b11000 +
b1100 ,
b110010011 0

#404000
b110010100 !
b100110010000010110111110 "
b110010011 #
b110010101 $
b110010100 &
b11000 +
b1100 ,
b110010100 0

#405000
b110010101 !
b110101110111110000110001 "
b110010100 #
b110010110 $
b110010101 &
b11000 +
b1100 ,
b110010101 0

#406000
b110010110 !
b1001110010011011101001 "
b110010101 #
b110010111 $
b110010110 &
b11000 +
b1100 ,
b110010110 0

#407000
b110010111 !
b11010010101111101100110 "
b110010110 #
b110011000 $
b110010111 &
b11000 +
b1100 ,
b110010111 0

#408000
b110011000 !
b110011100010110101010010 "
b110010111 #
b110011001 $
b110011000 &
b11000 +
b1100 ,
b110011000 0

#409000
b110011001 !
b100000000101010011011101 "
b110011000 #
b110011010 $
b110011001 &
b11000 +
b1100 ,
b110011001 0

#410000
b110011010 !
b11100000000111000000101 "
b110011001 #
b110011011 $
b110011010 &
b11000 +
b1100 ,
b110011010 0

#411000
b110011011 !
b1111100111011110001010 "
b110011010 #
b110011100 $
b110011011 &
b11000 +
b1100 ,
b110011011 0

#412000
b110011100 !
b101100101110000010000011 "
b110011011 #
b110011101 $
b110011100 &
b11000 +
b1100 ,
b110011100 0

#413000
b110011101 !
b111111001001100100001100 "
b110011100 #
b110011110 $
b110011101 &
b11000 +
b1100 ,
b110011101 0

#414000
b110011110 !
b11001100001111010100 "
b110011101 #
b110011111 $
b110011110 &
b11000 +
b1100 ,
b110011110 0

#415000
b110011111 !
b10000101011101001011011 "
b110011110 #
b110100000 $
b110011111 &
b11000 +
b1100 ,
b110011111 0

#416000
b110100000 !
b111010000001111100001110 "
b110011111 #
b110100001 $
b110100000 &
b11000 +
b1100 ,
b110100000 0

#417000
b110100001 !
b101001100110011010000001 "
b110100000 #
b110100010 $
b110100001 &
b11000 +
b1100 ,
b110100001 0

#418000
b110100010 !
b10101100011110001011001 "
b110100001 #
b110100011 $
b110100010 &
b11000 +
b1100 ,
b110100010 0

#419000
b110100011 !
b110000100010111010110 "
b110100010 #
b110100100 $
b110100011 &
b11000 +
b1100 ,
b110100011 0

#420000
b110100100 !
b100101001101001011011111 "
b110100011 #
b110100101 $
b110100100 &
b11000 +
b1100 ,
b110100100 0

#421000
b110100101 !
b110110101010101101010000 "
b110100100 #
b110100110 $
b110100101 &
b11000 +
b1100 ,
b110100101 0

#422000
b110100110 !
b1010101111000110001000 "
b110100101 #
b110100111 $
b110100110 &
b11000 +
b1100 ,
b110100110 0

#423000
b110100111 !
b11001001000100000000111 "
b110100110 #
b110101000 $
b110100111 &
b11000 +
b1100 ,
b110100111 0

#424000
b110101000 !
b110000111111101000110011 "
b110100111 #
b110101001 $
b110101000 &
b11000 +
b1100 ,
b110101000 0

#425000
b110101001 !
b100011011000001110111100 "
b110101000 #
b110101010 $
b110101001 &
b11000 +
b1100 ,
b110101001 0

#426000
b110101010 !
b11111011101100101100100 "
b110101001 #
b110101011 $
b110101010 &
b11000 +
b1100 ,
b110101010 0

#427000
b110101011 !
b1100111010000011101011 "
b110101010 #
b110101100 $
b110101011 &
b11000 +
b1100 ,
b110101011 0

#428000
b110101100 !
b101111110011011111100010 "
b110101011 #
b110101101 $
b110101100 &
b11000 +
b1100 ,
b110101100 0

#429000
b110101101 !
b111100010100111001101101 "
b110101100 #
b110101110 $
b110101101 &
b11000 +
b1100 ,
b110101101 0

#430000
b110101110 !
b10001010010110101 "
b110101101 #
b110101111 $
b110101110 &
b11000 +
b1100 ,
b110101110 0

#431000
b110101111 !
b10011110110110100111010 "
b110101110 #
b110110000 $
b110101111 &
b11000 +
b1100 ,
b110101111 0

#432000
b110110000 !
b11110101011101110101 "
b110101111 #
b110110001 $
b110110000 &
b11000 +
b1100 ,
b110110000 0

#433000
b110110001 !
b10000010010111011111010 "
b110110000 #
b110110010 $
b110110001 &
b11000 +
b1100 ,
b110110001 0

#434000
b110110010 !
b101100010111010000100010 "
b110110001 #
b110110011 $
b110110010 &
b11000 +
b1100 ,
b110110010 0

#435000
b110110011 !
b111111110000110110101101 "
b110110010 #
b110110100 $
b110110011 &
b11000 +
b1100 ,
b110110011 0

#436000
b110110100 !
b11100111001101010100100 "
b110110011 #
b110110101 $
b110110100 &
b11000 +
b1100 ,
b110110100 0

#437000
b110110101 !
b1111011110001100101011 "
b110110100 #
b110110110 $
b110110101 &
b11000 +
b1100 ,
b110110101 0

#438000
b110110110 !
b110011011011100111110011 "
b110110101 #
b110110111 $
b110110110 &
b11000 +
b1100 ,
b110110110 0

#439000
b110110111 !
b100000111100000001111100 "
b110110110 #
b110111000 $
b110110111 &
b11000 +
b1100 ,
b110110111 0

#440000
b110111000 !
b1001001011001001001000 "
b110110111 #
b110111001 $
b110111000 &
b11000 +
b1100 ,
b110111000 0

#441000
b110111001 !
b11010101100101111000111 "
b110111000 #
b110111010 $
b110111001 &
b11000 +
b1100 ,
b110111001 0

#442000
b110111010 !
b100110101001000100011111 "
b110111001 #
b110111011 $
b110111010 &
b11000 +
b1100 ,
b110111010 0

#443000
b110111011 !
b110101001110100010010000 "
b110111010 #
b110111100 $
b110111011 &
b11000 +
b1100 ,
b110111011 0

#444000
b110111100 !
b10110000111111110011001 "
b110111011 #
b110111101 $
b110111100 &
b11000 +
b1100 ,
b110111100 0

#445000
b110111101 !
b101100000011000010110 "
b110111100 #
b110111110 $
b110111101 &
b11000 +
b1100 ,
b110111101 0

#446000
b110111110 !
b111001100101110011001110 "
b110111101 #
b110111111 $
b110111110 &
b11000 +
b1100 ,
b110111110 0

#447000
b110111111 !
b101010000010010101000001 "
b110111110 #
b111000000 $
b110111111 &
b11000 +
b1100 ,
b110111111 0

#448000
b111000000 !
b101010000000010101 "
b110111111 #
b111000001 $
b111000000 &
b11000 +
b1100 ,
b111000000 0

#449000
b111000001 !
b10011001101100110011010 "
b111000000 #
b111000010 $
b111000001 &
b11000 +
b1100 ,
b111000001 0

#450000
b111000010 !
b101111001000001101000010 "
b111000001 #
b111000011 $
b111000010 &
b11000 +
b1100 ,
b111000010 0

#451000
b111000011 !
b111100101111101011001101 "
b111000010 #
b111000100 $
b111000011 &
b11000 +
b1100 ,
b111000011 0

#452000
b111000100 !
b11111100110110111000100 "
b111000011 #
b111000101 $
b111000100 &
b11000 +
b1100 ,
b111000100 0

#453000
b111000101 !
b1100000001010001001011 "
b111000100 #
b111000110 $
b111000101 &
b11000 +
b1100 ,
b111000101 0

#454000
b111000110 !
b110000000100111010010011 "
b111000101 #
b111000111 $
b111000110 &
b11000 +
b1100 ,
b111000110 0

#455000
b111000111 !
b100011100011011100011100 "
b111000110 #
b111001000 $
b111000111 &
b11000 +
b1100 ,
b111000111 0

#456000
b111001000 !
b1010010100010100101000 "
b111000111 #
b111001001 $
b111001000 &
b11000 +
b1100 ,
b111001000 0

#457000
b111001001 !
b11001110011110010100111 "
b111001000 #
b111001010 $
b111001001 &
b11000 +
b1100 ,
b111001001 0

#458000
b111001010 !
b100101110110011001111111 "
b111001001 #
b111001011 $
b111001010 &
b11000 +
b1100 ,
b111001010 0

#459000
b111001011 !
b110110010001111111110000 "
b111001010 #
b111001100 $
b111001011 &
b11000 +
b1100 ,
b111001011 0

#460000
b111001100 !
b10101011000100011111001 "
b111001011 #
b111001101 $
b111001100 &
b11000 +
b1100 ,
b111001100 0

#461000
b111001101 !
b110111111000101110110 "
b111001100 #
b111001110 $
b111001101 &
b11000 +
b1100 ,
b111001101 0

#462000
b111001110 !
b111010111010101110101110 "
b111001101 #
b111001111 $
b111001110 &
b11000 +
b1100 ,
b111001110 0

#463000
b111001111 !
b101001011101001000100001 "
b111001110 #
b111010000 $
b111001111 &
b11000 +
b1100 ,
b111001111 0

#464000
b111010000 !
b111001011110100001101110 "
b111001111 #
b111010001 $
b111010000 &
b11000 +
b1100 ,
b111010000 0

#465000
b111010001 !
b101010111001000111100001 "
b111010000 #
b111010010 $
b111010001 &
b11000 +
b1100 ,
b111010001 0

#466000
b111010010 !
b10110111100101100111001 "
b111010001 #
b111010011 $
b111010010 &
b11000 +
b1100 ,
b111010010 0

#467000
b111010011 !
b101011011001010110110 "
b111010010 #
b111010100 $
b111010011 &
b11000 +
b1100 ,
b111010011 0

#468000
b111010100 !
b100110010010010110111111 "
b111010011 #
b111010101 $
b111010100 &
b11000 +
b1100 ,
b111010100 0

#469000
b111010101 !
b110101110101110000110000 "
b111010100 #
b111010110 $
b111010101 &
b11000 +
b1100 ,
b111010101 0

#470000
b111010110 !
b1001110000011011101000 "
b111010101 #
b111010111 $
b111010110 &
b11000 +
b1100 ,
b111010110 0

#471000
b111010111 !
b11010010111111101100111 "
b111010110 #
b111011000 $
b111010111 &
b11000 +
b1100 ,
b111010111 0

#472000
b111011000 !
b110011100000110101010011 "
b111010111 #
b111011001 $
b111011000 &
b11000 +
b1100 ,
b111011000 0

#473000
b111011001 !
b100000000111010011011100 "
b111011000 #
b111011010 $
b111011001 &
b11000 +
b1100 ,
b111011001 0

#474000
b111011010 !
b11100000010111000000100 "
b111011001 #
b111011011 $
b111011010 &
b11000 +
b1100 ,
b111011010 0

#475000
b111011011 !
b1111100101011110001011 "
b111011010 #
b111011100 $
b111011011 &
b11000 +
b1100 ,
b111011011 0

#476000
b111011100 !
b101100101100000010000010 "
b111011011 #
b111011101 $
b111011100 &
b11000 +
b1100 ,
b111011100 0

#477000
b111011101 !
b111111001011100100001101 "
b111011100 #
b111011110 $
b111011101 &
b11000 +
b1100 ,
b111011101 0

#478000
b111011110 !
b11001110001111010101 "
b111011101 #
b111011111 $
b111011110 &
b11000 +
b1100 ,
b111011110 0

#479000
b111011111 !
b10000101001101001011010 "
b111011110 #
b111100000 $
b111011111 &
b11000 +
b1100 ,
b111011111 0

#480000
b111100000 !
b111010000011111100001111 "
b111011111 #
b111100001 $
b111100000 &
b11000 +
b1100 ,
b111100000 0

#481000
b111100001 !
b101001100100011010000000 "
b111100000 #
b111100010 $
b111100001 &
b11000 +
b1100 ,
b111100001 0

#482000
b111100010 !
b10101100001110001011000 "
b111100001 #
b111100011 $
b111100010 &
b11000 +
b1100 ,
b111100010 0

#483000
b111100011 !
b110000110010111010111 "
b111100010 #
b111100100 $
b111100011 &
b11000 +
b1100 ,
b111100011 0

#484000
b111100100 !
b100101001111001011011110 "
b111100011 #
b111100101 $
b111100100 &
b11000 +
b1100 ,
b111100100 0

#485000
b111100101 !
b110110101000101101010001 "
b111100100 #
b111100110 $
b111100101 &
b11000 +
b1100 ,
b111100101 0

#486000
b111100110 !
b1010101101000110001001 "
b111100101 #
b111100111 $
b111100110 &
b11000 +
b1100 ,
b111100110 0

#487000
b111100111 !
b11001001010100000000110 "
b111100110 #
b111101000 $
b111100111 &
b11000 +
b1100 ,
b111100111 0

#488000
b111101000 !
b110000111101101000110010 "
b111100111 #
b111101001 $
b111101000 &
b11000 +
b1100 ,
b111101000 0

#489000
b111101001 !
b100011011010001110111101 "
b111101000 #
b111101010 $
b111101001 &
b11000 +
b1100 ,
b111101001 0

#490000
b111101010 !
b11111011111100101100101 "
b111101001 #
b111101011 $
b111101010 &
b11000 +
b1100 ,
b111101010 0

#491000
b111101011 !
b1100111000000011101010 "
b111101010 #
b111101100 $
b111101011 &
b11000 +
b1100 ,
b111101011 0

#492000
b111101100 !
b101111110001011111100011 "
b111101011 #
b111101101 $
b111101100 &
b11000 +
b1100 ,
b111101100 0

#493000
b111101101 !
b111100010110111001101100 "
b111101100 #
b111101110 $
b111101101 &
b11000 +
b1100 ,
b111101101 0

#494000
b111101110 !
b10011010010110100 "
b111101101 #
b111101111 $
b111101110 &
b11000 +
b1100 ,
b111101110 0

#495000
b111101111 !
b10011110100110100111011 "
b111101110 #
b111110000 $
b111101111 &
b11000 +
b1100 ,
b111101111 0

#496000
b111110000 !
b11110111011101110100 "
b111101111 #
b111110001 $
b111110000 &
b11000 +
b1100 ,
b111110000 0

#497000
b111110001 !
b10000010000111011111011 "
b111110000 #
b111110010 $
b111110001 &
b11000 +
b1100 ,
b111110001 0

#498000
b111110010 !
b101100010101010000100011 "
b111110001 #
b111110011 $
b111110010 &
b11000 +
b1100 ,
b111110010 0

#499000
b111110011 !
b111111110010110110101100 "
b111110010 #
b111110100 $
b111110011 &
b11000 +
b1100 ,
b111110011 0

#500000
b111110100 !
b11100111011101010100101 "
b111110011 #
b111110101 $
b111110100 &
b11000 +
b1100 ,
b111110100 0

#501000
b111110101 !
b1111011100001100101010 "
b111110100 #
b111110110 $
b111110101 &
b11000 +
b1100 ,
b111110101 0

#502000
b111110110 !
b110011011001100111110010 "
b111110101 #
b111110111 $
b111110110 &
b11000 +
b1100 ,
b111110110 0

#503000
b111110111 !
b100000111110000001111101 "
b111110110 #
b111111000 $
b111110111 &
b11000 +
b1100 ,
b111110111 0

#504000
b111111000 !
b1001001001001001001001 "
b111110111 #
b111111001 $
b111111000 &
b11000 +
b1100 ,
b111111000 0

#505000
b111111001 !
b11010101110101111000110 "
b111111000 #
b111111010 $
b111111001 &
b11000 +
b1100 ,
b111111001 0

#506000
b111111010 !
b100110101011000100011110 "
b111111001 #
b111111011 $
b111111010 &
b11000 +
b1100 ,
b111111010 0

#507000
b111111011 !
b110101001100100010010001 "
b111111010 #
b111111100 $
b111111011 &
b11000 +
b1100 ,
b111111011 0

#508000
b111111100 !
b10110000101111110011000 "
b111111011 #
b111111101 $
b111111100 &
b11000 +
b1100 ,
b111111100 0

#509000
b111111101 !
b101100010011000010111 "
b111111100 #
b111111110 $
b111111101 &
b11000 +
b1100 ,
b111111101 0

#510000
b111111110 !
b111001100111110011001111 "
b111111101 #
b111111111 $
b111111110 &
b11000 +
b1100 ,
b111111110 0

#511000
b111111111 !
b101010000000010101000000 "
b111111110 #
b1000000000 $
b111111111 &
b11000 +
b1100 ,
b111111111 0

#512000
b1000000000 !
b10000000000001000000 "
b111111111 #
b1000000001 $
b1000000000 &
b11000 +
b1100 ,
b1000000000 0

#513000
b1000000001 !
b10001100111100111001111 "
b1000000000 #
b1000000010 $
b1000000001 &
b11000 +
b1100 ,
b1000000001 0

#514000
b1000000010 !
b101101100010001100010111 "
b1000000001 #
b1000000011 $
b1000000010 &
b11000 +
b1100 ,
b1000000010 0

#515000
b1000000011 !
b111110000101101010011000 "
b1000000010 #
b1000000100 $
b1000000011 &
b11000 +
b1100 ,
b1000000011 0

#516000
b1000000100 !
b11101001100110110010001 "
b1000000011 #
b1000000101 $
b1000000100 &
b11000 +
b1100 ,
b1000000100 0

#517000
b1000000101 !
b1110101011010000011110 "
b1000000100 #
b1000000110 $
b1000000101 &
b11000 +
b1100 ,
b1000000101 0

#518000
b1000000110 !
b110010101110111011000110 "
b1000000101 #
b1000000111 $
b1000000110 &
b11000 +
b1100 ,
b1000000110 0

#519000
b1000000111 !
b100001001001011101001001 "
b1000000110 #
b1000001000 $
b1000000111 &
b11000 +
b1100 ,
b1000000111 0

#520000
b1000001000 !
b1000111110010101111101 "
b1000000111 #
b1000001001 $
b1000001000 &
b11000 +
b1100 ,
b1000001000 0

#521000
b1000001001 !
b11011011001110011110010 "
b1000001000 #
b1000001010 $
b1000001001 &
b11000 +
b1100 ,
b1000001001 0

#522000
b1000001010 !
b100111011100011000101010 "
b1000001001 #
b1000001011 $
b1000001010 &
b11000 +
b1100 ,
b1000001010 0

#523000
b1000001011 !
b110100111011111110100101 "
b1000001010 #
b1000001100 $
b1000001011 &
b11000 +
b1100 ,
b1000001011 0

#524000
b1000001100 !
b10111110010100010101100 "
b1000001011 #
b1000001101 $
b1000001100 &
b11000 +
b1100 ,
b1000001100 0

#525000
b1000001101 !
b100010101000100100011 "
b1000001100 #
b1000001110 $
b1000001101 &
b11000 +
b1100 ,
b1000001101 0

#526000
b1000001110 !
b111000010000101111111011 "
b1000001101 #
b1000001111 $
b1000001110 &
b11000 +
b1100 ,
b1000001110 0

#527000
b1000001111 !
b101011110111001001110100 "
b1000001110 #
b1000010000 $
b1000001111 &
b11000 +
b1100 ,
b1000001111 0

#528000
b1000010000 !
b111011110100100000111011 "
b1000001111 #
b1000010001 $
b1000010000 &
b11000 +
b1100 ,
b1000010000 0

#529000
b1000010001 !
b101000010011000110110100 "
b1000010000 #
b1000010010 $
b1000010001 &
b11000 +
b1100 ,
b1000010001 0

#530000
b1000010010 !
b10100010110101101101100 "
b1000010001 #
b1000010011 $
b1000010010 &
b11000 +
b1100 ,
b1000010010 0

#531000
b1000010011 !
b111110001001011100011 "
b1000010010 #
b1000010100 $
b1000010011 &
b11000 +
b1100 ,
b1000010011 0

#532000
b1000010100 !
b100100111000010111101010 "
b1000010011 #
b1000010101 $
b1000010100 &
b11000 +
b1100 ,
b1000010100 0

#533000
b1000010101 !
b110111011111110001100101 "
b1000010100 #
b1000010110 $
b1000010101 &
b11000 +
b1100 ,
b1000010101 0

#534000
b1000010110 !
b1011011010011010111101 "
b1000010101 #
b1000010111 $
b1000010110 &
b11000 +
b1100 ,
b1000010110 0

#535000
b1000010111 !
b11000111101111100110010 "
b1000010110 #
b1000011000 $
b1000010111 &
b11000 +
b1100 ,
b1000010111 0

#536000
b1000011000 !
b110001001010110100000110 "
b1000010111 #
b1000011001 $
b1000011000 &
b11000 +
b1100 ,
b1000011000 0

#537000
b1000011001 !
b100010101101010010001001 "
b1000011000 #
b1000011010 $
b1000011001 &
b11000 +
b1100 ,
b1000011001 0

#538000
b1000011010 !
b11110101000111001010001 "
b1000011001 #
b1000011011 $
b1000011010 &
b11000 +
b1100 ,
b1000011010 0

#539000
b1000011011 !
b1101001111011111011110 "
b1000011010 #
b1000011100 $
b1000011011 &
b11000 +
b1100 ,
b1000011011 0

#540000
b1000011100 !
b101110000110000011010111 "
b1000011011 #
b1000011101 $
b1000011100 &
b11000 +
b1100 ,
b1000011100 0

#541000
b1000011101 !
b111101100001100101011000 "
b1000011100 #
b1000011110 $
b1000011101 &
b11000 +
b1100 ,
b1000011101 0

#542000
b1000011110 !
b1100100001110000000 "
b1000011101 #
b1000011111 $
b1000011110 &
b11000 +
b1100 ,
b1000011110 0

#543000
b1000011111 !
b10010000011101000001111 "
b1000011110 #
b1000100000 $
b1000011111 &
b11000 +
b1100 ,
b1000011111 0

#544000
b1000100000 !
b111000101001111101011010 "
b1000011111 #
b1000100001 $
b1000100000 &
b11000 +
b1100 ,
b1000100000 0

#545000
b1000100001 !
b101011001110011011010101 "
b1000100000 #
b1000100010 $
b1000100001 &
b11000 +
b1100 ,
b1000100001 0

#546000
b1000100010 !
b10111001011110000001101 "
b1000100001 #
b1000100011 $
b1000100010 &
b11000 +
b1100 ,
b1000100010 0

#547000
b1000100011 !
b100101100010110000010 "
b1000100010 #
b1000100100 $
b1000100011 &
b11000 +
b1100 ,
b1000100011 0

#548000
b1000100100 !
b100111100101001010001011 "
b1000100011 #
b1000100101 $
b1000100100 &
b11000 +
b1100 ,
b1000100100 0

#549000
b1000100101 !
b110100000010101100000100 "
b1000100100 #
b1000100110 $
b1000100101 &
b11000 +
b1100 ,
b1000100101 0

#550000
b1000100110 !
b1000000111000111011100 "
b1000100101 #
b1000100111 $
b1000100110 &
b11000 +
b1100 ,
b1000100110 0

#551000
b1000100111 !
b11011100000100001010011 "
b1000100110 #
b1000101000 $
b1000100111 &
b11000 +
b1100 ,
b1000100111 0

#552000
b1000101000 !
b110010010111101001100111 "
b1000100111 #
b1000101001 $
b1000101000 &
b11000 +
b1100 ,
b1000101000 0

#553000
b1000101001 !
b100001110000001111101000 "
b1000101000 #
b1000101010 $
b1000101001 &
b11000 +
b1100 ,
b1000101001 0

#554000
b1000101010 !
b11101110101100100110000 "
b1000101001 #
b1000101011 $
b1000101010 &
b11000 +
b1100 ,
b1000101010 0

#555000
b1000101011 !
b1110010010000010111111 "
b1000101010 #
b1000101100 $
b1000101011 &
b11000 +
b1100 ,
b1000101011 0

#556000
b1000101100 !
b101101011011011110110110 "
b1000101011 #
b1000101101 $
b1000101100 &
b11000 +
b1100 ,
b1000101100 0

#557000
b1000101101 !
b111110111100111000111001 "
b1000101100 #
b1000101110 $
b1000101101 &
b11000 +
b1100 ,
b1000101101 0

#558000
b1000101110 !
b10111001010011100001 "
b1000101101 #
b1000101111 $
b1000101110 &
b11000 +
b1100 ,
b1000101110 0

#559000
b1000101111 !
b10001011110110101101110 "
b1000101110 #
b1000110000 $
b1000101111 &
b11000 +
b1100 ,
b1000101111 0

#560000
b1000110000 !
b1011101011100100001 "
b1000101111 #
b1000110001 $
b1000110000 &
b11000 +
b1100 ,
b1000110000 0

#561000
b1000110001 !
b10010111010111010101110 "
b1000110000 #
b1000110010 $
b1000110001 &
b11000 +
b1100 ,
b1000110001 0

#562000
b1000110010 !
b101110111111010001110110 "
b1000110001 #
b1000110011 $
b1000110010 &
b11000 +
b1100 ,
b1000110010 0

#563000
b1000110011 !
b111101011000110111111001 "
b1000110010 #
b1000110100 $
b1000110011 &
b11000 +
b1100 ,
b1000110011 0

#564000
b1000110100 !
b11110010001101011110000 "
b1000110011 #
b1000110101 $
b1000110100 &
b11000 +
b1100 ,
b1000110100 0

#565000
b1000110101 !
b1101110110001101111111 "
b1000110100 #
b1000110110 $
b1000110101 &
b11000 +
b1100 ,
b1000110101 0

#566000
b1000110110 !
b110001110011100110100111 "
b1000110101 #
b1000110111 $
b1000110110 &
b11000 +
b1100 ,
b1000110110 0

#567000
b1000110111 !
b100010010100000000101000 "
b1000110110 #
b1000111000 $
b1000110111 &
b11000 +
b1100 ,
b1000110111 0

#568000
b1000111000 !
b1011100011001000011100 "
b1000110111 #
b1000111001 $
b1000111000 &
b11000 +
b1100 ,
b1000111000 0

#569000
b1000111001 !
b11000000100101110010011 "
b1000111000 #
b1000111010 $
b1000111001 &
b11000 +
b1100 ,
b1000111001 0

#570000
b1000111010 !
b100100000001000101001011 "
b1000111001 #
b1000111011 $
b1000111010 &
b11000 +
b1100 ,
b1000111010 0

#571000
b1000111011 !
b110111100110100011000100 "
b1000111010 #
b1000111100 $
b1000111011 &
b11000 +
b1100 ,
b1000111011 0

#572000
b1000111100 !
b10100101111111111001101 "
b1000111011 #
b1000111101 $
b1000111100 &
b11000 +
b1100 ,
b1000111100 0

#573000
b1000111101 !
b111001000011001000010 "
b1000111100 #
b1000111110 $
b1000111101 &
b11000 +
b1100 ,
b1000111101 0

#574000
b1000111110 !
b111011001101110010011010 "
b1000111101 #
b1000111111 $
b1000111110 &
b11000 +
b1100 ,
b1000111110 0

#575000
b1000111111 !
b101000101010010100010101 "
b1000111110 #
b1001000000 $
b1000111111 &
b11000 +
b1100 ,
b1000111111 0

#576000
b1001000000 !
b10000010000001000001 "
b1000111111 #
b1001000001 $
b1001000000 &
b11000 +
b1100 ,
b1001000000 0

#577000
b1001000001 !
b10001100101100111001110 "
b1001000000 #
b1001000010 $
b1001000001 &
b11000 +
b1100 ,
b1001000001 0

#578000
b1001000010 !
b101101100000001100010110 "
b1001000001 #
b1001000011 $
b1001000010 &
b11000 +
b1100 ,
b1001000010 0

#579000
b1001000011 !
b111110000111101010011001 "
b1001000010 #
b1001000100 $
b1001000011 &
b11000 +
b1100 ,
b1001000011 0

#580000
b1001000100 !
b11101001110110110010000 "
b1001000011 #
b1001000101 $
b1001000100 &
b11000 +
b1100 ,
b1001000100 0

#581000
b1001000101 !
b1110101001010000011111 "
b1001000100 #
b1001000110 $
b1001000101 &
b11000 +
b1100 ,
b1001000101 0

#582000
b1001000110 !
b110010101100111011000111 "
b1001000101 #
b1001000111 $
b1001000110 &
b11000 +
b1100 ,
b1001000110 0

#583000
b1001000111 !
b100001001011011101001000 "
b1001000110 #
b1001001000 $
b1001000111 &
b11000 +
b1100 ,
b1001000111 0

#584000
b1001001000 !
b1000111100010101111100 "
b1001000111 #
b1001001001 $
b1001001000 &
b11000 +
b1100 ,
b1001001000 0

#585000
b1001001001 !
b11011011011110011110011 "
b1001001000 #
b1001001010 $
b1001001001 &
b11000 +
b1100 ,
b1001001001 0

#586000
b1001001010 !
b100111011110011000101011 "
b1001001001 #
b1001001011 $
b1001001010 &
b11000 +
b1100 ,
b1001001010 0

#587000
b1001001011 !
b110100111001111110100100 "
b1001001010 #
b1001001100 $
b1001001011 &
b11000 +
b1100 ,
b1001001011 0

#588000
b1001001100 !
b10111110000100010101101 "
b1001001011 #
b1001001101 $
b1001001100 &
b11000 +
b1100 ,
b1001001100 0

#589000
b1001001101 !
b100010111000100100010 "
b1001001100 #
b1001001110 $
b1001001101 &
b11000 +
b1100 ,
b1001001101 0

#590000
b1001001110 !
b111000010010101111111010 "
b1001001101 #
b1001001111 $
b1001001110 &
b11000 +
b1100 ,
b1001001110 0

#591000
b1001001111 !
b101011110101001001110101 "
b1001001110 #
b1001010000 $
b1001001111 &
b11000 +
b1100 ,
b1001001111 0

#592000
b1001010000 !
b111011110110100000111010 "
b1001001111 #
b1001010001 $
b1001010000 &
b11000 +
b1100 ,
b1001010000 0

#593000
b1001010001 !
b101000010001000110110101 "
b1001010000 #
b1001010010 $
b1001010001 &
b11000 +
b1100 ,
b1001010001 0

#594000
b1001010010 !
b10100010100101101101101 "
b1001010001 #
b1001010011 $
b1001010010 &
b11000 +
b1100 ,
b1001010010 0

#595000
b1001010011 !
b111110011001011100010 "
b1001010010 #
b1001010100 $
b1001010011 &
b11000 +
b1100 ,
b1001010011 0

#596000
b1001010100 !
b100100111010010111101011 "
b1001010011 #
b1001010101 $
b1001010100 &
b11000 +
b1100 ,
b1001010100 0

#597000
b1001010101 !
b110111011101110001100100 "
b1001010100 #
b1001010110 $
b1001010101 &
b11000 +
b1100 ,
b1001010101 0

#598000
b1001010110 !
b1011011000011010111100 "
b1001010101 #
b1001010111 $
b1001010110 &
b11000 +
b1100 ,
b1001010110 0

#599000
b1001010111 !
b11000111111111100110011 "
b1001010110 #
b1001011000 $
b1001010111 &
b11000 +
b1100 ,
b1001010111 0

#600000
b1001011000 !
b110001001000110100000111 "
b1001010111 #
b1001011001 $
b1001011000 &
b11000 +
b1100 ,
b1001011000 0

#601000
b1001011001 !
b100010101111010010001000 "
b1001011000 #
b1001011010 $
b1001011001 &
b11000 +
b1100 ,
b1001011001 0

#602000
b1001011010 !
b11110101010111001010000 "
b1001011001 #
b1001011011 $
b1001011010 &
b11000 +
b1100 ,
b1001011010 0

#603000
b1001011011 !
b1101001101011111011111 "
b1001011010 #
b1001011100 $
b1001011011 &
b11000 +
b1100 ,
b1001011011 0

#604000
b1001011100 !
b101110000100000011010110 "
b1001011011 #
b1001011101 $
b1001011100 &
b11000 +
b1100 ,
b1001011100 0

#605000
b1001011101 !
b111101100011100101011001 "
b1001011100 #
b1001011110 $
b1001011101 &
b11000 +
b1100 ,
b1001011101 0

#606000
b1001011110 !
b1100110001110000001 "
b1001011101 #
b1001011111 $
b1001011110 &
b11000 +
b1100 ,
b1001011110 0

#607000
b1001011111 !
b10010000001101000001110 "
b1001011110 #
b1001100000 $
b1001011111 &
b11000 +
b1100 ,
b1001011111 0

#608000
b1001100000 !
b111000101011111101011011 "
b1001011111 #
b1001100001 $
b1001100000 &
b11000 +
b1100 ,
b1001100000 0

#609000
b1001100001 !
b101011001100011011010100 "
b1001100000 #
b1001100010 $
b1001100001 &
b11000 +
b1100 ,
b1001100001 0

#610000
b1001100010 !
b10111001001110000001100 "
b1001100001 #
b1001100011 $
b1001100010 &
b11000 +
b1100 ,
b1001100010 0

#611000
b1001100011 !
b100101110010110000011 "
b1001100010 #
b1001100100 $
b1001100011 &
b11000 +
b1100 ,
b1001100011 0

#612000
b1001100100 !
b100111100111001010001010 "
b1001100011 #
b1001100101 $
b1001100100 &
b11000 +
b1100 ,
b1001100100 0

#613000
b1001100101 !
b110100000000101100000101 "
b1001100100 #
b1001100110 $
b1001100101 &
b11000 +
b1100 ,
b1001100101 0

#614000
b1001100110 !
b1000000101000111011101 "
b1001100101 #
b1001100111 $
b1001100110 &
b11000 +
b1100 ,
b1001100110 0

#615000
b1001100111 !
b11011100010100001010010 "
b1001100110 #
b1001101000 $
b1001100111 &
b11000 +
b1100 ,
b1001100111 0

#616000
b1001101000 !
b110010010101101001100110 "
b1001100111 #
b1001101001 $
b1001101000 &
b11000 +
b1100 ,
b1001101000 0

#617000
b1001101001 !
b100001110010001111101001 "
b1001101000 #
b1001101010 $
b1001101001 &
b11000 +
b1100 ,
b1001101001 0

#618000
b1001101010 !
b11101110111100100110001 "
b1001101001 #
b1001101011 $
b1001101010 &
b11000 +
b1100 ,
b1001101010 0

#619000
b1001101011 !
b1110010000000010111110 "
b1001101010 #
b1001101100 $
b1001101011 &
b11000 +
b1100 ,
b1001101011 0

#620000
b1001101100 !
b101101011001011110110111 "
b1001101011 #
b1001101101 $
b1001101100 &
b11000 +
b1100 ,
b1001101100 0

#621000
b1001101101 !
b111110111110111000111000 "
b1001101100 #
b1001101110 $
b1001101101 &
b11000 +
b1100 ,
b1001101101 0

#622000
b1001101110 !
b10111011010011100000 "
b1001101101 #
b1001101111 $
b1001101110 &
b11000 +
b1100 ,
b1001101110 0

#623000
b1001101111 !
b10001011100110101101111 "
b1001101110 #
b1001110000 $
b1001101111 &
b11000 +
b1100 ,
b1001101111 0

#624000
b1001110000 !
b1011111011100100000 "
b1001101111 #
b1001110001 $
b1001110000 &
b11000 +
b1100 ,
b1001110000 0

#625000
b1001110001 !
b10010111000111010101111 "
b1001110000 #
b1001110010 $
b1001110001 &
b11000 +
b1100 ,
b1001110001 0

#626000
b1001110010 !
b101110111101010001110111 "
b1001110001 #
b1001110011 $
b1001110010 &
b11000 +
b1100 ,
b1001110010 0

#627000
b1001110011 !
b111101011010110111111000 "
b1001110010 #
b1001110100 $
b1001110011 &
b11000 +
b1100 ,
b1001110011 0

#628000
b1001110100 !
b11110010011101011110001 "
b1001110011 #
b1001110101 $
b1001110100 &
b11000 +
b1100 ,
b1001110100 0

#629000
b1001110101 !
b1101110100001101111110 "
b1001110100 #
b1001110110 $
b1001110101 &
b11000 +
b1100 ,
b1001110101 0

#630000
b1001110110 !
b110001110001100110100110 "
b1001110101 #
b1001110111 $
b1001110110 &
b11000 +
b1100 ,
b1001110110 0

#631000
b1001110111 !
b100010010110000000101001 "
b1001110110 #
b1001111000 $
b1001110111 &
b11000 +
b1100 ,
b1001110111 0

#632000
b1001111000 !
b1011100001001000011101 "
b1001110111 #
b1001111001 $
b1001111000 &
b11000 +
b1100 ,
b1001111000 0

#633000
b1001111001 !
b11000000110101110010010 "
b1001111000 #
b1001111010 $
b1001111001 &
b11000 +
b1100 ,
b1001111001 0

#634000
b1001111010 !
b100100000011000101001010 "
b1001111001 #
b1001111011 $
b1001111010 &
b11000 +
b1100 ,
b1001111010 0

#635000
b1001111011 !
b110111100100100011000101 "
b1001111010 #
b1001111100 $
b1001111011 &
b11000 +
b1100 ,
b1001111011 0

#636000
b1001111100 !
b10100101101111111001100 "
b1001111011 #
b1001111101 $
b1001111100 &
b11000 +
b1100 ,
b1001111100 0

#637000
b1001111101 !
b111001010011001000011 "
b1001111100 #
b1001111110 $
b1001111101 &
b11000 +
b1100 ,
b1001111101 0

#638000
b1001111110 !
b111011001111110010011011 "
b1001111101 #
b1001111111 $
b1001111110 &
b11000 +
b1100 ,
b1001111110 0

#639000
b1001111111 !
b101000101000010100010100 "
b1001111110 #
b1010000000 $
b1001111111 &
b11000 +
b1100 ,
b1001111111 0

#640000
b1010000000 !
b10001000000001000100 "
b1001111111 #
b1010000001 $
b1010000000 &
b11000 +
b1100 ,
b1010000000 0

#641000
b1010000001 !
b10001101111100111001011 "
b1010000000 #
b1010000010 $
b1010000001 &
b11000 +
b1100 ,
b1010000001 0

#642000
b1010000010 !
b101101101010001100010011 "
b1010000001 #
b1010000011 $
b1010000010 &
b11000 +
b1100 ,
b1010000010 0

#643000
b1010000011 !
b111110001101101010011100 "
b1010000010 #
b1010000100 $
b1010000011 &
b11000 +
b1100 ,
b1010000011 0

#644000
b1010000100 !
b11101000100110110010101 "
b1010000011 #
b1010000101 $
b1010000100 &
b11000 +
b1100 ,
b1010000100 0

#645000
b1010000101 !
b1110100011010000011010 "
b1010000100 #
b1010000110 $
b1010000101 &
b11000 +
b1100 ,
b1010000101 0

#646000
b1010000110 !
b110010100110111011000010 "
b1010000101 #
b1010000111 $
b1010000110 &
b11000 +
b1100 ,
b1010000110 0

#647000
b1010000111 !
b100001000001011101001101 "
b1010000110 #
b1010001000 $
b1010000111 &
b11000 +
b1100 ,
b1010000111 0

#648000
b1010001000 !
b1000110110010101111001 "
b1010000111 #
b1010001001 $
b1010001000 &
b11000 +
b1100 ,
b1010001000 0

#649000
b1010001001 !
b11011010001110011110110 "
b1010001000 #
b1010001010 $
b1010001001 &
b11000 +
b1100 ,
b1010001001 0

#650000
b1010001010 !
b100111010100011000101110 "
b1010001001 #
b1010001011 $
b1010001010 &
b11000 +
b1100 ,
b1010001010 0

#651000
b1010001011 !
b110100110011111110100001 "
b1010001010 #
b1010001100 $
b1010001011 &
b11000 +
b1100 ,
b1010001011 0

#652000
b1010001100 !
b10111111010100010101000 "
b1010001011 #
b1010001101 $
b1010001100 &
b11000 +
b1100 ,
b1010001100 0

#653000
b1010001101 !
b100011101000100100111 "
b1010001100 #
b1010001110 $
b1010001101 &
b11000 +
b1100 ,
b1010001101 0

#654000
b1010001110 !
b111000011000101111111111 "
b1010001101 #
b1010001111 $
b1010001110 &
b11000 +
b1100 ,
b1010001110 0

#655000
b1010001111 !
b101011111111001001110000 "
b1010001110 #
b1010010000 $
b1010001111 &
b11000 +
b1100 ,
b1010001111 0

#656000
b1010010000 !
b111011111100100000111111 "
b1010001111 #
b1010010001 $
b1010010000 &
b11000 +
b1100 ,
b1010010000 0

#657000
b1010010001 !
b101000011011000110110000 "
b1010010000 #
b1010010010 $
b1010010001 &
b11000 +
b1100 ,
b1010010001 0

#658000
b1010010010 !
b10100011110101101101000 "
b1010010001 #
b1010010011 $
b1010010010 &
b11000 +
b1100 ,
b1010010010 0

#659000
b1010010011 !
b111111001001011100111 "
b1010010010 #
b1010010100 $
b1010010011 &
b11000 +
b1100 ,
b1010010011 0

#660000
b1010010100 !
b100100110000010111101110 "
b1010010011 #
b1010010101 $
b1010010100 &
b11000 +
b1100 ,
b1010010100 0

#661000
b1010010101 !
b110111010111110001100001 "
b1010010100 #
b1010010110 $
b1010010101 &
b11000 +
b1100 ,
b1010010101 0

#662000
b1010010110 !
b1011010010011010111001 "
b1010010101 #
b1010010111 $
b1010010110 &
b11000 +
b1100 ,
b1010010110 0

#663000
b1010010111 !
b11000110101111100110110 "
b1010010110 #
b1010011000 $
b1010010111 &
b11000 +
b1100 ,
b1010010111 0

#664000
b1010011000 !
b110001000010110100000010 "
b1010010111 #
b1010011001 $
b1010011000 &
b11000 +
b1100 ,
b1010011000 0

#665000
b1010011001 !
b100010100101010010001101 "
b1010011000 #
b1010011010 $
b1010011001 &
b11000 +
b1100 ,
b1010011001 0

#666000
b1010011010 !
b11110100000111001010101 "
b1010011001 #
b1010011011 $
b1010011010 &
b11000 +
b1100 ,
b1010011010 0

#667000
b1010011011 !
b1101000111011111011010 "
b1010011010 #
b1010011100 $
b1010011011 &
b11000 +
b1100 ,
b1010011011 0

#668000
b1010011100 !
b101110001110000011010011 "
b1010011011 #
b1010011101 $
b1010011100 &
b11000 +
b1100 ,
b1010011100 0

#669000
b1010011101 !
b111101101001100101011100 "
b1010011100 #
b1010011110 $
b1010011101 &
b11000 +
b1100 ,
b1010011101 0

#670000
b1010011110 !
b1101100001110000100 "
b1010011101 #
b1010011111 $
b1010011110 &
b11000 +
b1100 ,
b1010011110 0

#671000
b1010011111 !
b10010001011101000001011 "
b1010011110 #
b1010100000 $
b1010011111 &
b11000 +
b1100 ,
b1010011111 0

#672000
b1010100000 !
b111000100001111101011110 "
b1010011111 #
b1010100001 $
b1010100000 &
b11000 +
b1100 ,
b1010100000 0

#673000
b1010100001 !
b101011000110011011010001 "
b1010100000 #
b1010100010 $
b1010100001 &
b11000 +
b1100 ,
b1010100001 0

#674000
b1010100010 !
b10111000011110000001001 "
b1010100001 #
b1010100011 $
b1010100010 &
b11000 +
b1100 ,
b1010100010 0

#675000
b1010100011 !
b100100100010110000110 "
b1010100010 #
b1010100100 $
b1010100011 &
b11000 +
b1100 ,
b1010100011 0

#676000
b1010100100 !
b100111101101001010001111 "
b1010100011 #
b1010100101 $
b1010100100 &
b11000 +
b1100 ,
b1010100100 0

#677000
b1010100101 !
b110100001010101100000000 "
b1010100100 #
b1010100110 $
b1010100101 &
b11000 +
b1100 ,
b1010100101 0

#678000
b1010100110 !
b1000001111000111011000 "
b1010100101 #
b1010100111 $
b1010100110 &
b11000 +
b1100 ,
b1010100110 0

#679000
b1010100111 !
b11011101000100001010111 "
b1010100110 #
b1010101000 $
b1010100111 &
b11000 +
b1100 ,
b1010100111 0

#680000
b1010101000 !
b110010011111101001100011 "
b1010100111 #
b1010101001 $
b1010101000 &
b11000 +
b1100 ,
b1010101000 0

#681000
b1010101001 !
b100001111000001111101100 "
b1010101000 #
b1010101010 $
b1010101001 &
b11000 +
b1100 ,
b1010101001 0

#682000
b1010101010 !
b11101111101100100110100 "
b1010101001 #
b1010101011 $
b1010101010 &
b11000 +
b1100 ,
b1010101010 0

#683000
b1010101011 !
b1110011010000010111011 "
b1010101010 #
b1010101100 $
b1010101011 &
b11000 +
b1100 ,
b1010101011 0

#684000
b1010101100 !
b101101010011011110110010 "
b1010101011 #
b1010101101 $
b1010101100 &
b11000 +
b1100 ,
b1010101100 0

#685000
b1010101101 !
b111110110100111000111101 "
b1010101100 #
b1010101110 $
b1010101101 &
b11000 +
b1100 ,
b1010101101 0

#686000
b1010101110 !
b10110001010011100101 "
b1010101101 #
b1010101111 $
b1010101110 &
b11000 +
b1100 ,
b1010101110 0

#687000
b1010101111 !
b10001010110110101101010 "
b1010101110 #
b1010110000 $
b1010101111 &
b11000 +
b1100 ,
b1010101111 0

#688000
b1010110000 !
b1010101011100100101 "
b1010101111 #
b1010110001 $
b1010110000 &
b11000 +
b1100 ,
b1010110000 0

#689000
b1010110001 !
b10010110010111010101010 "
b1010110000 #
b1010110010 $
b1010110001 &
b11000 +
b1100 ,
b1010110001 0

#690000
b1010110010 !
b101110110111010001110010 "
b1010110001 #
b1010110011 $
b1010110010 &
b11000 +
b1100 ,
b1010110010 0

#691000
b1010110011 !
b111101010000110111111101 "
b1010110010 #
b1010110100 $
b1010110011 &
b11000 +
b1100 ,
b1010110011 0

#692000
b1010110100 !
b11110011001101011110100 "
b1010110011 #
b1010110101 $
b1010110100 &
b11000 +
b1100 ,
b1010110100 0

#693000
b1010110101 !
b1101111110001101111011 "
b1010110100 #
b1010110110 $
b1010110101 &
b11000 +
b1100 ,
b1010110101 0

#694000
b1010110110 !
b110001111011100110100011 "
b1010110101 #
b1010110111 $
b1010110110 &
b11000 +
b1100 ,
b1010110110 0

#695000
b1010110111 !
b100010011100000000101100 "
b1010110110 #
b1010111000 $
b1010110111 &
b11000 +
b1100 ,
b1010110111 0

#696000
b1010111000 !
b1011101011001000011000 "
b1010110111 #
b1010111001 $
b1010111000 &
b11000 +
b1100 ,
b1010111000 0

#697000
b1010111001 !
b11000001100101110010111 "
b1010111000 #
b1010111010 $
b1010111001 &
b11000 +
b1100 ,
b1010111001 0

#698000
b1010111010 !
b100100001001000101001111 "
b1010111001 #
b1010111011 $
b1010111010 &
b11000 +
b1100 ,
b1010111010 0

#699000
b1010111011 !
b110111101110100011000000 "
b1010111010 #
b1010111100 $
b1010111011 &
b11000 +
b1100 ,
b1010111011 0

#700000
b1010111100 !
b10100100111111111001001 "
b1010111011 #
b1010111101 $
b1010111100 &
b11000 +
b1100 ,
b1010111100 0

#701000
b1010111101 !
b111000000011001000110 "
b1010111100 #
b1010111110 $
b1010111101 &
b11000 +
b1100 ,
b1010111101 0

#702000
b1010111110 !
b111011000101110010011110 "
b1010111101 #
b1010111111 $
b1010111110 &
b11000 +
b1100 ,
b1010111110 0

#703000
b1010111111 !
b101000100010010100010001 "
b1010111110 #
b1011000000 $
b1010111111 &
b11000 +
b1100 ,
b1010111111 0

#704000
b1011000000 !
b10001010000001000101 "
b1010111111 #
b1011000001 $
b1011000000 &
b11000 +
b1100 ,
b1011000000 0

#705000
b1011000001 !
b10001101101100111001010 "
b1011000000 #
b1011000010 $
b1011000001 &
b11000 +
b1100 ,
b1011000001 0

#706000
b1011000010 !
b101101101000001100010010 "
b1011000001 #
b1011000011 $
b1011000010 &
b11000 +
b1100 ,
b1011000010 0

#707000
b1011000011 !
b111110001111101010011101 "
b1011000010 #
b1011000100 $
b1011000011 &
b11000 +
b1100 ,
b1011000011 0

#708000
b1011000100 !
b11101000110110110010100 "
b1011000011 #
b1011000101 $
b1011000100 &
b11000 +
b1100 ,
b1011000100 0

#709000
b1011000101 !
b1110100001010000011011 "
b1011000100 #
b1011000110 $
b1011000101 &
b11000 +
b1100 ,
b1011000101 0

#710000
b1011000110 !
b110010100100111011000011 "
b1011000101 #
b1011000111 $
b1011000110 &
b11000 +
b1100 ,
b1011000110 0

#711000
b1011000111 !
b100001000011011101001100 "
b1011000110 #
b1011001000 $
b1011000111 &
b11000 +
b1100 ,
b1011000111 0

#712000
b1011001000 !
b1000110100010101111000 "
b1011000111 #
b1011001001 $
b1011001000 &
b11000 +
b1100 ,
b1011001000 0

#713000
b1011001001 !
b11011010011110011110111 "
b1011001000 #
b1011001010 $
b1011001001 &
b11000 +
b1100 ,
b1011001001 0

#714000
b1011001010 !
b100111010110011000101111 "
b1011001001 #
b1011001011 $
b1011001010 &
b11000 +
b1100 ,
b1011001010 0

#715000
b1011001011 !
b110100110001111110100000 "
b1011001010 #
b1011001100 $
b1011001011 &
b11000 +
b1100 ,
b1011001011 0

#716000
b1011001100 !
b10111111000100010101001 "
b1011001011 #
b1011001101 $
b1011001100 &
b11000 +
b1100 ,
b1011001100 0

#717000
b1011001101 !
b100011111000100100110 "
b1011001100 #
b1011001110 $
b1011001101 &
b11000 +
b1100 ,
b1011001101 0

#718000
b1011001110 !
b111000011010101111111110 "
b1011001101 #
b1011001111 $
b1011001110 &
b11000 +
b1100 ,
b1011001110 0

#719000
b1011001111 !
b101011111101001001110001 "
b1011001110 #
b1011010000 $
b1011001111 &
b11000 +
b1100 ,
b1011001111 0

#720000
b1011010000 !
b111011111110100000111110 "
b1011001111 #
b1011010001 $
b1011010000 &
b11000 +
b1100 ,
b1011010000 0

#721000
b1011010001 !
b101000011001000110110001 "
b1011010000 #
b1011010010 $
b1011010001 &
b11000 +
b1100 ,
b1011010001 0

#722000
b1011010010 !
b10100011100101101101001 "
b1011010001 #
b1011010011 $
b1011010010 &
b11000 +
b1100 ,
b1011010010 0

#723000
b1011010011 !
b111111011001011100110 "
b1011010010 #
b1011010100 $
b1011010011 &
b11000 +
b1100 ,
b1011010011 0

#724000
b1011010100 !
b100100110010010111101111 "
b1011010011 #
b1011010101 $
b1011010100 &
b11000 +
b1100 ,
b1011010100 0

#725000
b1011010101 !
b110111010101110001100000 "
b1011010100 #
b1011010110 $
b1011010101 &
b11000 +
b1100 ,
b1011010101 0

#726000
b1011010110 !
b1011010000011010111000 "
b1011010101 #
b1011010111 $
b1011010110 &
b11000 +
b1100 ,
b1011010110 0

#727000
b1011010111 !
b11000110111111100110111 "
b1011010110 #
b1011011000 $
b1011010111 &
b11000 +
b1100 ,
b1011010111 0

#728000
b1011011000 !
b110001000000110100000011 "
b1011010111 #
b1011011001 $
b1011011000 &
b11000 +
b1100 ,
b1011011000 0

#729000
b1011011001 !
b100010100111010010001100 "
b1011011000 #
b1011011010 $
b1011011001 &
b11000 +
b1100 ,
b1011011001 0

#730000
b1011011010 !
b11110100010111001010100 "
b1011011001 #
b1011011011 $
b1011011010 &
b11000 +
b1100 ,
b1011011010 0

#731000
b1011011011 !
b1101000101011111011011 "
b1011011010 #
b1011011100 $
b1011011011 &
b11000 +
b1100 ,
b1011011011 0

#732000
b1011011100 !
b101110001100000011010010 "
b1011011011 #
b1011011101 $
b1011011100 &
b11000 +
b1100 ,
b1011011100 0

#733000
b1011011101 !
b111101101011100101011101 "
b1011011100 #
b1011011110 $
b1011011101 &
b11000 +
b1100 ,
b1011011101 0

#734000
b1011011110 !
b1101110001110000101 "
b1011011101 #
b1011011111 $
b1011011110 &
b11000 +
b1100 ,
b1011011110 0

#735000
b1011011111 !
b10010001001101000001010 "
b1011011110 #
b1011100000 $
b1011011111 &
b11000 +
b1100 ,
b1011011111 0

#736000
b1011100000 !
b111000100011111101011111 "
b1011011111 #
b1011100001 $
b1011100000 &
b11000 +
b1100 ,
b1011100000 0

#737000
b1011100001 !
b101011000100011011010000 "
b1011100000 #
b1011100010 $
b1011100001 &
b11000 +
b1100 ,
b1011100001 0

#738000
b1011100010 !
b10111000001110000001000 "
b1011100001 #
b1011100011 $
b1011100010 &
b11000 +
b1100 ,
b1011100010 0

#739000
b1011100011 !
b100100110010110000111 "
b1011100010 #
b1011100100 $
b1011100011 &
b11000 +
b1100 ,
b1011100011 0

#740000
b1011100100 !
b100111101111001010001110 "
b1011100011 #
b1011100101 $
b1011100100 &
b11000 +
b1100 ,
b1011100100 0

#741000
b1011100101 !
b110100001000101100000001 "
b1011100100 #
b1011100110 $
b1011100101 &
b11000 +
b1100 ,
b1011100101 0

#742000
b1011100110 !
b1000001101000111011001 "
b1011100101 #
b1011100111 $
b1011100110 &
b11000 +
b1100 ,
b1011100110 0

#743000
b1011100111 !
b11011101010100001010110 "
b1011100110 #
b1011101000 $
b1011100111 &
b11000 +
b1100 ,
b1011100111 0

#744000
b1011101000 !
b110010011101101001100010 "
b1011100111 #
b1011101001 $
b1011101000 &
b11000 +
b1100 ,
b1011101000 0

#745000
b1011101001 !
b100001111010001111101101 "
b1011101000 #
b1011101010 $
b1011101001 &
b11000 +
b1100 ,
b1011101001 0

#746000
b1011101010 !
b11101111111100100110101 "
b1011101001 #
b1011101011 $
b1011101010 &
b11000 +
b1100 ,
b1011101010 0

#747000
b1011101011 !
b1110011000000010111010 "
b1011101010 #
b1011101100 $
b1011101011 &
b11000 +
b1100 ,
b1011101011 0

#748000
b1011101100 !
b101101010001011110110011 "
b1011101011 #
b1011101101 $
b1011101100 &
b11000 +
b1100 ,
b1011101100 0

#749000
b1011101101 !
b111110110110111000111100 "
b1011101100 #
b1011101110 $
b1011101101 &
b11000 +
b1100 ,
b1011101101 0

#750000
b1011101110 !
b10110011010011100100 "
b1011101101 #
b1011101111 $
b1011101110 &
b11000 +
b1100 ,
b1011101110 0

#751000
b1011101111 !
b10001010100110101101011 "
b1011101110 #
b1011110000 $
b1011101111 &
b11000 +
b1100 ,
b1011101111 0

#752000
b1011110000 !
b1010111011100100100 "
b1011101111 #
b1011110001 $
b1011110000 &
b11000 +
b1100 ,
b1011110000 0

#753000
b1011110001 !
b10010110000111010101011 "
b1011110000 #
b1011110010 $
b1011110001 &
b11000 +
b1100 ,
b1011110001 0

#754000
b1011110010 !
b101110110101010001110011 "
b1011110001 #
b1011110011 $
b1011110010 &
b11000 +
b1100 ,
b1011110010 0

#755000
b1011110011 !
b111101010010110111111100 "
b1011110010 #
b1011110100 $
b1011110011 &
b11000 +
b1100 ,
b1011110011 0

#756000
b1011110100 !
b11110011011101011110101 "
b1011110011 #
b1011110101 $
b1011110100 &
b11000 +
b1100 ,
b1011110100 0

#757000
b1011110101 !
b1101111100001101111010 "
b1011110100 #
b1011110110 $
b1011110101 &
b11000 +
b1100 ,
b1011110101 0

#758000
b1011110110 !
b110001111001100110100010 "
b1011110101 #
b1011110111 $
b1011110110 &
b11000 +
b1100 ,
b1011110110 0

#759000
b1011110111 !
b100010011110000000101101 "
b1011110110 #
b1011111000 $
b1011110111 &
b11000 +
b1100 ,
b1011110111 0

#760000
b1011111000 !
b1011101001001000011001 "
b1011110111 #
b1011111001 $
b1011111000 &
b11000 +
b1100 ,
b1011111000 0

#761000
b1011111001 !
b11000001110101110010110 "
b1011111000 #
b1011111010 $
b1011111001 &
b11000 +
b1100 ,
b1011111001 0

#762000
b1011111010 !
b100100001011000101001110 "
b1011111001 #
b1011111011 $
b1011111010 &
b11000 +
b1100 ,
b1011111010 0

#763000
b1011111011 !
b110111101100100011000001 "
b1011111010 #
b1011111100 $
b1011111011 &
b11000 +
b1100 ,
b1011111011 0

#764000
b1011111100 !
b10100100101111111001000 "
b1011111011 #
b1011111101 $
b1011111100 &
b11000 +
b1100 ,
b1011111100 0

#765000
b1011111101 !
b111000010011001000111 "
b1011111100 #
b1011111110 $
b1011111101 &
b11000 +
b1100 ,
b1011111101 0

#766000
b1011111110 !
b111011000111110010011111 "
b1011111101 #
b1011111111 $
b1011111110 &
b11000 +
b1100 ,
b1011111110 0

#767000
b1011111111 !
b101000100000010100010000 "
b1011111110 #
b1100000000 $
b1011111111 &
b11000 +
b1100 ,
b1011111111 0

#768000
b1100000000 !
b10100000000001010000 "
b1011111111 #
b1100000001 $
b1100000000 &
b11000 +
b1100 ,
b1100000000 0

#769000
b1100000001 !
b10001000111100111011111 "
b1100000000 #
b1100000010 $
b1100000001 &
b11000 +
b1100 ,
b1100000001 0

#770000
b1100000010 !
b101101000010001100000111 "
b1100000001 #
b1100000011 $
b1100000010 &
b11000 +
b1100 ,
b1100000010 0

#771000
b1100000011 !
b111110100101101010001000 "
b1100000010 #
b1100000100 $
b1100000011 &
b11000 +
b1100 ,
b1100000011 0

#772000
b1100000100 !
b11101101100110110000001 "
b1100000011 #
b1100000101 $
b1100000100 &
b11000 +
b1100 ,
b1100000100 0

#773000
b1100000101 !
b1110001011010000001110 "
b1100000100 #
b1100000110 $
b1100000101 &
b11000 +
b1100 ,
b1100000101 0

#774000
b1100000110 !
b110010001110111011010110 "
b1100000101 #
b1100000111 $
b1100000110 &
b11000 +
b1100 ,
b1100000110 0

#775000
b1100000111 !
b100001101001011101011001 "
b1100000110 #
b1100001000 $
b1100000111 &
b11000 +
b1100 ,
b1100000111 0

#776000
b1100001000 !
b1000011110010101101101 "
b1100000111 #
b1100001001 $
b1100001000 &
b11000 +
b1100 ,
b1100001000 0

#777000
b1100001001 !
b11011111001110011100010 "
b1100001000 #
b1100001010 $
b1100001001 &
b11000 +
b1100 ,
b1100001001 0

#778000
b1100001010 !
b100111111100011000111010 "
b1100001001 #
b1100001011 $
b1100001010 &
b11000 +
b1100 ,
b1100001010 0

#779000
b1100001011 !
b110100011011111110110101 "
b1100001010 #
b1100001100 $
b1100001011 &
b11000 +
b1100 ,
b1100001011 0

#780000
b1100001100 !
b10111010010100010111100 "
b1100001011 #
b1100001101 $
b1100001100 &
b11000 +
b1100 ,
b1100001100 0

#781000
b1100001101 !
b100110101000100110011 "
b1100001100 #
b1100001110 $
b1100001101 &
b11000 +
b1100 ,
b1100001101 0

#782000
b1100001110 !
b111000110000101111101011 "
b1100001101 #
b1100001111 $
b1100001110 &
b11000 +
b1100 ,
b1100001110 0

#783000
b1100001111 !
b101011010111001001100100 "
b1100001110 #
b1100010000 $
b1100001111 &
b11000 +
b1100 ,
b1100001111 0

#784000
b1100010000 !
b111011010100100000101011 "
b1100001111 #
b1100010001 $
b1100010000 &
b11000 +
b1100 ,
b1100010000 0

#785000
b1100010001 !
b101000110011000110100100 "
b1100010000 #
b1100010010 $
b1100010001 &
b11000 +
b1100 ,
b1100010001 0

#786000
b1100010010 !
b10100110110101101111100 "
b1100010001 #
b1100010011 $
b1100010010 &
b11000 +
b1100 ,
b1100010010 0

#787000
b1100010011 !
b111010001001011110011 "
b1100010010 #
b1100010100 $
b1100010011 &
b11000 +
b1100 ,
b1100010011 0

#788000
b1100010100 !
b100100011000010111111010 "
b1100010011 #
b1100010101 $
b1100010100 &
b11000 +
b1100 ,
b1100010100 0

#789000
b1100010101 !
b110111111111110001110101 "
b1100010100 #
b1100010110 $
b1100010101 &
b11000 +
b1100 ,
b1100010101 0

#790000
b1100010110 !
b1011111010011010101101 "
b1100010101 #
b1100010111 $
b1100010110 &
b11000 +
b1100 ,
b1100010110 0

#791000
b1100010111 !
b11000011101111100100010 "
b1100010110 #
b1100011000 $
b1100010111 &
b11000 +
b1100 ,
b1100010111 0

#792000
b1100011000 !
b110001101010110100010110 "
b1100010111 #
b1100011001 $
b1100011000 &
b11000 +
b1100 ,
b1100011000 0

#793000
b1100011001 !
b100010001101010010011001 "
b1100011000 #
b1100011010 $
b1100011001 &
b11000 +
b1100 ,
b1100011001 0

#794000
b1100011010 !
b11110001000111001000001 "
b1100011001 #
b1100011011 $
b1100011010 &
b11000 +
b1100 ,
b1100011010 0

#795000
b1100011011 !
b1101101111011111001110 "
b1100011010 #
b1100011100 $
b1100011011 &
b11000 +
b1100 ,
b1100011011 0

#796000
b1100011100 !
b101110100110000011000111 "
b1100011011 #
b1100011101 $
b1100011100 &
b11000 +
b1100 ,
b1100011100 0

#797000
b1100011101 !
b111101000001100101001000 "
b1100011100 #
b1100011110 $
b1100011101 &
b11000 +
b1100 ,
b1100011101 0

#798000
b1100011110 !
b1000100001110010000 "
b1100011101 #
b1100011111 $
b1100011110 &
b11000 +
b1100 ,
b1100011110 0

#799000
b1100011111 !
b10010100011101000011111 "
b1100011110 #
b1100100000 $
b1100011111 &
b11000 +
b1100 ,
b1100011111 0

#800000
b1100100000 !
b111000001001111101001010 "
b1100011111 #
b1100100001 $
b1100100000 &
b11000 +
b1100 ,
b1100100000 0

#801000
b1100100001 !
b101011101110011011000101 "
b1100100000 #
b1100100010 $
b1100100001 &
b11000 +
b1100 ,
b1100100001 0

#802000
b1100100010 !
b10111101011110000011101 "
b1100100001 #
b1100100011 $
b1100100010 &
b11000 +
b1100 ,
b1100100010 0

#803000
b1100100011 !
b100001100010110010010 "
b1100100010 #
b1100100100 $
b1100100011 &
b11000 +
b1100 ,
b1100100011 0

#804000
b1100100100 !
b100111000101001010011011 "
b1100100011 #
b1100100101 $
b1100100100 &
b11000 +
b1100 ,
b1100100100 0

#805000
b1100100101 !
b110100100010101100010100 "
b1100100100 #
b1100100110 $
b1100100101 &
b11000 +
b1100 ,
b1100100101 0

#806000
b1100100110 !
b1000100111000111001100 "
b1100100101 #
b1100100111 $
b1100100110 &
b11000 +
b1100 ,
b1100100110 0

#807000
b1100100111 !
b11011000000100001000011 "
b1100100110 #
b1100101000 $
b1100100111 &
b11000 +
b1100 ,
b1100100111 0

#808000
b1100101000 !
b110010110111101001110111 "
b1100100111 #
b1100101001 $
b1100101000 &
b11000 +
b1100 ,
b1100101000 0

#809000
b1100101001 !
b100001010000001111111000 "
b1100101000 #
b1100101010 $
b1100101001 &
b11000 +
b1100 ,
b1100101001 0

#810000
b1100101010 !
b11101010101100100100000 "
b1100101001 #
b1100101011 $
b1100101010 &
b11000 +
b1100 ,
b1100101010 0

#811000
b1100101011 !
b1110110010000010101111 "
b1100101010 #
b1100101100 $
b1100101011 &
b11000 +
b1100 ,
b1100101011 0

#812000
b1100101100 !
b101101111011011110100110 "
b1100101011 #
b1100101101 $
b1100101100 &
b11000 +
b1100 ,
b1100101100 0

#813000
b1100101101 !
b111110011100111000101001 "
b1100101100 #
b1100101110 $
b1100101101 &
b11000 +
b1100 ,
b1100101101 0

#814000
b1100101110 !
b10011001010011110001 "
b1100101101 #
b1100101111 $
b1100101110 &
b11000 +
b1100 ,
b1100101110 0

#815000
b1100101111 !
b10001111110110101111110 "
b1100101110 #
b1100110000 $
b1100101111 &
b11000 +
b1100 ,
b1100101111 0

#816000
b1100110000 !
b1111101011100110001 "
b1100101111 #
b1100110001 $
b1100110000 &
b11000 +
b1100 ,
b1100110000 0

#817000
b1100110001 !
b10010011010111010111110 "
b1100110000 #
b1100110010 $
b1100110001 &
b11000 +
b1100 ,
b1100110001 0

#818000
b1100110010 !
b101110011111010001100110 "
b1100110001 #
b1100110011 $
b1100110010 &
b11000 +
b1100 ,
b1100110010 0

#819000
b1100110011 !
b111101111000110111101001 "
b1100110010 #
b1100110100 $
b1100110011 &
b11000 +
b1100 ,
b1100110011 0

#820000
b1100110100 !
b11110110001101011100000 "
b1100110011 #
b1100110101 $
b1100110100 &
b11000 +
b1100 ,
b1100110100 0

#821000
b1100110101 !
b1101010110001101101111 "
b1100110100 #
b1100110110 $
b1100110101 &
b11000 +
b1100 ,
b1100110101 0

#822000
b1100110110 !
b110001010011100110110111 "
b1100110101 #
b1100110111 $
b1100110110 &
b11000 +
b1100 ,
b1100110110 0

#823000
b1100110111 !
b100010110100000000111000 "
b1100110110 #
b1100111000 $
b1100110111 &
b11000 +
b1100 ,
b1100110111 0

#824000
b1100111000 !
b1011000011001000001100 "
b1100110111 #
b1100111001 $
b1100111000 &
b11000 +
b1100 ,
b1100111000 0

#825000
b1100111001 !
b11000100100101110000011 "
b1100111000 #
b1100111010 $
b1100111001 &
b11000 +
b1100 ,
b1100111001 0

#826000
b1100111010 !
b100100100001000101011011 "
b1100111001 #
b1100111011 $
b1100111010 &
b11000 +
b1100 ,
b1100111010 0

#827000
b1100111011 !
b110111000110100011010100 "
b1100111010 #
b1100111100 $
b1100111011 &
b11000 +
b1100 ,
b1100111011 0

#828000
b1100111100 !
b10100001111111111011101 "
b1100111011 #
b1100111101 $
b1100111100 &
b11000 +
b1100 ,
b1100111100 0

#829000
b1100111101 !
b111101000011001010010 "
b1100111100 #
b1100111110 $
b1100111101 &
b11000 +
b1100 ,
b1100111101 0

#830000
b1100111110 !
b111011101101110010001010 "
b1100111101 #
b1100111111 $
b1100111110 &
b11000 +
b1100 ,
b1100111110 0

#831000
b1100111111 !
b101000001010010100000101 "
b1100111110 #
b1101000000 $
b1100111111 &
b11000 +
b1100 ,
b1100111111 0

#832000
b1101000000 !
b10100010000001010001 "
b1100111111 #
b1101000001 $
b1101000000 &
b11000 +
b1100 ,
b1101000000 0

#833000
b1101000001 !
b10001000101100111011110 "
b1101000000 #
b1101000010 $
b1101000001 &
b11000 +
b1100 ,
b1101000001 0

#834000
b1101000010 !
b101101000000001100000110 "
b1101000001 #
b1101000011 $
b1101000010 &
b11000 +
b1100 ,
b1101000010 0

#835000
b1101000011 !
b111110100111101010001001 "
b1101000010 #
b1101000100 $
b1101000011 &
b11000 +
b1100 ,
b1101000011 0

#836000
b1101000100 !
b11101101110110110000000 "
b1101000011 #
b1101000101 $
b1101000100 &
b11000 +
b1100 ,
b1101000100 0

#837000
b1101000101 !
b1110001001010000001111 "
b1101000100 #
b1101000110 $
b1101000101 &
b11000 +
b1100 ,
b1101000101 0

#838000
b1101000110 !
b110010001100111011010111 "
b1101000101 #
b1101000111 $
b1101000110 &
b11000 +
b1100 ,
b1101000110 0

#839000
b1101000111 !
b100001101011011101011000 "
b1101000110 #
b1101001000 $
b1101000111 &
b11000 +
b1100 ,
b1101000111 0

#840000
b1101001000 !
b1000011100010101101100 "
b1101000111 #
b1101001001 $
b1101001000 &
b11000 +
b1100 ,
b1101001000 0

#841000
b1101001001 !
b11011111011110011100011 "
b1101001000 #
b1101001010 $
b1101001001 &
b11000 +
b1100 ,
b1101001001 0

#842000
b1101001010 !
b100111111110011000111011 "
b1101001001 #
b1101001011 $
b1101001010 &
b11000 +
b1100 ,
b1101001010 0

#843000
b1101001011 !
b110100011001111110110100 "
b1101001010 #
b1101001100 $
b1101001011 &
b11000 +
b1100 ,
b1101001011 0

#844000
b1101001100 !
b10111010000100010111101 "
b1101001011 #
b1101001101 $
b1101001100 &
b11000 +
b1100 ,
b1101001100 0

#845000
b1101001101 !
b100110111000100110010 "
b1101001100 #
b1101001110 $
b1101001101 &
b11000 +
b1100 ,
b1101001101 0

#846000
b1101001110 !
b111000110010101111101010 "
b1101001101 #
b1101001111 $
b1101001110 &
b11000 +
b1100 ,
b1101001110 0

#847000
b1101001111 !
b101011010101001001100101 "
b1101001110 #
b1101010000 $
b1101001111 &
b11000 +
b1100 ,
b1101001111 0

#848000
b1101010000 !
b111011010110100000101010 "
b1101001111 #
b1101010001 $
b1101010000 &
b11000 +
b1100 ,
b1101010000 0

#849000
b1101010001 !
b101000110001000110100101 "
b1101010000 #
b1101010010 $
b1101010001 &
b11000 +
b1100 ,
b1101010001 0

#850000
b1101010010 !
b10100110100101101111101 "
b1101010001 #
b1101010011 $
b1101010010 &
b11000 +
b1100 ,
b1101010010 0

#851000
b1101010011 !
b111010011001011110010 "
b1101010010 #
b1101010100 $
b1101010011 &
b11000 +
b1100 ,
b1101010011 0

#852000
b1101010100 !
b100100011010010111111011 "
b1101010011 #
b1101010101 $
b1101010100 &
b11000 +
b1100 ,
b1101010100 0

#853000
b1101010101 !
b110111111101110001110100 "
b1101010100 #
b1101010110 $
b1101010101 &
b11000 +
b1100 ,
b1101010101 0

#854000
b1101010110 !
b1011111000011010101100 "
b1101010101 #
b1101010111 $
b1101010110 &
b11000 +
b1100 ,
b1101010110 0

#855000
b1101010111 !
b11000011111111100100011 "
b1101010110 #
b1101011000 $
b1101010111 &
b11000 +
b1100 ,
b1101010111 0

#856000
b1101011000 !
b110001101000110100010111 "
b1101010111 #
b1101011001 $
b1101011000 &
b11000 +
b1100 ,
b1101011000 0

#857000
b1101011001 !
b100010001111010010011000 "
b1101011000 #
b1101011010 $
b1101011001 &
b11000 +
b1100 ,
b1101011001 0

#858000
b1101011010 !
b11110001010111001000000 "
b1101011001 #
b1101011011 $
b1101011010 &
b11000 +
b1100 ,
b1101011010 0

#859000
b1101011011 !
b1101101101011111001111 "
b1101011010 #
b1101011100 $
b1101011011 &
b11000 +
b1100 ,
b1101011011 0

#860000
b1101011100 !
b101110100100000011000110 "
b1101011011 #
b1101011101 $
b1101011100 &
b11000 +
b1100 ,
b1101011100 0

#861000
b1101011101 !
b111101000011100101001001 "
b1101011100 #
b1101011110 $
b1101011101 &
b11000 +
b1100 ,
b1101011101 0

#862000
b1101011110 !
b1000110001110010001 "
b1101011101 #
b1101011111 $
b1101011110 &
b11000 +
b1100 ,
b1101011110 0

#863000
b1101011111 !
b10010100001101000011110 "
b1101011110 #
b1101100000 $
b1101011111 &
b11000 +
b1100 ,
b1101011111 0

#864000
b1101100000 !
b111000001011111101001011 "
b1101011111 #
b1101100001 $
b1101100000 &
b11000 +
b1100 ,
b1101100000 0

#865000
b1101100001 !
b101011101100011011000100 "
b1101100000 #
b1101100010 $
b1101100001 &
b11000 +
b1100 ,
b1101100001 0

#866000
b1101100010 !
b10111101001110000011100 "
b1101100001 #
b1101100011 $
b1101100010 &
b11000 +
b1100 ,
b1101100010 0

#867000
b1101100011 !
b100001110010110010011 "
b1101100010 #
b1101100100 $
b1101100011 &
b11000 +
b1100 ,
b1101100011 0

#868000
b1101100100 !
b100111000111001010011010 "
b1101100011 #
b1101100101 $
b1101100100 &
b11000 +
b1100 ,
b1101100100 0

#869000
b1101100101 !
b110100100000101100010101 "
b1101100100 #
b1101100110 $
b1101100101 &
b11000 +
b1100 ,
b1101100101 0

#870000
b1101100110 !
b1000100101000111001101 "
b1101100101 #
b1101100111 $
b1101100110 &
b11000 +
b1100 ,
b1101100110 0

#871000
b1101100111 !
b11011000010100001000010 "
b1101100110 #
b1101101000 $
b1101100111 &
b11000 +
b1100 ,
b1101100111 0

#872000
b1101101000 !
b110010110101101001110110 "
b1101100111 #
b1101101001 $
b1101101000 &
b11000 +
b1100 ,
b1101101000 0

#873000
b1101101001 !
b100001010010001111111001 "
b1101101000 #
b1101101010 $
b1101101001 &
b11000 +
b1100 ,
b1101101001 0

#874000
b1101101010 !
b11101010111100100100001 "
b1101101001 #
b1101101011 $
b1101101010 &
b11000 +
b1100 ,
b1101101010 0

#875000
b1101101011 !
b1110110000000010101110 "
b1101101010 #
b1101101100 $
b1101101011 &
b11000 +
b1100 ,
b1101101011 0

#876000
b1101101100 !
b101101111001011110100111 "
b1101101011 #
b1101101101 $
b1101101100 &
b11000 +
b1100 ,
b1101101100 0

#877000
b1101101101 !
b111110011110111000101000 "
b1101101100 #
b1101101110 $
b1101101101 &
b11000 +
b1100 ,
b1101101101 0

#878000
b1101101110 !
b10011011010011110000 "
b1101101101 #
b1101101111 $
b1101101110 &
b11000 +
b1100 ,
b1101101110 0

#879000
b1101101111 !
b10001111100110101111111 "
b1101101110 #
b1101110000 $
b1101101111 &
b11000 +
b1100 ,
b1101101111 0

#880000
b1101110000 !
b1111111011100110000 "
b1101101111 #
b1101110001 $
b1101110000 &
b11000 +
b1100 ,
b1101110000 0

#881000
b1101110001 !
b10010011000111010111111 "
b1101110000 #
b1101110010 $
b1101110001 &
b11000 +
b1100 ,
b1101110001 0

#882000
b1101110010 !
b101110011101010001100111 "
b1101110001 #
b1101110011 $
b1101110010 &
b11000 +
b1100 ,
b1101110010 0

#883000
b1101110011 !
b111101111010110111101000 "
b1101110010 #
b1101110100 $
b1101110011 &
b11000 +
b1100 ,
b1101110011 0

#884000
b1101110100 !
b11110110011101011100001 "
b1101110011 #
b1101110101 $
b1101110100 &
b11000 +
b1100 ,
b1101110100 0

#885000
b1101110101 !
b1101010100001101101110 "
b1101110100 #
b1101110110 $
b1101110101 &
b11000 +
b1100 ,
b1101110101 0

#886000
b1101110110 !
b110001010001100110110110 "
b1101110101 #
b1101110111 $
b1101110110 &
b11000 +
b1100 ,
b1101110110 0

#887000
b1101110111 !
b100010110110000000111001 "
b1101110110 #
b1101111000 $
b1101110111 &
b11000 +
b1100 ,
b1101110111 0

#888000
b1101111000 !
b1011000001001000001101 "
b1101110111 #
b1101111001 $
b1101111000 &
b11000 +
b1100 ,
b1101111000 0

#889000
b1101111001 !
b11000100110101110000010 "
b1101111000 #
b1101111010 $
b1101111001 &
b11000 +
b1100 ,
b1101111001 0

#890000
b1101111010 !
b100100100011000101011010 "
b1101111001 #
b1101111011 $
b1101111010 &
b11000 +
b1100 ,
b1101111010 0

#891000
b1101111011 !
b110111000100100011010101 "
b1101111010 #
b1101111100 $
b1101111011 &
b11000 +
b1100 ,
b1101111011 0

#892000
b1101111100 !
b10100001101111111011100 "
b1101111011 #
b1101111101 $
b1101111100 &
b11000 +
b1100 ,
b1101111100 0

#893000
b1101111101 !
b111101010011001010011 "
b1101111100 #
b1101111110 $
b1101111101 &
b11000 +
b1100 ,
b1101111101 0

#894000
b1101111110 !
b111011101111110010001011 "
b1101111101 #
b1101111111 $
b1101111110 &
b11000 +
b1100 ,
b1101111110 0

#895000
b1101111111 !
b101000001000010100000100 "
b1101111110 #
b1110000000 $
b1101111111 &
b11000 +
b1100 ,
b1101111111 0

#896000
b1110000000 !
b10101000000001010100 "
b1101111111 #
b1110000001 $
b1110000000 &
b11000 +
b1100 ,
b1110000000 0

#897000
b1110000001 !
b10001001111100111011011 "
b1110000000 #
b1110000010 $
b1110000001 &
b11000 +
b1100 ,
b1110000001 0

#898000
b1110000010 !
b101101001010001100000011 "
b1110000001 #
b1110000011 $
b1110000010 &
b11000 +
b1100 ,
b1110000010 0

#899000
b1110000011 !
b111110101101101010001100 "
b1110000010 #
b1110000100 $
b1110000011 &
b11000 +
b1100 ,
b1110000011 0

#900000
b1110000100 !
b11101100100110110000101 "
b1110000011 #
b1110000101 $
b1110000100 &
b11000 +
b1100 ,
b1110000100 0

#901000
b1110000101 !
b1110000011010000001010 "
b1110000100 #
b1110000110 $
b1110000101 &
b11000 +
b1100 ,
b1110000101 0

#902000
b1110000110 !
b110010000110111011010010 "
b1110000101 #
b1110000111 $
b1110000110 &
b11000 +
b1100 ,
b1110000110 0

#903000
b1110000111 !
b100001100001011101011101 "
b1110000110 #
b1110001000 $
b1110000111 &
b11000 +
b1100 ,
b1110000111 0

#904000
b1110001000 !
b1000010110010101101001 "
b1110000111 #
b1110001001 $
b1110001000 &
b11000 +
b1100 ,
b1110001000 0

#905000
b1110001001 !
b11011110001110011100110 "
b1110001000 #
b1110001010 $
b1110001001 &
b11000 +
b1100 ,
b1110001001 0

#906000
b1110001010 !
b100111110100011000111110 "
b1110001001 #
b1110001011 $
b1110001010 &
b11000 +
b1100 ,
b1110001010 0

#907000
b1110001011 !
b110100010011111110110001 "
b1110001010 #
b1110001100 $
b1110001011 &
b11000 +
b1100 ,
b1110001011 0

#908000
b1110001100 !
b10111011010100010111000 "
b1110001011 #
b1110001101 $
b1110001100 &
b11000 +
b1100 ,
b1110001100 0

#909000
b1110001101 !
b100111101000100110111 "
b1110001100 #
b1110001110 $
b1110001101 &
b11000 +
b1100 ,
b1110001101 0

#910000
b1110001110 !
b111000111000101111101111 "
b1110001101 #
b1110001111 $
b1110001110 &
b11000 +
b1100 ,
b1110001110 0

#911000
b1110001111 !
b101011011111001001100000 "
b1110001110 #
b1110010000 $
b1110001111 &
b11000 +
b1100 ,
b1110001111 0

#912000
b1110010000 !
b111011011100100000101111 "
b1110001111 #
b1110010001 $
b1110010000 &
b11000 +
b1100 ,
b1110010000 0

#913000
b1110010001 !
b101000111011000110100000 "
b1110010000 #
b1110010010 $
b1110010001 &
b11000 +
b1100 ,
b1110010001 0

#914000
b1110010010 !
b10100111110101101111000 "
b1110010001 #
b1110010011 $
b1110010010 &
b11000 +
b1100 ,
b1110010010 0

#915000
b1110010011 !
b111011001001011110111 "
b1110010010 #
b1110010100 $
b1110010011 &
b11000 +
b1100 ,
b1110010011 0

#916000
b1110010100 !
b100100010000010111111110 "
b1110010011 #
b1110010101 $
b1110010100 &
b11000 +
b1100 ,
b1110010100 0

#917000
b1110010101 !
b110111110111110001110001 "
b1110010100 #
b1110010110 $
b1110010101 &
b11000 +
b1100 ,
b1110010101 0

#918000
b1110010110 !
b1011110010011010101001 "
b1110010101 #
b1110010111 $
b1110010110 &
b11000 +
b1100 ,
b1110010110 0

#919000
b1110010111 !
b11000010101111100100110 "
b1110010110 #
b1110011000 $
b1110010111 &
b11000 +
b1100 ,
b1110010111 0

#920000
b1110011000 !
b110001100010110100010010 "
b1110010111 #
b1110011001 $
b1110011000 &
b11000 +
b1100 ,
b1110011000 0

#921000
b1110011001 !
b100010000101010010011101 "
b1110011000 #
b1110011010 $
b1110011001 &
b11000 +
b1100 ,
b1110011001 0

#922000
b1110011010 !
b11110000000111001000101 "
b1110011001 #
b1110011011 $
b1110011010 &
b11000 +
b1100 ,
b1110011010 0

#923000
b1110011011 !
b1101100111011111001010 "
b1110011010 #
b1110011100 $
b1110011011 &
b11000 +
b1100 ,
b1110011011 0

#924000
b1110011100 !
b101110101110000011000011 "
b1110011011 #
b1110011101 $
b1110011100 &
b11000 +
b1100 ,
b1110011100 0

#925000
b1110011101 !
b111101001001100101001100 "
b1110011100 #
b1110011110 $
b1110011101 &
b11000 +
b1100 ,
b1110011101 0

#926000
b1110011110 !
b1001100001110010100 "
b1110011101 #
b1110011111 $
b1110011110 &
b11000 +
b1100 ,
b1110011110 0

#927000
b1110011111 !
b10010101011101000011011 "
b1110011110 #
b1110100000 $
b1110011111 &
b11000 +
b1100 ,
b1110011111 0

#928000
b1110100000 !
b111000000001111101001110 "
b1110011111 #
b1110100001 $
b1110100000 &
b11000 +
b1100 ,
b1110100000 0

#929000
b1110100001 !
b101011100110011011000001 "
b1110100000 #
b1110100010 $
b1110100001 &
b11000 +
b1100 ,
b1110100001 0

#930000
b1110100010 !
b10111100011110000011001 "
b1110100001 #
b1110100011 $
b1110100010 &
b11000 +
b1100 ,
b1110100010 0

#931000
b1110100011 !
b100000100010110010110 "
b1110100010 #
b1110100100 $
b1110100011 &
b11000 +
b1100 ,
b1110100011 0

#932000
b1110100100 !
b100111001101001010011111 "
b1110100011 #
b1110100101 $
b1110100100 &
b11000 +
b1100 ,
b1110100100 0

#933000
b1110100101 !
b110100101010101100010000 "
b1110100100 #
b1110100110 $
b1110100101 &
b11000 +
b1100 ,
b1110100101 0

#934000
b1110100110 !
b1000101111000111001000 "
b1110100101 #
b1110100111 $
b1110100110 &
b11000 +
b1100 ,
b1110100110 0

#935000
b1110100111 !
b11011001000100001000111 "
b1110100110 #
b1110101000 $
b1110100111 &
b11000 +
b1100 ,
b1110100111 0

#936000
b1110101000 !
b110010111111101001110011 "
b1110100111 #
b1110101001 $
b1110101000 &
b11000 +
b1100 ,
b1110101000 0

#937000
b1110101001 !
b100001011000001111111100 "
b1110101000 #
b1110101010 $
b1110101001 &
b11000 +
b1100 ,
b1110101001 0

#938000
b1110101010 !
b11101011101100100100100 "
b1110101001 #
b1110101011 $
b1110101010 &
b11000 +
b1100 ,
b1110101010 0

#939000
b1110101011 !
b1110111010000010101011 "
b1110101010 #
b1110101100 $
b1110101011 &
b11000 +
b1100 ,
b1110101011 0

#940000
b1110101100 !
b101101110011011110100010 "
b1110101011 #
b1110101101 $
b1110101100 &
b11000 +
b1100 ,
b1110101100 0

#941000
b1110101101 !
b111110010100111000101101 "
b1110101100 #
b1110101110 $
b1110101101 &
b11000 +
b1100 ,
b1110101101 0

#942000
b1110101110 !
b10010001010011110101 "
b1110101101 #
b1110101111 $
b1110101110 &
b11000 +
b1100 ,
b1110101110 0

#943000
b1110101111 !
b10001110110110101111010 "
b1110101110 #
b1110110000 $
b1110101111 &
b11000 +
b1100 ,
b1110101111 0

#944000
b1110110000 !
b1110101011100110101 "
b1110101111 #
b1110110001 $
b1110110000 &
b11000 +
b1100 ,
b1110110000 0

#945000
b1110110001 !
b10010010010111010111010 "
b1110110000 #
b1110110010 $
b1110110001 &
b11000 +
b1100 ,
b1110110001 0

#946000
b1110110010 !
b101110010111010001100010 "
b1110110001 #
b1110110011 $
b1110110010 &
b11000 +
b1100 ,
b1110110010 0

#947000
b1110110011 !
b111101110000110111101101 "
b1110110010 #
b1110110100 $
b1110110011 &
b11000 +
b1100 ,
b1110110011 0

#948000
b1110110100 !
b11110111001101011100100 "
b1110110011 #
b1110110101 $
b1110110100 &
b11000 +
b1100 ,
b1110110100 0

#949000
b1110110101 !
b1101011110001101101011 "
b1110110100 #
b1110110110 $
b1110110101 &
b11000 +
b1100 ,
b1110110101 0

#950000
b1110110110 !
b110001011011100110110011 "
b1110110101 #
b1110110111 $
b1110110110 &
b11000 +
b1100 ,
b1110110110 0

#951000
b1110110111 !
b100010111100000000111100 "
b1110110110 #
b1110111000 $
b1110110111 &
b11000 +
b1100 ,
b1110110111 0

#952000
b1110111000 !
b1011001011001000001000 "
b1110110111 #
b1110111001 $
b1110111000 &
b11000 +
b1100 ,
b1110111000 0

#953000
b1110111001 !
b11000101100101110000111 "
b1110111000 #
b1110111010 $
b1110111001 &
b11000 +
b1100 ,
b1110111001 0

#954000
b1110111010 !
b100100101001000101011111 "
b1110111001 #
b1110111011 $
b1110111010 &
b11000 +
b1100 ,
b1110111010 0

#955000
b1110111011 !
b110111001110100011010000 "
b1110111010 #
b1110111100 $
b1110111011 &
b11000 +
b1100 ,
b1110111011 0

#956000
b1110111100 !
b10100000111111111011001 "
b1110111011 #
b1110111101 $
b1110111100 &
b11000 +
b1100 ,
b1110111100 0

#957000
b1110111101 !
b111100000011001010110 "
b1110111100 #
b1110111110 $
b1110111101 &
b11000 +
b1100 ,
b1110111101 0

#958000
b1110111110 !
b111011100101110010001110 "
b1110111101 #
b1110111111 $
b1110111110 &
b11000 +
b1100 ,
b1110111110 0

#959000
b1110111111 !
b101000000010010100000001 "
b1110111110 #
b1111000000 $
b1110111111 &
b11000 +
b1100 ,
b1110111111 0

#960000
b1111000000 !
b10101010000001010101 "
b1110111111 #
b1111000001 $
b1111000000 &
b11000 +
b1100 ,
b1111000000 0

#961000
b1111000001 !
b10001001101100111011010 "
b1111000000 #
b1111000010 $
b1111000001 &
b11000 +
b1100 ,
b1111000001 0

#962000
b1111000010 !
b101101001000001100000010 "
b1111000001 #
b1111000011 $
b1111000010 &
b11000 +
b1100 ,
b1111000010 0

#963000
b1111000011 !
b111110101111101010001101 "
b1111000010 #
b1111000100 $
b1111000011 &
b11000 +
b1100 ,
b1111000011 0

#964000
b1111000100 !
b11101100110110110000100 "
b1111000011 #
b1111000101 $
b1111000100 &
b11000 +
b1100 ,
b1111000100 0

#965000
b1111000101 !
b1110000001010000001011 "
b1111000100 #
b1111000110 $
b1111000101 &
b11000 +
b1100 ,
b1111000101 0

#966000
b1111000110 !
b110010000100111011010011 "
b1111000101 #
b1111000111 $
b1111000110 &
b11000 +
b1100 ,
b1111000110 0

#967000
b1111000111 !
b100001100011011101011100 "
b1111000110 #
b1111001000 $
b1111000111 &
b11000 +
b1100 ,
b1111000111 0

#968000
b1111001000 !
b1000010100010101101000 "
b1111000111 #
b1111001001 $
b1111001000 &
b11000 +
b1100 ,
b1111001000 0

#969000
b1111001001 !
b11011110011110011100111 "
b1111001000 #
b1111001010 $
b1111001001 &
b11000 +
b1100 ,
b1111001001 0

#970000
b1111001010 !
b100111110110011000111111 "
b1111001001 #
b1111001011 $
b1111001010 &
b11000 +
b1100 ,
b1111001010 0

#971000
b1111001011 !
b110100010001111110110000 "
b1111001010 #
b1111001100 $
b1111001011 &
b11000 +
b1100 ,
b1111001011 0

#972000
b1111001100 !
b10111011000100010111001 "
b1111001011 #
b1111001101 $
b1111001100 &
b11000 +
b1100 ,
b1111001100 0

#973000
b1111001101 !
b100111111000100110110 "
b1111001100 #
b1111001110 $
b1111001101 &
b11000 +
b1100 ,
b1111001101 0

#974000
b1111001110 !
b111000111010101111101110 "
b1111001101 #
b1111001111 $
b1111001110 &
b11000 +
b1100 ,
b1111001110 0

#975000
b1111001111 !
b101011011101001001100001 "
b1111001110 #
b1111010000 $
b1111001111 &
b11000 +
b1100 ,
b1111001111 0

#976000
b1111010000 !
b111011011110100000101110 "
b1111001111 #
b1111010001 $
b1111010000 &
b11000 +
b1100 ,
b1111010000 0

#977000
b1111010001 !
b101000111001000110100001 "
b1111010000 #
b1111010010 $
b1111010001 &
b11000 +
b1100 ,
b1111010001 0

#978000
b1111010010 !
b10100111100101101111001 "
b1111010001 #
b1111010011 $
b1111010010 &
b11000 +
b1100 ,
b1111010010 0

#979000
b1111010011 !
b111011011001011110110 "
b1111010010 #
b1111010100 $
b1111010011 &
b11000 +
b1100 ,
b1111010011 0

#980000
b1111010100 !
b100100010010010111111111 "
b1111010011 #
b1111010101 $
b1111010100 &
b11000 +
b1100 ,
b1111010100 0

#981000
b1111010101 !
b110111110101110001110000 "
b1111010100 #
b1111010110 $
b1111010101 &
b11000 +
b1100 ,
b1111010101 0

#982000
b1111010110 !
b1011110000011010101000 "
b1111010101 #
b1111010111 $
b1111010110 &
b11000 +
b1100 ,
b1111010110 0

#983000
b1111010111 !
b11000010111111100100111 "
b1111010110 #
b1111011000 $
b1111010111 &
b11000 +
b1100 ,
b1111010111 0

#984000
b1111011000 !
b110001100000110100010011 "
b1111010111 #
b1111011001 $
b1111011000 &
b11000 +
b1100 ,
b1111011000 0

#985000
b1111011001 !
b100010000111010010011100 "
b1111011000 #
b1111011010 $
b1111011001 &
b11000 +
b1100 ,
b1111011001 0

#986000
b1111011010 !
b11110000010111001000100 "
b1111011001 #
b1111011011 $
b1111011010 &
b11000 +
b1100 ,
b1111011010 0

#987000
b1111011011 !
b1101100101011111001011 "
b1111011010 #
b1111011100 $
b1111011011 &
b11000 +
b1100 ,
b1111011011 0

#988000
b1111011100 !
b101110101100000011000010 "
b1111011011 #
b1111011101 $
b1111011100 &
b11000 +
b1100 ,
b1111011100 0

#989000
b1111011101 !
b111101001011100101001101 "
b1111011100 #
b1111011110 $
b1111011101 &
b11000 +
b1100 ,
b1111011101 0

#990000
b1111011110 !
b1001110001110010101 "
b1111011101 #
b1111011111 $
b1111011110 &
b11000 +
b1100 ,
b1111011110 0

#991000
b1111011111 !
b10010101001101000011010 "
b1111011110 #
b1111100000 $
b1111011111 &
b11000 +
b1100 ,
b1111011111 0

#992000
b1111100000 !
b111000000011111101001111 "
b1111011111 #
b1111100001 $
b1111100000 &
b11000 +
b1100 ,
b1111100000 0

#993000
b1111100001 !
b101011100100011011000000 "
b1111100000 #
b1111100010 $
b1111100001 &
b11000 +
b1100 ,
b1111100001 0

#994000
b1111100010 !
b10111100001110000011000 "
b1111100001 #
b1111100011 $
b1111100010 &
b11000 +
b1100 ,
b1111100010 0

#995000
b1111100011 !
b100000110010110010111 "
b1111100010 #
b1111100100 $
b1111100011 &
b11000 +
b1100 ,
b1111100011 0

#996000
b1111100100 !
b100111001111001010011110 "
b1111100011 #
b1111100101 $
b1111100100 &
b11000 +
b1100 ,
b1111100100 0

#997000
b1111100101 !
b110100101000101100010001 "
b1111100100 #
b1111100110 $
b1111100101 &
b11000 +
b1100 ,
b1111100101 0

#998000
b1111100110 !
b1000101101000111001001 "
b1111100101 #
b1111100111 $
b1111100110 &
b11000 +
b1100 ,
b1111100110 0

#999000
b1111100111 !
b11011001010100001000110 "
b1111100110 #
b1111101000 $
b1111100111 &
b11000 +
b1100 ,
b1111100111 0

#1000000
b1111101000 !
b110010111101101001110010 "
b1111100111 #
b1111101001 $
b1111101000 &
b11000 +
b1100 ,
b1111101000 0
