111011111110101010110100 000000000000000000000000 111011111110101010110100
111011111110101010110100 100000000000000000000000 011011111110101010110100
111011111110101010110100 010000000000000000000000 101011111110101010110100
111011111110101010110100 001000000000000000000000 110011111110101010110100
111011111110101010110100 000100000000000000000000 111111111110101010110100
111011111110101010110100 000010000000000000000000 111001111110101010110100
111011111110101010110100 000001000000000000000000 111010111110101010110100
111011111110101010110100 000000100000000000000000 111011011110101010110100
111011111110101010110100 000000010000000000000000 111011101110101010110100
111011111110101010110100 000000001000000000000000 111011110110101010110100
111011111110101010110100 000000000100000000000000 111011111010101010110100
111011111110101010110100 000000000010000000000000 111011111100101010110100
111011111110101010110100 000000000001000000000000 111011111111101010110100
111011111110101010110100 000000000000100000000000 111011111110001010110100
111011111110101010110100 000000000000010000000000 111011111110111010110100
111011111110101010110100 000000000000001000000000 111011111110100010110100
111011111110101010110100 000000000000000100000000 111011111110101110110100
111011111110101010110100 000000000000000010000000 111011111110101000110100
111011111110101010110100 000000000000000001000000 111011111110101011110100
111011111110101010110100 000000000000000000100000 111011111110101010010100
111011111110101010110100 000000000000000000010000 111011111110101010100100
111011111110101010110100 000000000000000000001000 111011111110101010111100
111011111110101010110100 000000000000000000000100 111011111110101010110000
111011111110101010110100 000000000000000000000010 111011111110101010110110
111011111110101010110100 000000000000000000000001 111011111110101010110101
111011111110101010110100 110000000000000000000000 001011111110101010110100
111011111110101010110100 101000000000000000000000 010011111110101010110100
111011111110101010110100 100100000000000000000000 011111111110101010110100
111011111110101010110100 100010000000000000000000 011001111110101010110100
111011111110101010110100 100001000000000000000000 011010111110101010110100
111011111110101010110100 100000100000000000000000 011011011110101010110100
111011111110101010110100 100000010000000000000000 011011101110101010110100
111011111110101010110100 100000001000000000000000 011011110110101010110100
111011111110101010110100 100000000100000000000000 011011111010101010110100
111011111110101010110100 100000000010000000000000 011011111100101010110100
111011111110101010110100 100000000001000000000000 011011111111101010110100
111011111110101010110100 100000000000100000000000 011011111110001010110100
111011111110101010110100 100000000000010000000000 011011111110111010110100
111011111110101010110100 100000000000001000000000 011011111110100010110100
111011111110101010110100 100000000000000100000000 011011111110101110110100
111011111110101010110100 100000000000000010000000 011011111110101000110100
111011111110101010110100 100000000000000001000000 011011111110101011110100
111011111110101010110100 100000000000000000100000 011011111110101010010100
111011111110101010110100 100000000000000000010000 011011111110101010100100
111011111110101010110100 100000000000000000001000 011011111110101010111100
111011111110101010110100 100000000000000000000100 011011111110101010110000
111011111110101010110100 100000000000000000000010 011011111110101010110110
111011111110101010110100 100000000000000000000001 011011111110101010110101
111011111110101010110100 011000000000000000000000 100011111110101010110100
111011111110101010110100 010100000000000000000000 101111111110101010110100
111011111110101010110100 010010000000000000000000 101001111110101010110100
111011111110101010110100 010001000000000000000000 101010111110101010110100
111011111110101010110100 010000100000000000000000 101011011110101010110100
111011111110101010110100 010000010000000000000000 101011101110101010110100
111011111110101010110100 010000001000000000000000 101011110110101010110100
111011111110101010110100 010000000100000000000000 101011111010101010110100
111011111110101010110100 010000000010000000000000 101011111100101010110100
111011111110101010110100 010000000001000000000000 101011111111101010110100
111011111110101010110100 010000000000100000000000 101011111110001010110100
111011111110101010110100 010000000000010000000000 101011111110111010110100
111011111110101010110100 010000000000001000000000 101011111110100010110100
111011111110101010110100 010000000000000100000000 101011111110101110110100
111011111110101010110100 010000000000000010000000 101011111110101000110100
111011111110101010110100 010000000000000001000000 101011111110101011110100
111011111110101010110100 010000000000000000100000 101011111110101010010100
111011111110101010110100 010000000000000000010000 101011111110101010100100
111011111110101010110100 010000000000000000001000 101011111110101010111100
111011111110101010110100 010000000000000000000100 101011111110101010110000
111011111110101010110100 010000000000000000000010 101011111110101010110110
111011111110101010110100 010000000000000000000001 101011111110101010110101
111011111110101010110100 001100000000000000000000 110111111110101010110100
111011111110101010110100 001010000000000000000000 110001111110101010110100
111011111110101010110100 001001000000000000000000 110010111110101010110100
111011111110101010110100 001000100000000000000000 110011011110101010110100
111011111110101010110100 001000010000000000000000 110011101110101010110100
111011111110101010110100 001000001000000000000000 110011110110101010110100
111011111110101010110100 001000000100000000000000 110011111010101010110100
111011111110101010110100 001000000010000000000000 110011111100101010110100
111011111110101010110100 001000000001000000000000 110011111111101010110100
111011111110101010110100 001000000000100000000000 110011111110001010110100
111011111110101010110100 001000000000010000000000 110011111110111010110100
111011111110101010110100 001000000000001000000000 110011111110100010110100
111011111110101010110100 001000000000000100000000 110011111110101110110100
111011111110101010110100 001000000000000010000000 110011111110101000110100
111011111110101010110100 001000000000000001000000 110011111110101011110100
111011111110101010110100 001000000000000000100000 110011111110101010010100
111011111110101010110100 001000000000000000010000 110011111110101010100100
111011111110101010110100 001000000000000000001000 110011111110101010111100
111011111110101010110100 001000000000000000000100 110011111110101010110000
111011111110101010110100 001000000000000000000010 110011111110101010110110
111011111110101010110100 001000000000000000000001 110011111110101010110101
111011111110101010110100 000110000000000000000000 111101111110101010110100
111011111110101010110100 000101000000000000000000 111110111110101010110100
111011111110101010110100 000100100000000000000000 111111011110101010110100
111011111110101010110100 000100010000000000000000 111111101110101010110100
111011111110101010110100 000100001000000000000000 111111110110101010110100
111011111110101010110100 000100000100000000000000 111111111010101010110100
111011111110101010110100 000100000010000000000000 111111111100101010110100
111011111110101010110100 000100000001000000000000 111111111111101010110100
111011111110101010110100 000100000000100000000000 111111111110001010110100
111011111110101010110100 000100000000010000000000 111111111110111010110100
111011111110101010110100 000100000000001000000000 111111111110100010110100
111011111110101010110100 000100000000000100000000 111111111110101110110100
111011111110101010110100 000100000000000010000000 111111111110101000110100
111011111110101010110100 000100000000000001000000 111111111110101011110100
111011111110101010110100 000100000000000000100000 111111111110101010010100
111011111110101010110100 000100000000000000010000 111111111110101010100100
111011111110101010110100 000100000000000000001000 111111111110101010111100
111011111110101010110100 000100000000000000000100 111111111110101010110000
111011111110101010110100 000100000000000000000010 111111111110101010110110
111011111110101010110100 000100000000000000000001 111111111110101010110101
111011111110101010110100 000011000000000000000000 111000111110101010110100
111011111110101010110100 000010100000000000000000 111001011110101010110100
111011111110101010110100 000010010000000000000000 111001101110101010110100
111011111110101010110100 000010001000000000000000 111001110110101010110100
111011111110101010110100 000010000100000000000000 111001111010101010110100
111011111110101010110100 000010000010000000000000 111001111100101010110100
111011111110101010110100 000010000001000000000000 111001111111101010110100
111011111110101010110100 000010000000100000000000 111001111110001010110100
111011111110101010110100 000010000000010000000000 111001111110111010110100
111011111110101010110100 000010000000001000000000 111001111110100010110100
111011111110101010110100 000010000000000100000000 111001111110101110110100
111011111110101010110100 000010000000000010000000 111001111110101000110100
111011111110101010110100 000010000000000001000000 111001111110101011110100
111011111110101010110100 000010000000000000100000 111001111110101010010100
111011111110101010110100 000010000000000000010000 111001111110101010100100
111011111110101010110100 000010000000000000001000 111001111110101010111100
111011111110101010110100 000010000000000000000100 111001111110101010110000
111011111110101010110100 000010000000000000000010 111001111110101010110110
111011111110101010110100 000010000000000000000001 111001111110101010110101
111011111110101010110100 000001100000000000000000 111010011110101010110100
111011111110101010110100 000001010000000000000000 111010101110101010110100
111011111110101010110100 000001001000000000000000 111010110110101010110100
111011111110101010110100 000001000100000000000000 111010111010101010110100
111011111110101010110100 000001000010000000000000 111010111100101010110100
111011111110101010110100 000001000001000000000000 111010111111101010110100
111011111110101010110100 000001000000100000000000 111010111110001010110100
111011111110101010110100 000001000000010000000000 111010111110111010110100
111011111110101010110100 000001000000001000000000 111010111110100010110100
111011111110101010110100 000001000000000100000000 111010111110101110110100
111011111110101010110100 000001000000000010000000 111010111110101000110100
111011111110101010110100 000001000000000001000000 111010111110101011110100
111011111110101010110100 000001000000000000100000 111010111110101010010100
111011111110101010110100 000001000000000000010000 111010111110101010100100
111011111110101010110100 000001000000000000001000 111010111110101010111100
111011111110101010110100 000001000000000000000100 111010111110101010110000
111011111110101010110100 000001000000000000000010 111010111110101010110110
111011111110101010110100 000001000000000000000001 111010111110101010110101
111011111110101010110100 000000110000000000000000 111011001110101010110100
111011111110101010110100 000000101000000000000000 111011010110101010110100
111011111110101010110100 000000100100000000000000 111011011010101010110100
111011111110101010110100 000000100010000000000000 111011011100101010110100
111011111110101010110100 000000100001000000000000 111011011111101010110100
111011111110101010110100 000000100000100000000000 111011011110001010110100
111011111110101010110100 000000100000010000000000 111011011110111010110100
111011111110101010110100 000000100000001000000000 111011011110100010110100
111011111110101010110100 000000100000000100000000 111011011110101110110100
111011111110101010110100 000000100000000010000000 111011011110101000110100
111011111110101010110100 000000100000000001000000 111011011110101011110100
111011111110101010110100 000000100000000000100000 111011011110101010010100
111011111110101010110100 000000100000000000010000 111011011110101010100100
111011111110101010110100 000000100000000000001000 111011011110101010111100
111011111110101010110100 000000100000000000000100 111011011110101010110000
111011111110101010110100 000000100000000000000010 111011011110101010110110
111011111110101010110100 000000100000000000000001 111011011110101010110101
111011111110101010110100 000000011000000000000000 111011100110101010110100
111011111110101010110100 000000010100000000000000 111011101010101010110100
111011111110101010110100 000000010010000000000000 111011101100101010110100
111011111110101010110100 000000010001000000000000 111011101111101010110100
111011111110101010110100 000000010000100000000000 111011101110001010110100
111011111110101010110100 000000010000010000000000 111011101110111010110100
111011111110101010110100 000000010000001000000000 111011101110100010110100
111011111110101010110100 000000010000000100000000 111011101110101110110100
111011111110101010110100 000000010000000010000000 111011101110101000110100
111011111110101010110100 000000010000000001000000 111011101110101011110100
111011111110101010110100 000000010000000000100000 111011101110101010010100
111011111110101010110100 000000010000000000010000 111011101110101010100100
111011111110101010110100 000000010000000000001000 111011101110101010111100
111011111110101010110100 000000010000000000000100 111011101110101010110000
111011111110101010110100 000000010000000000000010 111011101110101010110110
111011111110101010110100 000000010000000000000001 111011101110101010110101
111011111110101010110100 000000001100000000000000 111011110010101010110100
111011111110101010110100 000000001010000000000000 111011110100101010110100
111011111110101010110100 000000001001000000000000 111011110111101010110100
111011111110101010110100 000000001000100000000000 111011110110001010110100
111011111110101010110100 000000001000010000000000 111011110110111010110100
111011111110101010110100 000000001000001000000000 111011110110100010110100
111011111110101010110100 000000001000000100000000 111011110110101110110100
111011111110101010110100 000000001000000010000000 111011110110101000110100
111011111110101010110100 000000001000000001000000 111011110110101011110100
111011111110101010110100 000000001000000000100000 111011110110101010010100
111011111110101010110100 000000001000000000010000 111011110110101010100100
111011111110101010110100 000000001000000000001000 111011110110101010111100
111011111110101010110100 000000001000000000000100 111011110110101010110000
111011111110101010110100 000000001000000000000010 111011110110101010110110
111011111110101010110100 000000001000000000000001 111011110110101010110101
111011111110101010110100 000000000110000000000000 111011111000101010110100
111011111110101010110100 000000000101000000000000 111011111011101010110100
111011111110101010110100 000000000100100000000000 111011111010001010110100
111011111110101010110100 000000000100010000000000 111011111010111010110100
111011111110101010110100 000000000100001000000000 111011111010100010110100
111011111110101010110100 000000000100000100000000 111011111010101110110100
111011111110101010110100 000000000100000010000000 111011111010101000110100
111011111110101010110100 000000000100000001000000 111011111010101011110100
111011111110101010110100 000000000100000000100000 111011111010101010010100
111011111110101010110100 000000000100000000010000 111011111010101010100100
111011111110101010110100 000000000100000000001000 111011111010101010111100
111011111110101010110100 000000000100000000000100 111011111010101010110000
111011111110101010110100 000000000100000000000010 111011111010101010110110
111011111110101010110100 000000000100000000000001 111011111010101010110101
111011111110101010110100 000000000011000000000000 111011111101101010110100
111011111110101010110100 000000000010100000000000 111011111100001010110100
111011111110101010110100 000000000010010000000000 111011111100111010110100
111011111110101010110100 000000000010001000000000 111011111100100010110100
111011111110101010110100 000000000010000100000000 111011111100101110110100
111011111110101010110100 000000000010000010000000 111011111100101000110100
111011111110101010110100 000000000010000001000000 111011111100101011110100
111011111110101010110100 000000000010000000100000 111011111100101010010100
111011111110101010110100 000000000010000000010000 111011111100101010100100
111011111110101010110100 000000000010000000001000 111011111100101010111100
111011111110101010110100 000000000010000000000100 111011111100101010110000
111011111110101010110100 000000000010000000000010 111011111100101010110110
111011111110101010110100 000000000010000000000001 111011111100101010110101
111011111110101010110100 000000000001100000000000 111011111111001010110100
111011111110101010110100 000000000001010000000000 111011111111111010110100
111011111110101010110100 000000000001001000000000 111011111111100010110100
111011111110101010110100 000000000001000100000000 111011111111101110110100
111011111110101010110100 000000000001000010000000 111011111111101000110100
111011111110101010110100 000000000001000001000000 111011111111101011110100
111011111110101010110100 000000000001000000100000 111011111111101010010100
111011111110101010110100 000000000001000000010000 111011111111101010100100
111011111110101010110100 000000000001000000001000 111011111111101010111100
111011111110101010110100 000000000001000000000100 111011111111101010110000
111011111110101010110100 000000000001000000000010 111011111111101010110110
111011111110101010110100 000000000001000000000001 111011111111101010110101
111011111110101010110100 000000000000110000000000 111011111110011010110100
111011111110101010110100 000000000000101000000000 111011111110000010110100
111011111110101010110100 000000000000100100000000 111011111110001110110100
111011111110101010110100 000000000000100010000000 111011111110001000110100
111011111110101010110100 000000000000100001000000 111011111110001011110100
111011111110101010110100 000000000000100000100000 111011111110001010010100
111011111110101010110100 000000000000100000010000 111011111110001010100100
111011111110101010110100 000000000000100000001000 111011111110001010111100
111011111110101010110100 000000000000100000000100 111011111110001010110000
111011111110101010110100 000000000000100000000010 111011111110001010110110
111011111110101010110100 000000000000100000000001 111011111110001010110101
111011111110101010110100 000000000000011000000000 111011111110110010110100
111011111110101010110100 000000000000010100000000 111011111110111110110100
111011111110101010110100 000000000000010010000000 111011111110111000110100
111011111110101010110100 000000000000010001000000 111011111110111011110100
111011111110101010110100 000000000000010000100000 111011111110111010010100
111011111110101010110100 000000000000010000010000 111011111110111010100100
111011111110101010110100 000000000000010000001000 111011111110111010111100
111011111110101010110100 000000000000010000000100 111011111110111010110000
111011111110101010110100 000000000000010000000010 111011111110111010110110
111011111110101010110100 000000000000010000000001 111011111110111010110101
111011111110101010110100 000000000000001100000000 111011111110100110110100
111011111110101010110100 000000000000001010000000 111011111110100000110100
111011111110101010110100 000000000000001001000000 111011111110100011110100
111011111110101010110100 000000000000001000100000 111011111110100010010100
111011111110101010110100 000000000000001000010000 111011111110100010100100
111011111110101010110100 000000000000001000001000 111011111110100010111100
111011111110101010110100 000000000000001000000100 111011111110100010110000
111011111110101010110100 000000000000001000000010 111011111110100010110110
111011111110101010110100 000000000000001000000001 111011111110100010110101
111011111110101010110100 000000000000000110000000 111011111110101100110100
111011111110101010110100 000000000000000101000000 111011111110101111110100
111011111110101010110100 000000000000000100100000 111011111110101110010100
111011111110101010110100 000000000000000100010000 111011111110101110100100
111011111110101010110100 000000000000000100001000 111011111110101110111100
111011111110101010110100 000000000000000100000100 111011111110101110110000
111011111110101010110100 000000000000000100000010 111011111110101110110110
111011111110101010110100 000000000000000100000001 111011111110101110110101
111011111110101010110100 000000000000000011000000 111011111110101001110100
111011111110101010110100 000000000000000010100000 111011111110101000010100
111011111110101010110100 000000000000000010010000 111011111110101000100100
111011111110101010110100 000000000000000010001000 111011111110101000111100
111011111110101010110100 000000000000000010000100 111011111110101000110000
111011111110101010110100 000000000000000010000010 111011111110101000110110
111011111110101010110100 000000000000000010000001 111011111110101000110101
111011111110101010110100 000000000000000001100000 111011111110101011010100
111011111110101010110100 000000000000000001010000 111011111110101011100100
111011111110101010110100 000000000000000001001000 111011111110101011111100
111011111110101010110100 000000000000000001000100 111011111110101011110000
111011111110101010110100 000000000000000001000010 111011111110101011110110
111011111110101010110100 000000000000000001000001 111011111110101011110101
111011111110101010110100 000000000000000000110000 111011111110101010000100
111011111110101010110100 000000000000000000101000 111011111110101010011100
111011111110101010110100 000000000000000000100100 111011111110101010010000
111011111110101010110100 000000000000000000100010 111011111110101010010110
111011111110101010110100 000000000000000000100001 111011111110101010010101
111011111110101010110100 000000000000000000011000 111011111110101010101100
111011111110101010110100 000000000000000000010100 111011111110101010100000
111011111110101010110100 000000000000000000010010 111011111110101010100110
111011111110101010110100 000000000000000000010001 111011111110101010100101
111011111110101010110100 000000000000000000001100 111011111110101010111000
111011111110101010110100 000000000000000000001010 111011111110101010111110
111011111110101010110100 000000000000000000001001 111011111110101010111101
111011111110101010110100 000000000000000000000110 111011111110101010110010
111011111110101010110100 000000000000000000000101 111011111110101010110001
111011111110101010110100 000000000000000000000011 111011111110101010110111
111011111110101010110100 111000000000000000000000 000011111110101010110100
111011111110101010110100 110100000000000000000000 001111111110101010110100
111011111110101010110100 110010000000000000000000 001001111110101010110100
111011111110101010110100 110001000000000000000000 001010111110101010110100
111011111110101010110100 110000100000000000000000 001011011110101010110100
111011111110101010110100 110000010000000000000000 001011101110101010110100
111011111110101010110100 110000001000000000000000 001011110110101010110100
111011111110101010110100 110000000100000000000000 001011111010101010110100
111011111110101010110100 110000000010000000000000 001011111100101010110100
111011111110101010110100 110000000001000000000000 001011111111101010110100
111011111110101010110100 110000000000100000000000 001011111110001010110100
111011111110101010110100 110000000000010000000000 001011111110111010110100
111011111110101010110100 110000000000001000000000 001011111110100010110100
111011111110101010110100 110000000000000100000000 001011111110101110110100
111011111110101010110100 110000000000000010000000 001011111110101000110100
111011111110101010110100 110000000000000001000000 001011111110101011110100
111011111110101010110100 110000000000000000100000 001011111110101010010100
111011111110101010110100 110000000000000000010000 001011111110101010100100
111011111110101010110100 110000000000000000001000 001011111110101010111100
111011111110101010110100 110000000000000000000100 001011111110101010110000
111011111110101010110100 110000000000000000000010 001011111110101010110110
111011111110101010110100 110000000000000000000001 001011111110101010110101
111011111110101010110100 101100000000000000000000 010111111110101010110100
111011111110101010110100 101010000000000000000000 010001111110101010110100
111011111110101010110100 101001000000000000000000 010010111110101010110100
111011111110101010110100 101000100000000000000000 010011011110101010110100
111011111110101010110100 101000010000000000000000 010011101110101010110100
111011111110101010110100 101000001000000000000000 010011110110101010110100
111011111110101010110100 101000000100000000000000 010011111010101010110100
111011111110101010110100 101000000010000000000000 010011111100101010110100
111011111110101010110100 101000000001000000000000 010011111111101010110100
111011111110101010110100 101000000000100000000000 010011111110001010110100
111011111110101010110100 101000000000010000000000 010011111110111010110100
111011111110101010110100 101000000000001000000000 010011111110100010110100
111011111110101010110100 101000000000000100000000 010011111110101110110100
111011111110101010110100 101000000000000010000000 010011111110101000110100
111011111110101010110100 101000000000000001000000 010011111110101011110100
111011111110101010110100 101000000000000000100000 010011111110101010010100
111011111110101010110100 101000000000000000010000 010011111110101010100100
111011111110101010110100 101000000000000000001000 010011111110101010111100
111011111110101010110100 101000000000000000000100 010011111110101010110000
111011111110101010110100 101000000000000000000010 010011111110101010110110
111011111110101010110100 101000000000000000000001 010011111110101010110101
111011111110101010110100 100110000000000000000000 011101111110101010110100
111011111110101010110100 100101000000000000000000 011110111110101010110100
111011111110101010110100 100100100000000000000000 011111011110101010110100
111011111110101010110100 100100010000000000000000 011111101110101010110100
111011111110101010110100 100100001000000000000000 011111110110101010110100
111011111110101010110100 100100000100000000000000 011111111010101010110100
111011111110101010110100 100100000010000000000000 011111111100101010110100
111011111110101010110100 100100000001000000000000 011111111111101010110100
111011111110101010110100 100100000000100000000000 011111111110001010110100
111011111110101010110100 100100000000010000000000 011111111110111010110100
111011111110101010110100 100100000000001000000000 011111111110100010110100
111011111110101010110100 100100000000000100000000 011111111110101110110100
111011111110101010110100 100100000000000010000000 011111111110101000110100
111011111110101010110100 100100000000000001000000 011111111110101011110100
111011111110101010110100 100100000000000000100000 011111111110101010010100
111011111110101010110100 100100000000000000010000 011111111110101010100100
111011111110101010110100 100100000000000000001000 011111111110101010111100
111011111110101010110100 100100000000000000000100 011111111110101010110000
111011111110101010110100 100100000000000000000010 011111111110101010110110
111011111110101010110100 100100000000000000000001 011111111110101010110101
111011111110101010110100 100011000000000000000000 011000111110101010110100
111011111110101010110100 100010100000000000000000 011001011110101010110100
111011111110101010110100 100010010000000000000000 011001101110101010110100
111011111110101010110100 100010001000000000000000 011001110110101010110100
111011111110101010110100 100010000100000000000000 011001111010101010110100
111011111110101010110100 100010000010000000000000 011001111100101010110100
111011111110101010110100 100010000001000000000000 011001111111101010110100
111011111110101010110100 100010000000100000000000 011001111110001010110100
111011111110101010110100 100010000000010000000000 011001111110111010110100
111011111110101010110100 100010000000001000000000 011001111110100010110100
111011111110101010110100 100010000000000100000000 011001111110101110110100
111011111110101010110100 100010000000000010000000 011001111110101000110100
111011111110101010110100 100010000000000001000000 011001111110101011110100
111011111110101010110100 100010000000000000100000 011001111110101010010100
111011111110101010110100 100010000000000000010000 011001111110101010100100
111011111110101010110100 100010000000000000001000 011001111110101010111100
111011111110101010110100 100010000000000000000100 011001111110101010110000
111011111110101010110100 100010000000000000000010 011001111110101010110110
111011111110101010110100 100010000000000000000001 011001111110101010110101
111011111110101010110100 100001100000000000000000 011010011110101010110100
111011111110101010110100 100001010000000000000000 011010101110101010110100
111011111110101010110100 100001001000000000000000 011010110110101010110100
111011111110101010110100 100001000100000000000000 011010111010101010110100
111011111110101010110100 100001000010000000000000 011010111100101010110100
111011111110101010110100 100001000001000000000000 011010111111101010110100
111011111110101010110100 100001000000100000000000 011010111110001010110100
111011111110101010110100 100001000000010000000000 011010111110111010110100
111011111110101010110100 100001000000001000000000 011010111110100010110100
111011111110101010110100 100001000000000100000000 011010111110101110110100
111011111110101010110100 100001000000000010000000 011010111110101000110100
111011111110101010110100 100001000000000001000000 011010111110101011110100
111011111110101010110100 100001000000000000100000 011010111110101010010100
111011111110101010110100 100001000000000000010000 011010111110101010100100
111011111110101010110100 100001000000000000001000 011010111110101010111100
111011111110101010110100 100001000000000000000100 011010111110101010110000
111011111110101010110100 100001000000000000000010 011010111110101010110110
111011111110101010110100 100001000000000000000001 011010111110101010110101
111011111110101010110100 100000110000000000000000 011011001110101010110100
111011111110101010110100 100000101000000000000000 011011010110101010110100
111011111110101010110100 100000100100000000000000 011011011010101010110100
111011111110101010110100 100000100010000000000000 011011011100101010110100
111011111110101010110100 100000100001000000000000 011011011111101010110100
111011111110101010110100 100000100000100000000000 011011011110001010110100
111011111110101010110100 100000100000010000000000 011011011110111010110100
111011111110101010110100 100000100000001000000000 011011011110100010110100
111011111110101010110100 100000100000000100000000 011011011110101110110100
111011111110101010110100 100000100000000010000000 011011011110101000110100
111011111110101010110100 100000100000000001000000 011011011110101011110100
111011111110101010110100 100000100000000000100000 011011011110101010010100
111011111110101010110100 100000100000000000010000 011011011110101010100100
111011111110101010110100 100000100000000000001000 011011011110101010111100
111011111110101010110100 100000100000000000000100 011011011110101010110000
111011111110101010110100 100000100000000000000010 011011011110101010110110
111011111110101010110100 100000100000000000000001 011011011110101010110101
111011111110101010110100 100000011000000000000000 011011100110101010110100
111011111110101010110100 100000010100000000000000 011011101010101010110100
111011111110101010110100 100000010010000000000000 011011101100101010110100
111011111110101010110100 100000010001000000000000 011011101111101010110100
111011111110101010110100 100000010000100000000000 011011101110001010110100
111011111110101010110100 100000010000010000000000 011011101110111010110100
111011111110101010110100 100000010000001000000000 011011101110100010110100
111011111110101010110100 100000010000000100000000 011011101110101110110100
111011111110101010110100 100000010000000010000000 011011101110101000110100
111011111110101010110100 100000010000000001000000 011011101110101011110100
111011111110101010110100 100000010000000000100000 011011101110101010010100
111011111110101010110100 100000010000000000010000 011011101110101010100100
111011111110101010110100 100000010000000000001000 011011101110101010111100
111011111110101010110100 100000010000000000000100 011011101110101010110000
111011111110101010110100 100000010000000000000010 011011101110101010110110
111011111110101010110100 100000010000000000000001 011011101110101010110101
111011111110101010110100 100000001100000000000000 011011110010101010110100
111011111110101010110100 100000001010000000000000 011011110100101010110100
111011111110101010110100 100000001001000000000000 011011110111101010110100
111011111110101010110100 100000001000100000000000 011011110110001010110100
111011111110101010110100 100000001000010000000000 011011110110111010110100
111011111110101010110100 100000001000001000000000 011011110110100010110100
111011111110101010110100 100000001000000100000000 011011110110101110110100
111011111110101010110100 100000001000000010000000 011011110110101000110100
111011111110101010110100 100000001000000001000000 011011110110101011110100
111011111110101010110100 100000001000000000100000 011011110110101010010100
111011111110101010110100 100000001000000000010000 011011110110101010100100
111011111110101010110100 100000001000000000001000 011011110110101010111100
111011111110101010110100 100000001000000000000100 011011110110101010110000
111011111110101010110100 100000001000000000000010 011011110110101010110110
111011111110101010110100 100000001000000000000001 011011110110101010110101
111011111110101010110100 100000000110000000000000 011011111000101010110100
111011111110101010110100 100000000101000000000000 011011111011101010110100
111011111110101010110100 100000000100100000000000 011011111010001010110100
111011111110101010110100 100000000100010000000000 011011111010111010110100
111011111110101010110100 100000000100001000000000 011011111010100010110100
111011111110101010110100 100000000100000100000000 011011111010101110110100
111011111110101010110100 100000000100000010000000 011011111010101000110100
111011111110101010110100 100000000100000001000000 011011111010101011110100
111011111110101010110100 100000000100000000100000 011011111010101010010100
111011111110101010110100 100000000100000000010000 011011111010101010100100
111011111110101010110100 100000000100000000001000 011011111010101010111100
111011111110101010110100 100000000100000000000100 011011111010101010110000
111011111110101010110100 100000000100000000000010 011011111010101010110110
111011111110101010110100 100000000100000000000001 011011111010101010110101
111011111110101010110100 100000000011000000000000 011011111101101010110100
111011111110101010110100 100000000010100000000000 011011111100001010110100
111011111110101010110100 100000000010010000000000 011011111100111010110100
111011111110101010110100 100000000010001000000000 011011111100100010110100
111011111110101010110100 100000000010000100000000 011011111100101110110100
111011111110101010110100 100000000010000010000000 011011111100101000110100
111011111110101010110100 100000000010000001000000 011011111100101011110100
111011111110101010110100 100000000010000000100000 011011111100101010010100
111011111110101010110100 100000000010000000010000 011011111100101010100100
111011111110101010110100 100000000010000000001000 011011111100101010111100
111011111110101010110100 100000000010000000000100 011011111100101010110000
111011111110101010110100 100000000010000000000010 011011111100101010110110
111011111110101010110100 100000000010000000000001 011011111100101010110101
111011111110101010110100 100000000001100000000000 011011111111001010110100
111011111110101010110100 100000000001010000000000 011011111111111010110100
111011111110101010110100 100000000001001000000000 011011111111100010110100
111011111110101010110100 100000000001000100000000 011011111111101110110100
111011111110101010110100 100000000001000010000000 011011111111101000110100
111011111110101010110100 100000000001000001000000 011011111111101011110100
111011111110101010110100 100000000001000000100000 011011111111101010010100
111011111110101010110100 100000000001000000010000 011011111111101010100100
111011111110101010110100 100000000001000000001000 011011111111101010111100
111011111110101010110100 100000000001000000000100 011011111111101010110000
111011111110101010110100 100000000001000000000010 011011111111101010110110
111011111110101010110100 100000000001000000000001 011011111111101010110101
111011111110101010110100 100000000000110000000000 011011111110011010110100
111011111110101010110100 100000000000101000000000 011011111110000010110100
111011111110101010110100 100000000000100100000000 011011111110001110110100
111011111110101010110100 100000000000100010000000 011011111110001000110100
111011111110101010110100 100000000000100001000000 011011111110001011110100
111011111110101010110100 100000000000100000100000 011011111110001010010100
111011111110101010110100 100000000000100000010000 011011111110001010100100
111011111110101010110100 100000000000100000001000 011011111110001010111100
111011111110101010110100 100000000000100000000100 011011111110001010110000
111011111110101010110100 100000000000100000000010 011011111110001010110110
111011111110101010110100 100000000000100000000001 011011111110001010110101
111011111110101010110100 100000000000011000000000 011011111110110010110100
111011111110101010110100 100000000000010100000000 011011111110111110110100
111011111110101010110100 100000000000010010000000 011011111110111000110100
111011111110101010110100 100000000000010001000000 011011111110111011110100
111011111110101010110100 100000000000010000100000 011011111110111010010100
111011111110101010110100 100000000000010000010000 011011111110111010100100
111011111110101010110100 100000000000010000001000 011011111110111010111100
111011111110101010110100 100000000000010000000100 011011111110111010110000
111011111110101010110100 100000000000010000000010 011011111110111010110110
111011111110101010110100 100000000000010000000001 011011111110111010110101
111011111110101010110100 100000000000001100000000 011011111110100110110100
111011111110101010110100 100000000000001010000000 011011111110100000110100
111011111110101010110100 100000000000001001000000 011011111110100011110100
111011111110101010110100 100000000000001000100000 011011111110100010010100
111011111110101010110100 100000000000001000010000 011011111110100010100100
111011111110101010110100 100000000000001000001000 011011111110100010111100
111011111110101010110100 100000000000001000000100 011011111110100010110000
111011111110101010110100 100000000000001000000010 011011111110100010110110
111011111110101010110100 100000000000001000000001 011011111110100010110101
111011111110101010110100 100000000000000110000000 011011111110101100110100
111011111110101010110100 100000000000000101000000 011011111110101111110100
111011111110101010110100 100000000000000100100000 011011111110101110010100
111011111110101010110100 100000000000000100010000 011011111110101110100100
111011111110101010110100 100000000000000100001000 011011111110101110111100
111011111110101010110100 100000000000000100000100 011011111110101110110000
111011111110101010110100 100000000000000100000010 011011111110101110110110
111011111110101010110100 100000000000000100000001 011011111110101110110101
111011111110101010110100 100000000000000011000000 011011111110101001110100
111011111110101010110100 100000000000000010100000 011011111110101000010100
111011111110101010110100 100000000000000010010000 011011111110101000100100
111011111110101010110100 100000000000000010001000 011011111110101000111100
111011111110101010110100 100000000000000010000100 011011111110101000110000
111011111110101010110100 100000000000000010000010 011011111110101000110110
111011111110101010110100 100000000000000010000001 011011111110101000110101
111011111110101010110100 100000000000000001100000 011011111110101011010100
111011111110101010110100 100000000000000001010000 011011111110101011100100
111011111110101010110100 100000000000000001001000 011011111110101011111100
111011111110101010110100 100000000000000001000100 011011111110101011110000
111011111110101010110100 100000000000000001000010 011011111110101011110110
111011111110101010110100 100000000000000001000001 011011111110101011110101
111011111110101010110100 100000000000000000110000 011011111110101010000100
111011111110101010110100 100000000000000000101000 011011111110101010011100
111011111110101010110100 100000000000000000100100 011011111110101010010000
111011111110101010110100 100000000000000000100010 011011111110101010010110
111011111110101010110100 100000000000000000100001 011011111110101010010101
111011111110101010110100 100000000000000000011000 011011111110101010101100
111011111110101010110100 100000000000000000010100 011011111110101010100000
111011111110101010110100 100000000000000000010010 011011111110101010100110
111011111110101010110100 100000000000000000010001 011011111110101010100101
111011111110101010110100 100000000000000000001100 011011111110101010111000
111011111110101010110100 100000000000000000001010 011011111110101010111110
111011111110101010110100 100000000000000000001001 011011111110101010111101
111011111110101010110100 100000000000000000000110 011011111110101010110010
111011111110101010110100 100000000000000000000101 011011111110101010110001
111011111110101010110100 100000000000000000000011 011011111110101010110111
111011111110101010110100 011100000000000000000000 100111111110101010110100
111011111110101010110100 011010000000000000000000 100001111110101010110100
111011111110101010110100 011001000000000000000000 100010111110101010110100
111011111110101010110100 011000100000000000000000 100011011110101010110100
111011111110101010110100 011000010000000000000000 100011101110101010110100
111011111110101010110100 011000001000000000000000 100011110110101010110100
111011111110101010110100 011000000100000000000000 100011111010101010110100
111011111110101010110100 011000000010000000000000 100011111100101010110100
111011111110101010110100 011000000001000000000000 100011111111101010110100
111011111110101010110100 011000000000100000000000 100011111110001010110100
111011111110101010110100 011000000000010000000000 100011111110111010110100
111011111110101010110100 011000000000001000000000 100011111110100010110100
111011111110101010110100 011000000000000100000000 100011111110101110110100
111011111110101010110100 011000000000000010000000 100011111110101000110100
111011111110101010110100 011000000000000001000000 100011111110101011110100
111011111110101010110100 011000000000000000100000 100011111110101010010100
111011111110101010110100 011000000000000000010000 100011111110101010100100
111011111110101010110100 011000000000000000001000 100011111110101010111100
111011111110101010110100 011000000000000000000100 100011111110101010110000
111011111110101010110100 011000000000000000000010 100011111110101010110110
111011111110101010110100 011000000000000000000001 100011111110101010110101
111011111110101010110100 010110000000000000000000 101101111110101010110100
111011111110101010110100 010101000000000000000000 101110111110101010110100
111011111110101010110100 010100100000000000000000 101111011110101010110100
111011111110101010110100 010100010000000000000000 101111101110101010110100
111011111110101010110100 010100001000000000000000 101111110110101010110100
111011111110101010110100 010100000100000000000000 101111111010101010110100
111011111110101010110100 010100000010000000000000 101111111100101010110100
111011111110101010110100 010100000001000000000000 101111111111101010110100
111011111110101010110100 010100000000100000000000 101111111110001010110100
111011111110101010110100 010100000000010000000000 101111111110111010110100
111011111110101010110100 010100000000001000000000 101111111110100010110100
111011111110101010110100 010100000000000100000000 101111111110101110110100
111011111110101010110100 010100000000000010000000 101111111110101000110100
111011111110101010110100 010100000000000001000000 101111111110101011110100
111011111110101010110100 010100000000000000100000 101111111110101010010100
111011111110101010110100 010100000000000000010000 101111111110101010100100
111011111110101010110100 010100000000000000001000 101111111110101010111100
111011111110101010110100 010100000000000000000100 101111111110101010110000
111011111110101010110100 010100000000000000000010 101111111110101010110110
111011111110101010110100 010100000000000000000001 101111111110101010110101
111011111110101010110100 010011000000000000000000 101000111110101010110100
111011111110101010110100 010010100000000000000000 101001011110101010110100
111011111110101010110100 010010010000000000000000 101001101110101010110100
111011111110101010110100 010010001000000000000000 101001110110101010110100
111011111110101010110100 010010000100000000000000 101001111010101010110100
111011111110101010110100 010010000010000000000000 101001111100101010110100
111011111110101010110100 010010000001000000000000 101001111111101010110100
111011111110101010110100 010010000000100000000000 101001111110001010110100
111011111110101010110100 010010000000010000000000 101001111110111010110100
111011111110101010110100 010010000000001000000000 101001111110100010110100
111011111110101010110100 010010000000000100000000 101001111110101110110100
111011111110101010110100 010010000000000010000000 101001111110101000110100
111011111110101010110100 010010000000000001000000 101001111110101011110100
111011111110101010110100 010010000000000000100000 101001111110101010010100
111011111110101010110100 010010000000000000010000 101001111110101010100100
111011111110101010110100 010010000000000000001000 101001111110101010111100
111011111110101010110100 010010000000000000000100 101001111110101010110000
111011111110101010110100 010010000000000000000010 101001111110101010110110
111011111110101010110100 010010000000000000000001 101001111110101010110101
111011111110101010110100 010001100000000000000000 101010011110101010110100
111011111110101010110100 010001010000000000000000 101010101110101010110100
111011111110101010110100 010001001000000000000000 101010110110101010110100
111011111110101010110100 010001000100000000000000 101010111010101010110100
111011111110101010110100 010001000010000000000000 101010111100101010110100
111011111110101010110100 010001000001000000000000 101010111111101010110100
111011111110101010110100 010001000000100000000000 101010111110001010110100
111011111110101010110100 010001000000010000000000 101010111110111010110100
111011111110101010110100 010001000000001000000000 101010111110100010110100
111011111110101010110100 010001000000000100000000 101010111110101110110100
111011111110101010110100 010001000000000010000000 101010111110101000110100
111011111110101010110100 010001000000000001000000 101010111110101011110100
111011111110101010110100 010001000000000000100000 101010111110101010010100
111011111110101010110100 010001000000000000010000 101010111110101010100100
111011111110101010110100 010001000000000000001000 101010111110101010111100
111011111110101010110100 010001000000000000000100 101010111110101010110000
111011111110101010110100 010001000000000000000010 101010111110101010110110
111011111110101010110100 010001000000000000000001 101010111110101010110101
111011111110101010110100 010000110000000000000000 101011001110101010110100
111011111110101010110100 010000101000000000000000 101011010110101010110100
111011111110101010110100 010000100100000000000000 101011011010101010110100
111011111110101010110100 010000100010000000000000 101011011100101010110100
111011111110101010110100 010000100001000000000000 101011011111101010110100
111011111110101010110100 010000100000100000000000 101011011110001010110100
111011111110101010110100 010000100000010000000000 101011011110111010110100
111011111110101010110100 010000100000001000000000 101011011110100010110100
111011111110101010110100 010000100000000100000000 101011011110101110110100
111011111110101010110100 010000100000000010000000 101011011110101000110100
111011111110101010110100 010000100000000001000000 101011011110101011110100
111011111110101010110100 010000100000000000100000 101011011110101010010100
111011111110101010110100 010000100000000000010000 101011011110101010100100
111011111110101010110100 010000100000000000001000 101011011110101010111100
111011111110101010110100 010000100000000000000100 101011011110101010110000
111011111110101010110100 010000100000000000000010 101011011110101010110110
111011111110101010110100 010000100000000000000001 101011011110101010110101
111011111110101010110100 010000011000000000000000 101011100110101010110100
111011111110101010110100 010000010100000000000000 101011101010101010110100
111011111110101010110100 010000010010000000000000 101011101100101010110100
111011111110101010110100 010000010001000000000000 101011101111101010110100
111011111110101010110100 010000010000100000000000 101011101110001010110100
111011111110101010110100 010000010000010000000000 101011101110111010110100
111011111110101010110100 010000010000001000000000 101011101110100010110100
111011111110101010110100 010000010000000100000000 101011101110101110110100
111011111110101010110100 010000010000000010000000 101011101110101000110100
111011111110101010110100 010000010000000001000000 101011101110101011110100
111011111110101010110100 010000010000000000100000 101011101110101010010100
111011111110101010110100 010000010000000000010000 101011101110101010100100
111011111110101010110100 010000010000000000001000 101011101110101010111100
111011111110101010110100 010000010000000000000100 101011101110101010110000
111011111110101010110100 010000010000000000000010 101011101110101010110110
111011111110101010110100 010000010000000000000001 101011101110101010110101
111011111110101010110100 010000001100000000000000 101011110010101010110100
111011111110101010110100 010000001010000000000000 101011110100101010110100
111011111110101010110100 010000001001000000000000 101011110111101010110100
111011111110101010110100 010000001000100000000000 101011110110001010110100
111011111110101010110100 010000001000010000000000 101011110110111010110100
111011111110101010110100 010000001000001000000000 101011110110100010110100
111011111110101010110100 010000001000000100000000 101011110110101110110100
111011111110101010110100 010000001000000010000000 101011110110101000110100
111011111110101010110100 010000001000000001000000 101011110110101011110100
111011111110101010110100 010000001000000000100000 101011110110101010010100
111011111110101010110100 010000001000000000010000 101011110110101010100100
111011111110101010110100 010000001000000000001000 101011110110101010111100
111011111110101010110100 010000001000000000000100 101011110110101010110000
111011111110101010110100 010000001000000000000010 101011110110101010110110
111011111110101010110100 010000001000000000000001 101011110110101010110101
111011111110101010110100 010000000110000000000000 101011111000101010110100
111011111110101010110100 010000000101000000000000 101011111011101010110100
111011111110101010110100 010000000100100000000000 101011111010001010110100
111011111110101010110100 010000000100010000000000 101011111010111010110100
111011111110101010110100 010000000100001000000000 101011111010100010110100
111011111110101010110100 010000000100000100000000 101011111010101110110100
111011111110101010110100 010000000100000010000000 101011111010101000110100
111011111110101010110100 010000000100000001000000 101011111010101011110100
111011111110101010110100 010000000100000000100000 101011111010101010010100
111011111110101010110100 010000000100000000010000 101011111010101010100100
111011111110101010110100 010000000100000000001000 101011111010101010111100
111011111110101010110100 010000000100000000000100 101011111010101010110000
111011111110101010110100 010000000100000000000010 101011111010101010110110
111011111110101010110100 010000000100000000000001 101011111010101010110101
111011111110101010110100 010000000011000000000000 101011111101101010110100
111011111110101010110100 010000000010100000000000 101011111100001010110100
111011111110101010110100 010000000010010000000000 101011111100111010110100
111011111110101010110100 010000000010001000000000 101011111100100010110100
111011111110101010110100 010000000010000100000000 101011111100101110110100
111011111110101010110100 010000000010000010000000 101011111100101000110100
111011111110101010110100 010000000010000001000000 101011111100101011110100
111011111110101010110100 010000000010000000100000 101011111100101010010100
111011111110101010110100 010000000010000000010000 101011111100101010100100
111011111110101010110100 010000000010000000001000 101011111100101010111100
111011111110101010110100 010000000010000000000100 101011111100101010110000
111011111110101010110100 010000000010000000000010 101011111100101010110110
111011111110101010110100 010000000010000000000001 101011111100101010110101
111011111110101010110100 010000000001100000000000 101011111111001010110100
111011111110101010110100 010000000001010000000000 101011111111111010110100
111011111110101010110100 010000000001001000000000 101011111111100010110100
111011111110101010110100 010000000001000100000000 101011111111101110110100
111011111110101010110100 010000000001000010000000 101011111111101000110100
111011111110101010110100 010000000001000001000000 101011111111101011110100
111011111110101010110100 010000000001000000100000 101011111111101010010100
111011111110101010110100 010000000001000000010000 101011111111101010100100
111011111110101010110100 010000000001000000001000 101011111111101010111100
111011111110101010110100 010000000001000000000100 101011111111101010110000
111011111110101010110100 010000000001000000000010 101011111111101010110110
111011111110101010110100 010000000001000000000001 101011111111101010110101
111011111110101010110100 010000000000110000000000 101011111110011010110100
111011111110101010110100 010000000000101000000000 101011111110000010110100
111011111110101010110100 010000000000100100000000 101011111110001110110100
111011111110101010110100 010000000000100010000000 101011111110001000110100
111011111110101010110100 010000000000100001000000 101011111110001011110100
111011111110101010110100 010000000000100000100000 101011111110001010010100
111011111110101010110100 010000000000100000010000 101011111110001010100100
111011111110101010110100 010000000000100000001000 101011111110001010111100
111011111110101010110100 010000000000100000000100 101011111110001010110000
111011111110101010110100 010000000000100000000010 101011111110001010110110
111011111110101010110100 010000000000100000000001 101011111110001010110101
111011111110101010110100 010000000000011000000000 101011111110110010110100
111011111110101010110100 010000000000010100000000 101011111110111110110100
111011111110101010110100 010000000000010010000000 101011111110111000110100
111011111110101010110100 010000000000010001000000 101011111110111011110100
111011111110101010110100 010000000000010000100000 101011111110111010010100
111011111110101010110100 010000000000010000010000 101011111110111010100100
111011111110101010110100 010000000000010000001000 101011111110111010111100
111011111110101010110100 010000000000010000000100 101011111110111010110000
111011111110101010110100 010000000000010000000010 101011111110111010110110
111011111110101010110100 010000000000010000000001 101011111110111010110101
111011111110101010110100 010000000000001100000000 101011111110100110110100
111011111110101010110100 010000000000001010000000 101011111110100000110100
111011111110101010110100 010000000000001001000000 101011111110100011110100
111011111110101010110100 010000000000001000100000 101011111110100010010100
111011111110101010110100 010000000000001000010000 101011111110100010100100
111011111110101010110100 010000000000001000001000 101011111110100010111100
111011111110101010110100 010000000000001000000100 101011111110100010110000
111011111110101010110100 010000000000001000000010 101011111110100010110110
111011111110101010110100 010000000000001000000001 101011111110100010110101
111011111110101010110100 010000000000000110000000 101011111110101100110100
111011111110101010110100 010000000000000101000000 101011111110101111110100
111011111110101010110100 010000000000000100100000 101011111110101110010100
111011111110101010110100 010000000000000100010000 101011111110101110100100
111011111110101010110100 010000000000000100001000 101011111110101110111100
111011111110101010110100 010000000000000100000100 101011111110101110110000
111011111110101010110100 010000000000000100000010 101011111110101110110110
111011111110101010110100 010000000000000100000001 101011111110101110110101
111011111110101010110100 010000000000000011000000 101011111110101001110100
111011111110101010110100 010000000000000010100000 101011111110101000010100
111011111110101010110100 010000000000000010010000 101011111110101000100100
111011111110101010110100 010000000000000010001000 101011111110101000111100
111011111110101010110100 010000000000000010000100 101011111110101000110000
111011111110101010110100 010000000000000010000010 101011111110101000110110
111011111110101010110100 010000000000000010000001 101011111110101000110101
111011111110101010110100 010000000000000001100000 101011111110101011010100
111011111110101010110100 010000000000000001010000 101011111110101011100100
111011111110101010110100 010000000000000001001000 101011111110101011111100
111011111110101010110100 010000000000000001000100 101011111110101011110000
111011111110101010110100 010000000000000001000010 101011111110101011110110
111011111110101010110100 010000000000000001000001 101011111110101011110101
111011111110101010110100 010000000000000000110000 101011111110101010000100
111011111110101010110100 010000000000000000101000 101011111110101010011100
111011111110101010110100 010000000000000000100100 101011111110101010010000
111011111110101010110100 010000000000000000100010 101011111110101010010110
111011111110101010110100 010000000000000000100001 101011111110101010010101
111011111110101010110100 010000000000000000011000 101011111110101010101100
111011111110101010110100 010000000000000000010100 101011111110101010100000
111011111110101010110100 010000000000000000010010 101011111110101010100110
111011111110101010110100 010000000000000000010001 101011111110101010100101
111011111110101010110100 010000000000000000001100 101011111110101010111000
111011111110101010110100 010000000000000000001010 101011111110101010111110
111011111110101010110100 010000000000000000001001 101011111110101010111101
111011111110101010110100 010000000000000000000110 101011111110101010110010
111011111110101010110100 010000000000000000000101 101011111110101010110001
111011111110101010110100 010000000000000000000011 101011111110101010110111
111011111110101010110100 001110000000000000000000 110101111110101010110100
111011111110101010110100 001101000000000000000000 110110111110101010110100
111011111110101010110100 001100100000000000000000 110111011110101010110100
111011111110101010110100 001100010000000000000000 110111101110101010110100
111011111110101010110100 001100001000000000000000 110111110110101010110100
111011111110101010110100 001100000100000000000000 110111111010101010110100
111011111110101010110100 001100000010000000000000 110111111100101010110100
111011111110101010110100 001100000001000000000000 110111111111101010110100
111011111110101010110100 001100000000100000000000 110111111110001010110100
111011111110101010110100 001100000000010000000000 110111111110111010110100
111011111110101010110100 001100000000001000000000 110111111110100010110100
111011111110101010110100 001100000000000100000000 110111111110101110110100
111011111110101010110100 001100000000000010000000 110111111110101000110100
111011111110101010110100 001100000000000001000000 110111111110101011110100
111011111110101010110100 001100000000000000100000 110111111110101010010100
111011111110101010110100 001100000000000000010000 110111111110101010100100
111011111110101010110100 001100000000000000001000 110111111110101010111100
111011111110101010110100 001100000000000000000100 110111111110101010110000
111011111110101010110100 001100000000000000000010 110111111110101010110110
111011111110101010110100 001100000000000000000001 110111111110101010110101
111011111110101010110100 001011000000000000000000 110000111110101010110100
111011111110101010110100 001010100000000000000000 110001011110101010110100
111011111110101010110100 001010010000000000000000 110001101110101010110100
111011111110101010110100 001010001000000000000000 110001110110101010110100
111011111110101010110100 001010000100000000000000 110001111010101010110100
111011111110101010110100 001010000010000000000000 110001111100101010110100
111011111110101010110100 001010000001000000000000 110001111111101010110100
111011111110101010110100 001010000000100000000000 110001111110001010110100
111011111110101010110100 001010000000010000000000 110001111110111010110100
111011111110101010110100 001010000000001000000000 110001111110100010110100
111011111110101010110100 001010000000000100000000 110001111110101110110100
111011111110101010110100 001010000000000010000000 110001111110101000110100
111011111110101010110100 001010000000000001000000 110001111110101011110100
111011111110101010110100 001010000000000000100000 110001111110101010010100
111011111110101010110100 001010000000000000010000 110001111110101010100100
111011111110101010110100 001010000000000000001000 110001111110101010111100
111011111110101010110100 001010000000000000000100 110001111110101010110000
111011111110101010110100 001010000000000000000010 110001111110101010110110
111011111110101010110100 001010000000000000000001 110001111110101010110101
111011111110101010110100 001001100000000000000000 110010011110101010110100
111011111110101010110100 001001010000000000000000 110010101110101010110100
111011111110101010110100 001001001000000000000000 110010110110101010110100
111011111110101010110100 001001000100000000000000 110010111010101010110100
111011111110101010110100 001001000010000000000000 110010111100101010110100
111011111110101010110100 001001000001000000000000 110010111111101010110100
111011111110101010110100 001001000000100000000000 110010111110001010110100
111011111110101010110100 001001000000010000000000 110010111110111010110100
111011111110101010110100 001001000000001000000000 110010111110100010110100
111011111110101010110100 001001000000000100000000 110010111110101110110100
111011111110101010110100 001001000000000010000000 110010111110101000110100
111011111110101010110100 001001000000000001000000 110010111110101011110100
111011111110101010110100 001001000000000000100000 110010111110101010010100
111011111110101010110100 001001000000000000010000 110010111110101010100100
111011111110101010110100 001001000000000000001000 110010111110101010111100
111011111110101010110100 001001000000000000000100 110010111110101010110000
111011111110101010110100 001001000000000000000010 110010111110101010110110
111011111110101010110100 001001000000000000000001 110010111110101010110101
111011111110101010110100 001000110000000000000000 110011001110101010110100
111011111110101010110100 001000101000000000000000 110011010110101010110100
111011111110101010110100 001000100100000000000000 110011011010101010110100
111011111110101010110100 001000100010000000000000 110011011100101010110100
111011111110101010110100 001000100001000000000000 110011011111101010110100
111011111110101010110100 001000100000100000000000 110011011110001010110100
111011111110101010110100 001000100000010000000000 110011011110111010110100
111011111110101010110100 001000100000001000000000 110011011110100010110100
111011111110101010110100 001000100000000100000000 110011011110101110110100
111011111110101010110100 001000100000000010000000 110011011110101000110100
111011111110101010110100 001000100000000001000000 110011011110101011110100
111011111110101010110100 001000100000000000100000 110011011110101010010100
111011111110101010110100 001000100000000000010000 110011011110101010100100
111011111110101010110100 001000100000000000001000 110011011110101010111100
111011111110101010110100 001000100000000000000100 110011011110101010110000
111011111110101010110100 001000100000000000000010 110011011110101010110110
111011111110101010110100 001000100000000000000001 110011011110101010110101
111011111110101010110100 001000011000000000000000 110011100110101010110100
111011111110101010110100 001000010100000000000000 110011101010101010110100
111011111110101010110100 001000010010000000000000 110011101100101010110100
111011111110101010110100 001000010001000000000000 110011101111101010110100
111011111110101010110100 001000010000100000000000 110011101110001010110100
111011111110101010110100 001000010000010000000000 110011101110111010110100
111011111110101010110100 001000010000001000000000 110011101110100010110100
111011111110101010110100 001000010000000100000000 110011101110101110110100
111011111110101010110100 001000010000000010000000 110011101110101000110100
111011111110101010110100 001000010000000001000000 110011101110101011110100
111011111110101010110100 001000010000000000100000 110011101110101010010100
111011111110101010110100 001000010000000000010000 110011101110101010100100
111011111110101010110100 001000010000000000001000 110011101110101010111100
111011111110101010110100 001000010000000000000100 110011101110101010110000
111011111110101010110100 001000010000000000000010 110011101110101010110110
111011111110101010110100 001000010000000000000001 110011101110101010110101
111011111110101010110100 001000001100000000000000 110011110010101010110100
111011111110101010110100 001000001010000000000000 110011110100101010110100
111011111110101010110100 001000001001000000000000 110011110111101010110100
111011111110101010110100 001000001000100000000000 110011110110001010110100
111011111110101010110100 001000001000010000000000 110011110110111010110100
111011111110101010110100 001000001000001000000000 110011110110100010110100
111011111110101010110100 001000001000000100000000 110011110110101110110100
111011111110101010110100 001000001000000010000000 110011110110101000110100
111011111110101010110100 001000001000000001000000 110011110110101011110100
111011111110101010110100 001000001000000000100000 110011110110101010010100
111011111110101010110100 001000001000000000010000 110011110110101010100100
111011111110101010110100 001000001000000000001000 110011110110101010111100
111011111110101010110100 001000001000000000000100 110011110110101010110000
111011111110101010110100 001000001000000000000010 110011110110101010110110
111011111110101010110100 001000001000000000000001 110011110110101010110101
111011111110101010110100 001000000110000000000000 110011111000101010110100
111011111110101010110100 001000000101000000000000 110011111011101010110100
111011111110101010110100 001000000100100000000000 110011111010001010110100
111011111110101010110100 001000000100010000000000 110011111010111010110100
111011111110101010110100 001000000100001000000000 110011111010100010110100
111011111110101010110100 001000000100000100000000 110011111010101110110100
111011111110101010110100 001000000100000010000000 110011111010101000110100
111011111110101010110100 001000000100000001000000 110011111010101011110100
111011111110101010110100 001000000100000000100000 110011111010101010010100
111011111110101010110100 001000000100000000010000 110011111010101010100100
111011111110101010110100 001000000100000000001000 110011111010101010111100
111011111110101010110100 001000000100000000000100 110011111010101010110000
111011111110101010110100 001000000100000000000010 110011111010101010110110
111011111110101010110100 001000000100000000000001 110011111010101010110101
111011111110101010110100 001000000011000000000000 110011111101101010110100
111011111110101010110100 001000000010100000000000 110011111100001010110100
111011111110101010110100 001000000010010000000000 110011111100111010110100
111011111110101010110100 001000000010001000000000 110011111100100010110100
111011111110101010110100 001000000010000100000000 110011111100101110110100
111011111110101010110100 001000000010000010000000 110011111100101000110100
111011111110101010110100 001000000010000001000000 110011111100101011110100
111011111110101010110100 001000000010000000100000 110011111100101010010100
111011111110101010110100 001000000010000000010000 110011111100101010100100
111011111110101010110100 001000000010000000001000 110011111100101010111100
111011111110101010110100 001000000010000000000100 110011111100101010110000
111011111110101010110100 001000000010000000000010 110011111100101010110110
111011111110101010110100 001000000010000000000001 110011111100101010110101
111011111110101010110100 001000000001100000000000 110011111111001010110100
111011111110101010110100 001000000001010000000000 110011111111111010110100
111011111110101010110100 001000000001001000000000 110011111111100010110100
111011111110101010110100 001000000001000100000000 110011111111101110110100
111011111110101010110100 001000000001000010000000 110011111111101000110100
111011111110101010110100 001000000001000001000000 110011111111101011110100
111011111110101010110100 001000000001000000100000 110011111111101010010100
111011111110101010110100 001000000001000000010000 110011111111101010100100
111011111110101010110100 001000000001000000001000 110011111111101010111100
111011111110101010110100 001000000001000000000100 110011111111101010110000
111011111110101010110100 001000000001000000000010 110011111111101010110110
111011111110101010110100 001000000001000000000001 110011111111101010110101
111011111110101010110100 001000000000110000000000 110011111110011010110100
111011111110101010110100 001000000000101000000000 110011111110000010110100
111011111110101010110100 001000000000100100000000 110011111110001110110100
111011111110101010110100 001000000000100010000000 110011111110001000110100
111011111110101010110100 001000000000100001000000 110011111110001011110100
111011111110101010110100 001000000000100000100000 110011111110001010010100
111011111110101010110100 001000000000100000010000 110011111110001010100100
111011111110101010110100 001000000000100000001000 110011111110001010111100
111011111110101010110100 001000000000100000000100 110011111110001010110000
111011111110101010110100 001000000000100000000010 110011111110001010110110
111011111110101010110100 001000000000100000000001 110011111110001010110101
111011111110101010110100 001000000000011000000000 110011111110110010110100
111011111110101010110100 001000000000010100000000 110011111110111110110100
111011111110101010110100 001000000000010010000000 110011111110111000110100
111011111110101010110100 001000000000010001000000 110011111110111011110100
111011111110101010110100 001000000000010000100000 110011111110111010010100
111011111110101010110100 001000000000010000010000 110011111110111010100100
111011111110101010110100 001000000000010000001000 110011111110111010111100
111011111110101010110100 001000000000010000000100 110011111110111010110000
111011111110101010110100 001000000000010000000010 110011111110111010110110
111011111110101010110100 001000000000010000000001 110011111110111010110101
111011111110101010110100 001000000000001100000000 110011111110100110110100
111011111110101010110100 001000000000001010000000 110011111110100000110100
111011111110101010110100 001000000000001001000000 110011111110100011110100
111011111110101010110100 001000000000001000100000 110011111110100010010100
111011111110101010110100 001000000000001000010000 110011111110100010100100
111011111110101010110100 001000000000001000001000 110011111110100010111100
111011111110101010110100 001000000000001000000100 110011111110100010110000
111011111110101010110100 001000000000001000000010 110011111110100010110110
111011111110101010110100 001000000000001000000001 110011111110100010110101
111011111110101010110100 001000000000000110000000 110011111110101100110100
111011111110101010110100 001000000000000101000000 110011111110101111110100
111011111110101010110100 001000000000000100100000 110011111110101110010100
111011111110101010110100 001000000000000100010000 110011111110101110100100
111011111110101010110100 001000000000000100001000 110011111110101110111100
111011111110101010110100 001000000000000100000100 110011111110101110110000
111011111110101010110100 001000000000000100000010 110011111110101110110110
111011111110101010110100 001000000000000100000001 110011111110101110110101
111011111110101010110100 001000000000000011000000 110011111110101001110100
111011111110101010110100 001000000000000010100000 110011111110101000010100
111011111110101010110100 001000000000000010010000 110011111110101000100100
111011111110101010110100 001000000000000010001000 110011111110101000111100
111011111110101010110100 001000000000000010000100 110011111110101000110000
111011111110101010110100 001000000000000010000010 110011111110101000110110
111011111110101010110100 001000000000000010000001 110011111110101000110101
111011111110101010110100 001000000000000001100000 110011111110101011010100
111011111110101010110100 001000000000000001010000 110011111110101011100100
111011111110101010110100 001000000000000001001000 110011111110101011111100
111011111110101010110100 001000000000000001000100 110011111110101011110000
111011111110101010110100 001000000000000001000010 110011111110101011110110
111011111110101010110100 001000000000000001000001 110011111110101011110101
111011111110101010110100 001000000000000000110000 110011111110101010000100
111011111110101010110100 001000000000000000101000 110011111110101010011100
111011111110101010110100 001000000000000000100100 110011111110101010010000
111011111110101010110100 001000000000000000100010 110011111110101010010110
111011111110101010110100 001000000000000000100001 110011111110101010010101
111011111110101010110100 001000000000000000011000 110011111110101010101100
111011111110101010110100 001000000000000000010100 110011111110101010100000
111011111110101010110100 001000000000000000010010 110011111110101010100110
111011111110101010110100 001000000000000000010001 110011111110101010100101
111011111110101010110100 001000000000000000001100 110011111110101010111000
111011111110101010110100 001000000000000000001010 110011111110101010111110
111011111110101010110100 001000000000000000001001 110011111110101010111101
111011111110101010110100 001000000000000000000110 110011111110101010110010
111011111110101010110100 001000000000000000000101 110011111110101010110001
111011111110101010110100 001000000000000000000011 110011111110101010110111
111011111110101010110100 000111000000000000000000 111100111110101010110100
111011111110101010110100 000110100000000000000000 111101011110101010110100
111011111110101010110100 000110010000000000000000 111101101110101010110100
111011111110101010110100 000110001000000000000000 111101110110101010110100
111011111110101010110100 000110000100000000000000 111101111010101010110100
111011111110101010110100 000110000010000000000000 111101111100101010110100
111011111110101010110100 000110000001000000000000 111101111111101010110100
111011111110101010110100 000110000000100000000000 111101111110001010110100
111011111110101010110100 000110000000010000000000 111101111110111010110100
111011111110101010110100 000110000000001000000000 111101111110100010110100
111011111110101010110100 000110000000000100000000 111101111110101110110100
111011111110101010110100 000110000000000010000000 111101111110101000110100
111011111110101010110100 000110000000000001000000 111101111110101011110100
111011111110101010110100 000110000000000000100000 111101111110101010010100
111011111110101010110100 000110000000000000010000 111101111110101010100100
111011111110101010110100 000110000000000000001000 111101111110101010111100
111011111110101010110100 000110000000000000000100 111101111110101010110000
111011111110101010110100 000110000000000000000010 111101111110101010110110
111011111110101010110100 000110000000000000000001 111101111110101010110101
111011111110101010110100 000101100000000000000000 111110011110101010110100
111011111110101010110100 000101010000000000000000 111110101110101010110100
111011111110101010110100 000101001000000000000000 111110110110101010110100
111011111110101010110100 000101000100000000000000 111110111010101010110100
111011111110101010110100 000101000010000000000000 111110111100101010110100
111011111110101010110100 000101000001000000000000 111110111111101010110100
111011111110101010110100 000101000000100000000000 111110111110001010110100
111011111110101010110100 000101000000010000000000 111110111110111010110100
111011111110101010110100 000101000000001000000000 111110111110100010110100
111011111110101010110100 000101000000000100000000 111110111110101110110100
111011111110101010110100 000101000000000010000000 111110111110101000110100
111011111110101010110100 000101000000000001000000 111110111110101011110100
111011111110101010110100 000101000000000000100000 111110111110101010010100
111011111110101010110100 000101000000000000010000 111110111110101010100100
111011111110101010110100 000101000000000000001000 111110111110101010111100
111011111110101010110100 000101000000000000000100 111110111110101010110000
111011111110101010110100 000101000000000000000010 111110111110101010110110
111011111110101010110100 000101000000000000000001 111110111110101010110101
111011111110101010110100 000100110000000000000000 111111001110101010110100
111011111110101010110100 000100101000000000000000 111111010110101010110100
111011111110101010110100 000100100100000000000000 111111011010101010110100
111011111110101010110100 000100100010000000000000 111111011100101010110100
111011111110101010110100 000100100001000000000000 111111011111101010110100
111011111110101010110100 000100100000100000000000 111111011110001010110100
111011111110101010110100 000100100000010000000000 111111011110111010110100
111011111110101010110100 000100100000001000000000 111111011110100010110100
111011111110101010110100 000100100000000100000000 111111011110101110110100
111011111110101010110100 000100100000000010000000 111111011110101000110100
111011111110101010110100 000100100000000001000000 111111011110101011110100
111011111110101010110100 000100100000000000100000 111111011110101010010100
111011111110101010110100 000100100000000000010000 111111011110101010100100
111011111110101010110100 000100100000000000001000 111111011110101010111100
111011111110101010110100 000100100000000000000100 111111011110101010110000
111011111110101010110100 000100100000000000000010 111111011110101010110110
111011111110101010110100 000100100000000000000001 111111011110101010110101
111011111110101010110100 000100011000000000000000 111111100110101010110100
111011111110101010110100 000100010100000000000000 111111101010101010110100
111011111110101010110100 000100010010000000000000 111111101100101010110100
111011111110101010110100 000100010001000000000000 111111101111101010110100
111011111110101010110100 000100010000100000000000 111111101110001010110100
111011111110101010110100 000100010000010000000000 111111101110111010110100
111011111110101010110100 000100010000001000000000 111111101110100010110100
111011111110101010110100 000100010000000100000000 111111101110101110110100
111011111110101010110100 000100010000000010000000 111111101110101000110100
111011111110101010110100 000100010000000001000000 111111101110101011110100
111011111110101010110100 000100010000000000100000 111111101110101010010100
111011111110101010110100 000100010000000000010000 111111101110101010100100
111011111110101010110100 000100010000000000001000 111111101110101010111100
111011111110101010110100 000100010000000000000100 111111101110101010110000
111011111110101010110100 000100010000000000000010 111111101110101010110110
111011111110101010110100 000100010000000000000001 111111101110101010110101
111011111110101010110100 000100001100000000000000 111111110010101010110100
111011111110101010110100 000100001010000000000000 111111110100101010110100
111011111110101010110100 000100001001000000000000 111111110111101010110100
111011111110101010110100 000100001000100000000000 111111110110001010110100
111011111110101010110100 000100001000010000000000 111111110110111010110100
111011111110101010110100 000100001000001000000000 111111110110100010110100
111011111110101010110100 000100001000000100000000 111111110110101110110100
111011111110101010110100 000100001000000010000000 111111110110101000110100
111011111110101010110100 000100001000000001000000 111111110110101011110100
111011111110101010110100 000100001000000000100000 111111110110101010010100
111011111110101010110100 000100001000000000010000 111111110110101010100100
111011111110101010110100 000100001000000000001000 111111110110101010111100
111011111110101010110100 000100001000000000000100 111111110110101010110000
111011111110101010110100 000100001000000000000010 111111110110101010110110
111011111110101010110100 000100001000000000000001 111111110110101010110101
111011111110101010110100 000100000110000000000000 111111111000101010110100
111011111110101010110100 000100000101000000000000 111111111011101010110100
111011111110101010110100 000100000100100000000000 111111111010001010110100
111011111110101010110100 000100000100010000000000 111111111010111010110100
111011111110101010110100 000100000100001000000000 111111111010100010110100
111011111110101010110100 000100000100000100000000 111111111010101110110100
111011111110101010110100 000100000100000010000000 111111111010101000110100
111011111110101010110100 000100000100000001000000 111111111010101011110100
111011111110101010110100 000100000100000000100000 111111111010101010010100
111011111110101010110100 000100000100000000010000 111111111010101010100100
111011111110101010110100 000100000100000000001000 111111111010101010111100
111011111110101010110100 000100000100000000000100 111111111010101010110000
111011111110101010110100 000100000100000000000010 111111111010101010110110
111011111110101010110100 000100000100000000000001 111111111010101010110101
111011111110101010110100 000100000011000000000000 111111111101101010110100
111011111110101010110100 000100000010100000000000 111111111100001010110100
111011111110101010110100 000100000010010000000000 111111111100111010110100
111011111110101010110100 000100000010001000000000 111111111100100010110100
111011111110101010110100 000100000010000100000000 111111111100101110110100
111011111110101010110100 000100000010000010000000 111111111100101000110100
111011111110101010110100 000100000010000001000000 111111111100101011110100
111011111110101010110100 000100000010000000100000 111111111100101010010100
111011111110101010110100 000100000010000000010000 111111111100101010100100
111011111110101010110100 000100000010000000001000 111111111100101010111100
111011111110101010110100 000100000010000000000100 111111111100101010110000
111011111110101010110100 000100000010000000000010 111111111100101010110110
111011111110101010110100 000100000010000000000001 111111111100101010110101
111011111110101010110100 000100000001100000000000 111111111111001010110100
111011111110101010110100 000100000001010000000000 111111111111111010110100
111011111110101010110100 000100000001001000000000 111111111111100010110100
111011111110101010110100 000100000001000100000000 111111111111101110110100
111011111110101010110100 000100000001000010000000 111111111111101000110100
111011111110101010110100 000100000001000001000000 111111111111101011110100
111011111110101010110100 000100000001000000100000 111111111111101010010100
111011111110101010110100 000100000001000000010000 111111111111101010100100
111011111110101010110100 000100000001000000001000 111111111111101010111100
111011111110101010110100 000100000001000000000100 111111111111101010110000
111011111110101010110100 000100000001000000000010 111111111111101010110110
111011111110101010110100 000100000001000000000001 111111111111101010110101
111011111110101010110100 000100000000110000000000 111111111110011010110100
111011111110101010110100 000100000000101000000000 111111111110000010110100
111011111110101010110100 000100000000100100000000 111111111110001110110100
111011111110101010110100 000100000000100010000000 111111111110001000110100
111011111110101010110100 000100000000100001000000 111111111110001011110100
111011111110101010110100 000100000000100000100000 111111111110001010010100
111011111110101010110100 000100000000100000010000 111111111110001010100100
111011111110101010110100 000100000000100000001000 111111111110001010111100
111011111110101010110100 000100000000100000000100 111111111110001010110000
111011111110101010110100 000100000000100000000010 111111111110001010110110
111011111110101010110100 000100000000100000000001 111111111110001010110101
111011111110101010110100 000100000000011000000000 111111111110110010110100
111011111110101010110100 000100000000010100000000 111111111110111110110100
111011111110101010110100 000100000000010010000000 111111111110111000110100
111011111110101010110100 000100000000010001000000 111111111110111011110100
111011111110101010110100 000100000000010000100000 111111111110111010010100
111011111110101010110100 000100000000010000010000 111111111110111010100100
111011111110101010110100 000100000000010000001000 111111111110111010111100
111011111110101010110100 000100000000010000000100 111111111110111010110000
111011111110101010110100 000100000000010000000010 111111111110111010110110
111011111110101010110100 000100000000010000000001 111111111110111010110101
111011111110101010110100 000100000000001100000000 111111111110100110110100
111011111110101010110100 000100000000001010000000 111111111110100000110100
111011111110101010110100 000100000000001001000000 111111111110100011110100
111011111110101010110100 000100000000001000100000 111111111110100010010100
111011111110101010110100 000100000000001000010000 111111111110100010100100
111011111110101010110100 000100000000001000001000 111111111110100010111100
111011111110101010110100 000100000000001000000100 111111111110100010110000
111011111110101010110100 000100000000001000000010 111111111110100010110110
111011111110101010110100 000100000000001000000001 111111111110100010110101
111011111110101010110100 000100000000000110000000 111111111110101100110100
111011111110101010110100 000100000000000101000000 111111111110101111110100
111011111110101010110100 000100000000000100100000 111111111110101110010100
111011111110101010110100 000100000000000100010000 111111111110101110100100
111011111110101010110100 000100000000000100001000 111111111110101110111100
111011111110101010110100 000100000000000100000100 111111111110101110110000
111011111110101010110100 000100000000000100000010 111111111110101110110110
111011111110101010110100 000100000000000100000001 111111111110101110110101
111011111110101010110100 000100000000000011000000 111111111110101001110100
111011111110101010110100 000100000000000010100000 111111111110101000010100
111011111110101010110100 000100000000000010010000 111111111110101000100100
111011111110101010110100 000100000000000010001000 111111111110101000111100
111011111110101010110100 000100000000000010000100 111111111110101000110000
111011111110101010110100 000100000000000010000010 111111111110101000110110
111011111110101010110100 000100000000000010000001 111111111110101000110101
111011111110101010110100 000100000000000001100000 111111111110101011010100
111011111110101010110100 000100000000000001010000 111111111110101011100100
111011111110101010110100 000100000000000001001000 111111111110101011111100
111011111110101010110100 000100000000000001000100 111111111110101011110000
111011111110101010110100 000100000000000001000010 111111111110101011110110
111011111110101010110100 000100000000000001000001 111111111110101011110101
111011111110101010110100 000100000000000000110000 111111111110101010000100
111011111110101010110100 000100000000000000101000 111111111110101010011100
111011111110101010110100 000100000000000000100100 111111111110101010010000
111011111110101010110100 000100000000000000100010 111111111110101010010110
111011111110101010110100 000100000000000000100001 111111111110101010010101
111011111110101010110100 000100000000000000011000 111111111110101010101100
111011111110101010110100 000100000000000000010100 111111111110101010100000
111011111110101010110100 000100000000000000010010 111111111110101010100110
111011111110101010110100 000100000000000000010001 111111111110101010100101
111011111110101010110100 000100000000000000001100 111111111110101010111000
111011111110101010110100 000100000000000000001010 111111111110101010111110
111011111110101010110100 000100000000000000001001 111111111110101010111101
111011111110101010110100 000100000000000000000110 111111111110101010110010
111011111110101010110100 000100000000000000000101 111111111110101010110001
111011111110101010110100 000100000000000000000011 111111111110101010110111
111011111110101010110100 000011100000000000000000 111000011110101010110100
111011111110101010110100 000011010000000000000000 111000101110101010110100
111011111110101010110100 000011001000000000000000 111000110110101010110100
111011111110101010110100 000011000100000000000000 111000111010101010110100
111011111110101010110100 000011000010000000000000 111000111100101010110100
111011111110101010110100 000011000001000000000000 111000111111101010110100
111011111110101010110100 000011000000100000000000 111000111110001010110100
111011111110101010110100 000011000000010000000000 111000111110111010110100
111011111110101010110100 000011000000001000000000 111000111110100010110100
111011111110101010110100 000011000000000100000000 111000111110101110110100
111011111110101010110100 000011000000000010000000 111000111110101000110100
111011111110101010110100 000011000000000001000000 111000111110101011110100
111011111110101010110100 000011000000000000100000 111000111110101010010100
111011111110101010110100 000011000000000000010000 111000111110101010100100
111011111110101010110100 000011000000000000001000 111000111110101010111100
111011111110101010110100 000011000000000000000100 111000111110101010110000
111011111110101010110100 000011000000000000000010 111000111110101010110110
111011111110101010110100 000011000000000000000001 111000111110101010110101
111011111110101010110100 000010110000000000000000 111001001110101010110100
111011111110101010110100 000010101000000000000000 111001010110101010110100
111011111110101010110100 000010100100000000000000 111001011010101010110100
111011111110101010110100 000010100010000000000000 111001011100101010110100
111011111110101010110100 000010100001000000000000 111001011111101010110100
111011111110101010110100 000010100000100000000000 111001011110001010110100
111011111110101010110100 000010100000010000000000 111001011110111010110100
111011111110101010110100 000010100000001000000000 111001011110100010110100
111011111110101010110100 000010100000000100000000 111001011110101110110100
111011111110101010110100 000010100000000010000000 111001011110101000110100
111011111110101010110100 000010100000000001000000 111001011110101011110100
111011111110101010110100 000010100000000000100000 111001011110101010010100
111011111110101010110100 000010100000000000010000 111001011110101010100100
111011111110101010110100 000010100000000000001000 111001011110101010111100
111011111110101010110100 000010100000000000000100 111001011110101010110000
111011111110101010110100 000010100000000000000010 111001011110101010110110
111011111110101010110100 000010100000000000000001 111001011110101010110101
111011111110101010110100 000010011000000000000000 111001100110101010110100
111011111110101010110100 000010010100000000000000 111001101010101010110100
111011111110101010110100 000010010010000000000000 111001101100101010110100
111011111110101010110100 000010010001000000000000 111001101111101010110100
111011111110101010110100 000010010000100000000000 111001101110001010110100
111011111110101010110100 000010010000010000000000 111001101110111010110100
111011111110101010110100 000010010000001000000000 111001101110100010110100
111011111110101010110100 000010010000000100000000 111001101110101110110100
111011111110101010110100 000010010000000010000000 111001101110101000110100
111011111110101010110100 000010010000000001000000 111001101110101011110100
111011111110101010110100 000010010000000000100000 111001101110101010010100
111011111110101010110100 000010010000000000010000 111001101110101010100100
111011111110101010110100 000010010000000000001000 111001101110101010111100
111011111110101010110100 000010010000000000000100 111001101110101010110000
111011111110101010110100 000010010000000000000010 111001101110101010110110
111011111110101010110100 000010010000000000000001 111001101110101010110101
111011111110101010110100 000010001100000000000000 111001110010101010110100
111011111110101010110100 000010001010000000000000 111001110100101010110100
111011111110101010110100 000010001001000000000000 111001110111101010110100
111011111110101010110100 000010001000100000000000 111001110110001010110100
111011111110101010110100 000010001000010000000000 111001110110111010110100
111011111110101010110100 000010001000001000000000 111001110110100010110100
111011111110101010110100 000010001000000100000000 111001110110101110110100
111011111110101010110100 000010001000000010000000 111001110110101000110100
111011111110101010110100 000010001000000001000000 111001110110101011110100
111011111110101010110100 000010001000000000100000 111001110110101010010100
111011111110101010110100 000010001000000000010000 111001110110101010100100
111011111110101010110100 000010001000000000001000 111001110110101010111100
111011111110101010110100 000010001000000000000100 111001110110101010110000
111011111110101010110100 000010001000000000000010 111001110110101010110110
111011111110101010110100 000010001000000000000001 111001110110101010110101
111011111110101010110100 000010000110000000000000 111001111000101010110100
111011111110101010110100 000010000101000000000000 111001111011101010110100
111011111110101010110100 000010000100100000000000 111001111010001010110100
111011111110101010110100 000010000100010000000000 111001111010111010110100
111011111110101010110100 000010000100001000000000 111001111010100010110100
111011111110101010110100 000010000100000100000000 111001111010101110110100
111011111110101010110100 000010000100000010000000 111001111010101000110100
111011111110101010110100 000010000100000001000000 111001111010101011110100
111011111110101010110100 000010000100000000100000 111001111010101010010100
111011111110101010110100 000010000100000000010000 111001111010101010100100
111011111110101010110100 000010000100000000001000 111001111010101010111100
111011111110101010110100 000010000100000000000100 111001111010101010110000
111011111110101010110100 000010000100000000000010 111001111010101010110110
111011111110101010110100 000010000100000000000001 111001111010101010110101
111011111110101010110100 000010000011000000000000 111001111101101010110100
111011111110101010110100 000010000010100000000000 111001111100001010110100
111011111110101010110100 000010000010010000000000 111001111100111010110100
111011111110101010110100 000010000010001000000000 111001111100100010110100
111011111110101010110100 000010000010000100000000 111001111100101110110100
111011111110101010110100 000010000010000010000000 111001111100101000110100
111011111110101010110100 000010000010000001000000 111001111100101011110100
111011111110101010110100 000010000010000000100000 111001111100101010010100
111011111110101010110100 000010000010000000010000 111001111100101010100100
111011111110101010110100 000010000010000000001000 111001111100101010111100
111011111110101010110100 000010000010000000000100 111001111100101010110000
111011111110101010110100 000010000010000000000010 111001111100101010110110
111011111110101010110100 000010000010000000000001 111001111100101010110101
111011111110101010110100 000010000001100000000000 111001111111001010110100
111011111110101010110100 000010000001010000000000 111001111111111010110100
111011111110101010110100 000010000001001000000000 111001111111100010110100
111011111110101010110100 000010000001000100000000 111001111111101110110100
111011111110101010110100 000010000001000010000000 111001111111101000110100
111011111110101010110100 000010000001000001000000 111001111111101011110100
111011111110101010110100 000010000001000000100000 111001111111101010010100
111011111110101010110100 000010000001000000010000 111001111111101010100100
111011111110101010110100 000010000001000000001000 111001111111101010111100
111011111110101010110100 000010000001000000000100 111001111111101010110000
111011111110101010110100 000010000001000000000010 111001111111101010110110
111011111110101010110100 000010000001000000000001 111001111111101010110101
111011111110101010110100 000010000000110000000000 111001111110011010110100
111011111110101010110100 000010000000101000000000 111001111110000010110100
111011111110101010110100 000010000000100100000000 111001111110001110110100
111011111110101010110100 000010000000100010000000 111001111110001000110100
111011111110101010110100 000010000000100001000000 111001111110001011110100
111011111110101010110100 000010000000100000100000 111001111110001010010100
111011111110101010110100 000010000000100000010000 111001111110001010100100
111011111110101010110100 000010000000100000001000 111001111110001010111100
111011111110101010110100 000010000000100000000100 111001111110001010110000
111011111110101010110100 000010000000100000000010 111001111110001010110110
111011111110101010110100 000010000000100000000001 111001111110001010110101
111011111110101010110100 000010000000011000000000 111001111110110010110100
111011111110101010110100 000010000000010100000000 111001111110111110110100
111011111110101010110100 000010000000010010000000 111001111110111000110100
111011111110101010110100 000010000000010001000000 111001111110111011110100
111011111110101010110100 000010000000010000100000 111001111110111010010100
111011111110101010110100 000010000000010000010000 111001111110111010100100
111011111110101010110100 000010000000010000001000 111001111110111010111100
111011111110101010110100 000010000000010000000100 111001111110111010110000
111011111110101010110100 000010000000010000000010 111001111110111010110110
111011111110101010110100 000010000000010000000001 111001111110111010110101
111011111110101010110100 000010000000001100000000 111001111110100110110100
111011111110101010110100 000010000000001010000000 111001111110100000110100
111011111110101010110100 000010000000001001000000 111001111110100011110100
111011111110101010110100 000010000000001000100000 111001111110100010010100
111011111110101010110100 000010000000001000010000 111001111110100010100100
111011111110101010110100 000010000000001000001000 111001111110100010111100
111011111110101010110100 000010000000001000000100 111001111110100010110000
111011111110101010110100 000010000000001000000010 111001111110100010110110
111011111110101010110100 000010000000001000000001 111001111110100010110101
111011111110101010110100 000010000000000110000000 111001111110101100110100
111011111110101010110100 000010000000000101000000 111001111110101111110100
111011111110101010110100 000010000000000100100000 111001111110101110010100
111011111110101010110100 000010000000000100010000 111001111110101110100100
111011111110101010110100 000010000000000100001000 111001111110101110111100
111011111110101010110100 000010000000000100000100 111001111110101110110000
111011111110101010110100 000010000000000100000010 111001111110101110110110
111011111110101010110100 000010000000000100000001 111001111110101110110101
111011111110101010110100 000010000000000011000000 111001111110101001110100
111011111110101010110100 000010000000000010100000 111001111110101000010100
111011111110101010110100 000010000000000010010000 111001111110101000100100
111011111110101010110100 000010000000000010001000 111001111110101000111100
111011111110101010110100 000010000000000010000100 111001111110101000110000
111011111110101010110100 000010000000000010000010 111001111110101000110110
111011111110101010110100 000010000000000010000001 111001111110101000110101
111011111110101010110100 000010000000000001100000 111001111110101011010100
111011111110101010110100 000010000000000001010000 111001111110101011100100
111011111110101010110100 000010000000000001001000 111001111110101011111100
111011111110101010110100 000010000000000001000100 111001111110101011110000
111011111110101010110100 000010000000000001000010 111001111110101011110110
111011111110101010110100 000010000000000001000001 111001111110101011110101
111011111110101010110100 000010000000000000110000 111001111110101010000100
111011111110101010110100 000010000000000000101000 111001111110101010011100
111011111110101010110100 000010000000000000100100 111001111110101010010000
111011111110101010110100 000010000000000000100010 111001111110101010010110
111011111110101010110100 000010000000000000100001 111001111110101010010101
111011111110101010110100 000010000000000000011000 111001111110101010101100
111011111110101010110100 000010000000000000010100 111001111110101010100000
111011111110101010110100 000010000000000000010010 111001111110101010100110
111011111110101010110100 000010000000000000010001 111001111110101010100101
111011111110101010110100 000010000000000000001100 111001111110101010111000
111011111110101010110100 000010000000000000001010 111001111110101010111110
111011111110101010110100 000010000000000000001001 111001111110101010111101
111011111110101010110100 000010000000000000000110 111001111110101010110010
111011111110101010110100 000010000000000000000101 111001111110101010110001
111011111110101010110100 000010000000000000000011 111001111110101010110111
111011111110101010110100 000001110000000000000000 111010001110101010110100
111011111110101010110100 000001101000000000000000 111010010110101010110100
111011111110101010110100 000001100100000000000000 111010011010101010110100
111011111110101010110100 000001100010000000000000 111010011100101010110100
111011111110101010110100 000001100001000000000000 111010011111101010110100
111011111110101010110100 000001100000100000000000 111010011110001010110100
111011111110101010110100 000001100000010000000000 111010011110111010110100
111011111110101010110100 000001100000001000000000 111010011110100010110100
111011111110101010110100 000001100000000100000000 111010011110101110110100
111011111110101010110100 000001100000000010000000 111010011110101000110100
111011111110101010110100 000001100000000001000000 111010011110101011110100
111011111110101010110100 000001100000000000100000 111010011110101010010100
111011111110101010110100 000001100000000000010000 111010011110101010100100
111011111110101010110100 000001100000000000001000 111010011110101010111100
111011111110101010110100 000001100000000000000100 111010011110101010110000
111011111110101010110100 000001100000000000000010 111010011110101010110110
111011111110101010110100 000001100000000000000001 111010011110101010110101
111011111110101010110100 000001011000000000000000 111010100110101010110100
111011111110101010110100 000001010100000000000000 111010101010101010110100
111011111110101010110100 000001010010000000000000 111010101100101010110100
111011111110101010110100 000001010001000000000000 111010101111101010110100
111011111110101010110100 000001010000100000000000 111010101110001010110100
111011111110101010110100 000001010000010000000000 111010101110111010110100
111011111110101010110100 000001010000001000000000 111010101110100010110100
111011111110101010110100 000001010000000100000000 111010101110101110110100
111011111110101010110100 000001010000000010000000 111010101110101000110100
111011111110101010110100 000001010000000001000000 111010101110101011110100
111011111110101010110100 000001010000000000100000 111010101110101010010100
111011111110101010110100 000001010000000000010000 111010101110101010100100
111011111110101010110100 000001010000000000001000 111010101110101010111100
111011111110101010110100 000001010000000000000100 111010101110101010110000
111011111110101010110100 000001010000000000000010 111010101110101010110110
111011111110101010110100 000001010000000000000001 111010101110101010110101
111011111110101010110100 000001001100000000000000 111010110010101010110100
111011111110101010110100 000001001010000000000000 111010110100101010110100
111011111110101010110100 000001001001000000000000 111010110111101010110100
111011111110101010110100 000001001000100000000000 111010110110001010110100
111011111110101010110100 000001001000010000000000 111010110110111010110100
111011111110101010110100 000001001000001000000000 111010110110100010110100
111011111110101010110100 000001001000000100000000 111010110110101110110100
111011111110101010110100 000001001000000010000000 111010110110101000110100
111011111110101010110100 000001001000000001000000 111010110110101011110100
111011111110101010110100 000001001000000000100000 111010110110101010010100
111011111110101010110100 000001001000000000010000 111010110110101010100100
111011111110101010110100 000001001000000000001000 111010110110101010111100
111011111110101010110100 000001001000000000000100 111010110110101010110000
111011111110101010110100 000001001000000000000010 111010110110101010110110
111011111110101010110100 000001001000000000000001 111010110110101010110101
111011111110101010110100 000001000110000000000000 111010111000101010110100
111011111110101010110100 000001000101000000000000 111010111011101010110100
111011111110101010110100 000001000100100000000000 111010111010001010110100
111011111110101010110100 000001000100010000000000 111010111010111010110100
111011111110101010110100 000001000100001000000000 111010111010100010110100
111011111110101010110100 000001000100000100000000 111010111010101110110100
111011111110101010110100 000001000100000010000000 111010111010101000110100
111011111110101010110100 000001000100000001000000 111010111010101011110100
111011111110101010110100 000001000100000000100000 111010111010101010010100
111011111110101010110100 000001000100000000010000 111010111010101010100100
111011111110101010110100 000001000100000000001000 111010111010101010111100
111011111110101010110100 000001000100000000000100 111010111010101010110000
111011111110101010110100 000001000100000000000010 111010111010101010110110
111011111110101010110100 000001000100000000000001 111010111010101010110101
111011111110101010110100 000001000011000000000000 111010111101101010110100
111011111110101010110100 000001000010100000000000 111010111100001010110100
111011111110101010110100 000001000010010000000000 111010111100111010110100
111011111110101010110100 000001000010001000000000 111010111100100010110100
111011111110101010110100 000001000010000100000000 111010111100101110110100
111011111110101010110100 000001000010000010000000 111010111100101000110100
111011111110101010110100 000001000010000001000000 111010111100101011110100
111011111110101010110100 000001000010000000100000 111010111100101010010100
111011111110101010110100 000001000010000000010000 111010111100101010100100
111011111110101010110100 000001000010000000001000 111010111100101010111100
111011111110101010110100 000001000010000000000100 111010111100101010110000
111011111110101010110100 000001000010000000000010 111010111100101010110110
111011111110101010110100 000001000010000000000001 111010111100101010110101
111011111110101010110100 000001000001100000000000 111010111111001010110100
111011111110101010110100 000001000001010000000000 111010111111111010110100
111011111110101010110100 000001000001001000000000 111010111111100010110100
111011111110101010110100 000001000001000100000000 111010111111101110110100
111011111110101010110100 000001000001000010000000 111010111111101000110100
111011111110101010110100 000001000001000001000000 111010111111101011110100
111011111110101010110100 000001000001000000100000 111010111111101010010100
111011111110101010110100 000001000001000000010000 111010111111101010100100
111011111110101010110100 000001000001000000001000 111010111111101010111100
111011111110101010110100 000001000001000000000100 111010111111101010110000
111011111110101010110100 000001000001000000000010 111010111111101010110110
111011111110101010110100 000001000001000000000001 111010111111101010110101
111011111110101010110100 000001000000110000000000 111010111110011010110100
111011111110101010110100 000001000000101000000000 111010111110000010110100
111011111110101010110100 000001000000100100000000 111010111110001110110100
111011111110101010110100 000001000000100010000000 111010111110001000110100
111011111110101010110100 000001000000100001000000 111010111110001011110100
111011111110101010110100 000001000000100000100000 111010111110001010010100
111011111110101010110100 000001000000100000010000 111010111110001010100100
111011111110101010110100 000001000000100000001000 111010111110001010111100
111011111110101010110100 000001000000100000000100 111010111110001010110000
111011111110101010110100 000001000000100000000010 111010111110001010110110
111011111110101010110100 000001000000100000000001 111010111110001010110101
111011111110101010110100 000001000000011000000000 111010111110110010110100
111011111110101010110100 000001000000010100000000 111010111110111110110100
111011111110101010110100 000001000000010010000000 111010111110111000110100
111011111110101010110100 000001000000010001000000 111010111110111011110100
111011111110101010110100 000001000000010000100000 111010111110111010010100
111011111110101010110100 000001000000010000010000 111010111110111010100100
111011111110101010110100 000001000000010000001000 111010111110111010111100
111011111110101010110100 000001000000010000000100 111010111110111010110000
111011111110101010110100 000001000000010000000010 111010111110111010110110
111011111110101010110100 000001000000010000000001 111010111110111010110101
111011111110101010110100 000001000000001100000000 111010111110100110110100
111011111110101010110100 000001000000001010000000 111010111110100000110100
111011111110101010110100 000001000000001001000000 111010111110100011110100
111011111110101010110100 000001000000001000100000 111010111110100010010100
111011111110101010110100 000001000000001000010000 111010111110100010100100
111011111110101010110100 000001000000001000001000 111010111110100010111100
111011111110101010110100 000001000000001000000100 111010111110100010110000
111011111110101010110100 000001000000001000000010 111010111110100010110110
111011111110101010110100 000001000000001000000001 111010111110100010110101
111011111110101010110100 000001000000000110000000 111010111110101100110100
111011111110101010110100 000001000000000101000000 111010111110101111110100
111011111110101010110100 000001000000000100100000 111010111110101110010100
111011111110101010110100 000001000000000100010000 111010111110101110100100
111011111110101010110100 000001000000000100001000 111010111110101110111100
111011111110101010110100 000001000000000100000100 111010111110101110110000
111011111110101010110100 000001000000000100000010 111010111110101110110110
111011111110101010110100 000001000000000100000001 111010111110101110110101
111011111110101010110100 000001000000000011000000 111010111110101001110100
111011111110101010110100 000001000000000010100000 111010111110101000010100
111011111110101010110100 000001000000000010010000 111010111110101000100100
111011111110101010110100 000001000000000010001000 111010111110101000111100
111011111110101010110100 000001000000000010000100 111010111110101000110000
111011111110101010110100 000001000000000010000010 111010111110101000110110
111011111110101010110100 000001000000000010000001 111010111110101000110101
111011111110101010110100 000001000000000001100000 111010111110101011010100
111011111110101010110100 000001000000000001010000 111010111110101011100100
111011111110101010110100 000001000000000001001000 111010111110101011111100
111011111110101010110100 000001000000000001000100 111010111110101011110000
111011111110101010110100 000001000000000001000010 111010111110101011110110
111011111110101010110100 000001000000000001000001 111010111110101011110101
111011111110101010110100 000001000000000000110000 111010111110101010000100
111011111110101010110100 000001000000000000101000 111010111110101010011100
111011111110101010110100 000001000000000000100100 111010111110101010010000
111011111110101010110100 000001000000000000100010 111010111110101010010110
111011111110101010110100 000001000000000000100001 111010111110101010010101
111011111110101010110100 000001000000000000011000 111010111110101010101100
111011111110101010110100 000001000000000000010100 111010111110101010100000
111011111110101010110100 000001000000000000010010 111010111110101010100110
111011111110101010110100 000001000000000000010001 111010111110101010100101
111011111110101010110100 000001000000000000001100 111010111110101010111000
111011111110101010110100 000001000000000000001010 111010111110101010111110
111011111110101010110100 000001000000000000001001 111010111110101010111101
111011111110101010110100 000001000000000000000110 111010111110101010110010
111011111110101010110100 000001000000000000000101 111010111110101010110001
111011111110101010110100 000001000000000000000011 111010111110101010110111
111011111110101010110100 000000111000000000000000 111011000110101010110100
111011111110101010110100 000000110100000000000000 111011001010101010110100
111011111110101010110100 000000110010000000000000 111011001100101010110100
111011111110101010110100 000000110001000000000000 111011001111101010110100
111011111110101010110100 000000110000100000000000 111011001110001010110100
111011111110101010110100 000000110000010000000000 111011001110111010110100
111011111110101010110100 000000110000001000000000 111011001110100010110100
111011111110101010110100 000000110000000100000000 111011001110101110110100
111011111110101010110100 000000110000000010000000 111011001110101000110100
111011111110101010110100 000000110000000001000000 111011001110101011110100
111011111110101010110100 000000110000000000100000 111011001110101010010100
111011111110101010110100 000000110000000000010000 111011001110101010100100
111011111110101010110100 000000110000000000001000 111011001110101010111100
111011111110101010110100 000000110000000000000100 111011001110101010110000
111011111110101010110100 000000110000000000000010 111011001110101010110110
111011111110101010110100 000000110000000000000001 111011001110101010110101
111011111110101010110100 000000101100000000000000 111011010010101010110100
111011111110101010110100 000000101010000000000000 111011010100101010110100
111011111110101010110100 000000101001000000000000 111011010111101010110100
111011111110101010110100 000000101000100000000000 111011010110001010110100
111011111110101010110100 000000101000010000000000 111011010110111010110100
111011111110101010110100 000000101000001000000000 111011010110100010110100
111011111110101010110100 000000101000000100000000 111011010110101110110100
111011111110101010110100 000000101000000010000000 111011010110101000110100
111011111110101010110100 000000101000000001000000 111011010110101011110100
111011111110101010110100 000000101000000000100000 111011010110101010010100
111011111110101010110100 000000101000000000010000 111011010110101010100100
111011111110101010110100 000000101000000000001000 111011010110101010111100
111011111110101010110100 000000101000000000000100 111011010110101010110000
111011111110101010110100 000000101000000000000010 111011010110101010110110
111011111110101010110100 000000101000000000000001 111011010110101010110101
111011111110101010110100 000000100110000000000000 111011011000101010110100
111011111110101010110100 000000100101000000000000 111011011011101010110100
111011111110101010110100 000000100100100000000000 111011011010001010110100
111011111110101010110100 000000100100010000000000 111011011010111010110100
111011111110101010110100 000000100100001000000000 111011011010100010110100
111011111110101010110100 000000100100000100000000 111011011010101110110100
111011111110101010110100 000000100100000010000000 111011011010101000110100
111011111110101010110100 000000100100000001000000 111011011010101011110100
111011111110101010110100 000000100100000000100000 111011011010101010010100
111011111110101010110100 000000100100000000010000 111011011010101010100100
111011111110101010110100 000000100100000000001000 111011011010101010111100
111011111110101010110100 000000100100000000000100 111011011010101010110000
111011111110101010110100 000000100100000000000010 111011011010101010110110
111011111110101010110100 000000100100000000000001 111011011010101010110101
111011111110101010110100 000000100011000000000000 111011011101101010110100
111011111110101010110100 000000100010100000000000 111011011100001010110100
111011111110101010110100 000000100010010000000000 111011011100111010110100
111011111110101010110100 000000100010001000000000 111011011100100010110100
111011111110101010110100 000000100010000100000000 111011011100101110110100
111011111110101010110100 000000100010000010000000 111011011100101000110100
111011111110101010110100 000000100010000001000000 111011011100101011110100
111011111110101010110100 000000100010000000100000 111011011100101010010100
111011111110101010110100 000000100010000000010000 111011011100101010100100
111011111110101010110100 000000100010000000001000 111011011100101010111100
111011111110101010110100 000000100010000000000100 111011011100101010110000
111011111110101010110100 000000100010000000000010 111011011100101010110110
111011111110101010110100 000000100010000000000001 111011011100101010110101
111011111110101010110100 000000100001100000000000 111011011111001010110100
111011111110101010110100 000000100001010000000000 111011011111111010110100
111011111110101010110100 000000100001001000000000 111011011111100010110100
111011111110101010110100 000000100001000100000000 111011011111101110110100
111011111110101010110100 000000100001000010000000 111011011111101000110100
111011111110101010110100 000000100001000001000000 111011011111101011110100
111011111110101010110100 000000100001000000100000 111011011111101010010100
111011111110101010110100 000000100001000000010000 111011011111101010100100
111011111110101010110100 000000100001000000001000 111011011111101010111100
111011111110101010110100 000000100001000000000100 111011011111101010110000
111011111110101010110100 000000100001000000000010 111011011111101010110110
111011111110101010110100 000000100001000000000001 111011011111101010110101
111011111110101010110100 000000100000110000000000 111011011110011010110100
111011111110101010110100 000000100000101000000000 111011011110000010110100
111011111110101010110100 000000100000100100000000 111011011110001110110100
111011111110101010110100 000000100000100010000000 111011011110001000110100
111011111110101010110100 000000100000100001000000 111011011110001011110100
111011111110101010110100 000000100000100000100000 111011011110001010010100
111011111110101010110100 000000100000100000010000 111011011110001010100100
111011111110101010110100 000000100000100000001000 111011011110001010111100
111011111110101010110100 000000100000100000000100 111011011110001010110000
111011111110101010110100 000000100000100000000010 111011011110001010110110
111011111110101010110100 000000100000100000000001 111011011110001010110101
111011111110101010110100 000000100000011000000000 111011011110110010110100
111011111110101010110100 000000100000010100000000 111011011110111110110100
111011111110101010110100 000000100000010010000000 111011011110111000110100
111011111110101010110100 000000100000010001000000 111011011110111011110100
111011111110101010110100 000000100000010000100000 111011011110111010010100
111011111110101010110100 000000100000010000010000 111011011110111010100100
111011111110101010110100 000000100000010000001000 111011011110111010111100
111011111110101010110100 000000100000010000000100 111011011110111010110000
111011111110101010110100 000000100000010000000010 111011011110111010110110
111011111110101010110100 000000100000010000000001 111011011110111010110101
111011111110101010110100 000000100000001100000000 111011011110100110110100
111011111110101010110100 000000100000001010000000 111011011110100000110100
111011111110101010110100 000000100000001001000000 111011011110100011110100
111011111110101010110100 000000100000001000100000 111011011110100010010100
111011111110101010110100 000000100000001000010000 111011011110100010100100
111011111110101010110100 000000100000001000001000 111011011110100010111100
111011111110101010110100 000000100000001000000100 111011011110100010110000
111011111110101010110100 000000100000001000000010 111011011110100010110110
111011111110101010110100 000000100000001000000001 111011011110100010110101
111011111110101010110100 000000100000000110000000 111011011110101100110100
111011111110101010110100 000000100000000101000000 111011011110101111110100
111011111110101010110100 000000100000000100100000 111011011110101110010100
111011111110101010110100 000000100000000100010000 111011011110101110100100
111011111110101010110100 000000100000000100001000 111011011110101110111100
111011111110101010110100 000000100000000100000100 111011011110101110110000
111011111110101010110100 000000100000000100000010 111011011110101110110110
111011111110101010110100 000000100000000100000001 111011011110101110110101
111011111110101010110100 000000100000000011000000 111011011110101001110100
111011111110101010110100 000000100000000010100000 111011011110101000010100
111011111110101010110100 000000100000000010010000 111011011110101000100100
111011111110101010110100 000000100000000010001000 111011011110101000111100
111011111110101010110100 000000100000000010000100 111011011110101000110000
111011111110101010110100 000000100000000010000010 111011011110101000110110
111011111110101010110100 000000100000000010000001 111011011110101000110101
111011111110101010110100 000000100000000001100000 111011011110101011010100
111011111110101010110100 000000100000000001010000 111011011110101011100100
111011111110101010110100 000000100000000001001000 111011011110101011111100
111011111110101010110100 000000100000000001000100 111011011110101011110000
111011111110101010110100 000000100000000001000010 111011011110101011110110
111011111110101010110100 000000100000000001000001 111011011110101011110101
111011111110101010110100 000000100000000000110000 111011011110101010000100
111011111110101010110100 000000100000000000101000 111011011110101010011100
111011111110101010110100 000000100000000000100100 111011011110101010010000
111011111110101010110100 000000100000000000100010 111011011110101010010110
111011111110101010110100 000000100000000000100001 111011011110101010010101
111011111110101010110100 000000100000000000011000 111011011110101010101100
111011111110101010110100 000000100000000000010100 111011011110101010100000
111011111110101010110100 000000100000000000010010 111011011110101010100110
111011111110101010110100 000000100000000000010001 111011011110101010100101
111011111110101010110100 000000100000000000001100 111011011110101010111000
111011111110101010110100 000000100000000000001010 111011011110101010111110
111011111110101010110100 000000100000000000001001 111011011110101010111101
111011111110101010110100 000000100000000000000110 111011011110101010110010
111011111110101010110100 000000100000000000000101 111011011110101010110001
111011111110101010110100 000000100000000000000011 111011011110101010110111
111011111110101010110100 000000011100000000000000 111011100010101010110100
111011111110101010110100 000000011010000000000000 111011100100101010110100
111011111110101010110100 000000011001000000000000 111011100111101010110100
111011111110101010110100 000000011000100000000000 111011100110001010110100
111011111110101010110100 000000011000010000000000 111011100110111010110100
111011111110101010110100 000000011000001000000000 111011100110100010110100
111011111110101010110100 000000011000000100000000 111011100110101110110100
111011111110101010110100 000000011000000010000000 111011100110101000110100
111011111110101010110100 000000011000000001000000 111011100110101011110100
111011111110101010110100 000000011000000000100000 111011100110101010010100
111011111110101010110100 000000011000000000010000 111011100110101010100100
111011111110101010110100 000000011000000000001000 111011100110101010111100
111011111110101010110100 000000011000000000000100 111011100110101010110000
111011111110101010110100 000000011000000000000010 111011100110101010110110
111011111110101010110100 000000011000000000000001 111011100110101010110101
111011111110101010110100 000000010110000000000000 111011101000101010110100
111011111110101010110100 000000010101000000000000 111011101011101010110100
111011111110101010110100 000000010100100000000000 111011101010001010110100
111011111110101010110100 000000010100010000000000 111011101010111010110100
111011111110101010110100 000000010100001000000000 111011101010100010110100
111011111110101010110100 000000010100000100000000 111011101010101110110100
111011111110101010110100 000000010100000010000000 111011101010101000110100
111011111110101010110100 000000010100000001000000 111011101010101011110100
111011111110101010110100 000000010100000000100000 111011101010101010010100
111011111110101010110100 000000010100000000010000 111011101010101010100100
111011111110101010110100 000000010100000000001000 111011101010101010111100
111011111110101010110100 000000010100000000000100 111011101010101010110000
111011111110101010110100 000000010100000000000010 111011101010101010110110
111011111110101010110100 000000010100000000000001 111011101010101010110101
111011111110101010110100 000000010011000000000000 111011101101101010110100
111011111110101010110100 000000010010100000000000 111011101100001010110100
111011111110101010110100 000000010010010000000000 111011101100111010110100
111011111110101010110100 000000010010001000000000 111011101100100010110100
111011111110101010110100 000000010010000100000000 111011101100101110110100
111011111110101010110100 000000010010000010000000 111011101100101000110100
111011111110101010110100 000000010010000001000000 111011101100101011110100
111011111110101010110100 000000010010000000100000 111011101100101010010100
111011111110101010110100 000000010010000000010000 111011101100101010100100
111011111110101010110100 000000010010000000001000 111011101100101010111100
111011111110101010110100 000000010010000000000100 111011101100101010110000
111011111110101010110100 000000010010000000000010 111011101100101010110110
111011111110101010110100 000000010010000000000001 111011101100101010110101
111011111110101010110100 000000010001100000000000 111011101111001010110100
111011111110101010110100 000000010001010000000000 111011101111111010110100
111011111110101010110100 000000010001001000000000 111011101111100010110100
111011111110101010110100 000000010001000100000000 111011101111101110110100
111011111110101010110100 000000010001000010000000 111011101111101000110100
111011111110101010110100 000000010001000001000000 111011101111101011110100
111011111110101010110100 000000010001000000100000 111011101111101010010100
111011111110101010110100 000000010001000000010000 111011101111101010100100
111011111110101010110100 000000010001000000001000 111011101111101010111100
111011111110101010110100 000000010001000000000100 111011101111101010110000
111011111110101010110100 000000010001000000000010 111011101111101010110110
111011111110101010110100 000000010001000000000001 111011101111101010110101
111011111110101010110100 000000010000110000000000 111011101110011010110100
111011111110101010110100 000000010000101000000000 111011101110000010110100
111011111110101010110100 000000010000100100000000 111011101110001110110100
111011111110101010110100 000000010000100010000000 111011101110001000110100
111011111110101010110100 000000010000100001000000 111011101110001011110100
111011111110101010110100 000000010000100000100000 111011101110001010010100
111011111110101010110100 000000010000100000010000 111011101110001010100100
111011111110101010110100 000000010000100000001000 111011101110001010111100
111011111110101010110100 000000010000100000000100 111011101110001010110000
111011111110101010110100 000000010000100000000010 111011101110001010110110
111011111110101010110100 000000010000100000000001 111011101110001010110101
111011111110101010110100 000000010000011000000000 111011101110110010110100
111011111110101010110100 000000010000010100000000 111011101110111110110100
111011111110101010110100 000000010000010010000000 111011101110111000110100
111011111110101010110100 000000010000010001000000 111011101110111011110100
111011111110101010110100 000000010000010000100000 111011101110111010010100
111011111110101010110100 000000010000010000010000 111011101110111010100100
111011111110101010110100 000000010000010000001000 111011101110111010111100
111011111110101010110100 000000010000010000000100 111011101110111010110000
111011111110101010110100 000000010000010000000010 111011101110111010110110
111011111110101010110100 000000010000010000000001 111011101110111010110101
111011111110101010110100 000000010000001100000000 111011101110100110110100
111011111110101010110100 000000010000001010000000 111011101110100000110100
111011111110101010110100 000000010000001001000000 111011101110100011110100
111011111110101010110100 000000010000001000100000 111011101110100010010100
111011111110101010110100 000000010000001000010000 111011101110100010100100
111011111110101010110100 000000010000001000001000 111011101110100010111100
111011111110101010110100 000000010000001000000100 111011101110100010110000
111011111110101010110100 000000010000001000000010 111011101110100010110110
111011111110101010110100 000000010000001000000001 111011101110100010110101
111011111110101010110100 000000010000000110000000 111011101110101100110100
111011111110101010110100 000000010000000101000000 111011101110101111110100
111011111110101010110100 000000010000000100100000 111011101110101110010100
111011111110101010110100 000000010000000100010000 111011101110101110100100
111011111110101010110100 000000010000000100001000 111011101110101110111100
111011111110101010110100 000000010000000100000100 111011101110101110110000
111011111110101010110100 000000010000000100000010 111011101110101110110110
111011111110101010110100 000000010000000100000001 111011101110101110110101
111011111110101010110100 000000010000000011000000 111011101110101001110100
111011111110101010110100 000000010000000010100000 111011101110101000010100
111011111110101010110100 000000010000000010010000 111011101110101000100100
111011111110101010110100 000000010000000010001000 111011101110101000111100
111011111110101010110100 000000010000000010000100 111011101110101000110000
111011111110101010110100 000000010000000010000010 111011101110101000110110
111011111110101010110100 000000010000000010000001 111011101110101000110101
111011111110101010110100 000000010000000001100000 111011101110101011010100
111011111110101010110100 000000010000000001010000 111011101110101011100100
111011111110101010110100 000000010000000001001000 111011101110101011111100
111011111110101010110100 000000010000000001000100 111011101110101011110000
111011111110101010110100 000000010000000001000010 111011101110101011110110
111011111110101010110100 000000010000000001000001 111011101110101011110101
111011111110101010110100 000000010000000000110000 111011101110101010000100
111011111110101010110100 000000010000000000101000 111011101110101010011100
111011111110101010110100 000000010000000000100100 111011101110101010010000
111011111110101010110100 000000010000000000100010 111011101110101010010110
111011111110101010110100 000000010000000000100001 111011101110101010010101
111011111110101010110100 000000010000000000011000 111011101110101010101100
111011111110101010110100 000000010000000000010100 111011101110101010100000
111011111110101010110100 000000010000000000010010 111011101110101010100110
111011111110101010110100 000000010000000000010001 111011101110101010100101
111011111110101010110100 000000010000000000001100 111011101110101010111000
111011111110101010110100 000000010000000000001010 111011101110101010111110
111011111110101010110100 000000010000000000001001 111011101110101010111101
111011111110101010110100 000000010000000000000110 111011101110101010110010
111011111110101010110100 000000010000000000000101 111011101110101010110001
111011111110101010110100 000000010000000000000011 111011101110101010110111
111011111110101010110100 000000001110000000000000 111011110000101010110100
111011111110101010110100 000000001101000000000000 111011110011101010110100
111011111110101010110100 000000001100100000000000 111011110010001010110100
111011111110101010110100 000000001100010000000000 111011110010111010110100
111011111110101010110100 000000001100001000000000 111011110010100010110100
111011111110101010110100 000000001100000100000000 111011110010101110110100
111011111110101010110100 000000001100000010000000 111011110010101000110100
111011111110101010110100 000000001100000001000000 111011110010101011110100
111011111110101010110100 000000001100000000100000 111011110010101010010100
111011111110101010110100 000000001100000000010000 111011110010101010100100
111011111110101010110100 000000001100000000001000 111011110010101010111100
111011111110101010110100 000000001100000000000100 111011110010101010110000
111011111110101010110100 000000001100000000000010 111011110010101010110110
111011111110101010110100 000000001100000000000001 111011110010101010110101
111011111110101010110100 000000001011000000000000 111011110101101010110100
111011111110101010110100 000000001010100000000000 111011110100001010110100
111011111110101010110100 000000001010010000000000 111011110100111010110100
111011111110101010110100 000000001010001000000000 111011110100100010110100
111011111110101010110100 000000001010000100000000 111011110100101110110100
111011111110101010110100 000000001010000010000000 111011110100101000110100
111011111110101010110100 000000001010000001000000 111011110100101011110100
111011111110101010110100 000000001010000000100000 111011110100101010010100
111011111110101010110100 000000001010000000010000 111011110100101010100100
111011111110101010110100 000000001010000000001000 111011110100101010111100
111011111110101010110100 000000001010000000000100 111011110100101010110000
111011111110101010110100 000000001010000000000010 111011110100101010110110
111011111110101010110100 000000001010000000000001 111011110100101010110101
111011111110101010110100 000000001001100000000000 111011110111001010110100
111011111110101010110100 000000001001010000000000 111011110111111010110100
111011111110101010110100 000000001001001000000000 111011110111100010110100
111011111110101010110100 000000001001000100000000 111011110111101110110100
111011111110101010110100 000000001001000010000000 111011110111101000110100
111011111110101010110100 000000001001000001000000 111011110111101011110100
111011111110101010110100 000000001001000000100000 111011110111101010010100
111011111110101010110100 000000001001000000010000 111011110111101010100100
111011111110101010110100 000000001001000000001000 111011110111101010111100
111011111110101010110100 000000001001000000000100 111011110111101010110000
111011111110101010110100 000000001001000000000010 111011110111101010110110
111011111110101010110100 000000001001000000000001 111011110111101010110101
111011111110101010110100 000000001000110000000000 111011110110011010110100
111011111110101010110100 000000001000101000000000 111011110110000010110100
111011111110101010110100 000000001000100100000000 111011110110001110110100
111011111110101010110100 000000001000100010000000 111011110110001000110100
111011111110101010110100 000000001000100001000000 111011110110001011110100
111011111110101010110100 000000001000100000100000 111011110110001010010100
111011111110101010110100 000000001000100000010000 111011110110001010100100
111011111110101010110100 000000001000100000001000 111011110110001010111100
111011111110101010110100 000000001000100000000100 111011110110001010110000
111011111110101010110100 000000001000100000000010 111011110110001010110110
111011111110101010110100 000000001000100000000001 111011110110001010110101
111011111110101010110100 000000001000011000000000 111011110110110010110100
111011111110101010110100 000000001000010100000000 111011110110111110110100
111011111110101010110100 000000001000010010000000 111011110110111000110100
111011111110101010110100 000000001000010001000000 111011110110111011110100
111011111110101010110100 000000001000010000100000 111011110110111010010100
111011111110101010110100 000000001000010000010000 111011110110111010100100
111011111110101010110100 000000001000010000001000 111011110110111010111100
111011111110101010110100 000000001000010000000100 111011110110111010110000
111011111110101010110100 000000001000010000000010 111011110110111010110110
111011111110101010110100 000000001000010000000001 111011110110111010110101
111011111110101010110100 000000001000001100000000 111011110110100110110100
111011111110101010110100 000000001000001010000000 111011110110100000110100
111011111110101010110100 000000001000001001000000 111011110110100011110100
111011111110101010110100 000000001000001000100000 111011110110100010010100
111011111110101010110100 000000001000001000010000 111011110110100010100100
111011111110101010110100 000000001000001000001000 111011110110100010111100
111011111110101010110100 000000001000001000000100 111011110110100010110000
111011111110101010110100 000000001000001000000010 111011110110100010110110
111011111110101010110100 000000001000001000000001 111011110110100010110101
111011111110101010110100 000000001000000110000000 111011110110101100110100
111011111110101010110100 000000001000000101000000 111011110110101111110100
111011111110101010110100 000000001000000100100000 111011110110101110010100
111011111110101010110100 000000001000000100010000 111011110110101110100100
111011111110101010110100 000000001000000100001000 111011110110101110111100
111011111110101010110100 000000001000000100000100 111011110110101110110000
111011111110101010110100 000000001000000100000010 111011110110101110110110
111011111110101010110100 000000001000000100000001 111011110110101110110101
111011111110101010110100 000000001000000011000000 111011110110101001110100
111011111110101010110100 000000001000000010100000 111011110110101000010100
111011111110101010110100 000000001000000010010000 111011110110101000100100
111011111110101010110100 000000001000000010001000 111011110110101000111100
111011111110101010110100 000000001000000010000100 111011110110101000110000
111011111110101010110100 000000001000000010000010 111011110110101000110110
111011111110101010110100 000000001000000010000001 111011110110101000110101
111011111110101010110100 000000001000000001100000 111011110110101011010100
111011111110101010110100 000000001000000001010000 111011110110101011100100
111011111110101010110100 000000001000000001001000 111011110110101011111100
111011111110101010110100 000000001000000001000100 111011110110101011110000
111011111110101010110100 000000001000000001000010 111011110110101011110110
111011111110101010110100 000000001000000001000001 111011110110101011110101
111011111110101010110100 000000001000000000110000 111011110110101010000100
111011111110101010110100 000000001000000000101000 111011110110101010011100
111011111110101010110100 000000001000000000100100 111011110110101010010000
111011111110101010110100 000000001000000000100010 111011110110101010010110
111011111110101010110100 000000001000000000100001 111011110110101010010101
111011111110101010110100 000000001000000000011000 111011110110101010101100
111011111110101010110100 000000001000000000010100 111011110110101010100000
111011111110101010110100 000000001000000000010010 111011110110101010100110
111011111110101010110100 000000001000000000010001 111011110110101010100101
111011111110101010110100 000000001000000000001100 111011110110101010111000
111011111110101010110100 000000001000000000001010 111011110110101010111110
111011111110101010110100 000000001000000000001001 111011110110101010111101
111011111110101010110100 000000001000000000000110 111011110110101010110010
111011111110101010110100 000000001000000000000101 111011110110101010110001
111011111110101010110100 000000001000000000000011 111011110110101010110111
111011111110101010110100 000000000111000000000000 111011111001101010110100
111011111110101010110100 000000000110100000000000 111011111000001010110100
111011111110101010110100 000000000110010000000000 111011111000111010110100
111011111110101010110100 000000000110001000000000 111011111000100010110100
111011111110101010110100 000000000110000100000000 111011111000101110110100
111011111110101010110100 000000000110000010000000 111011111000101000110100
111011111110101010110100 000000000110000001000000 111011111000101011110100
111011111110101010110100 000000000110000000100000 111011111000101010010100
111011111110101010110100 000000000110000000010000 111011111000101010100100
111011111110101010110100 000000000110000000001000 111011111000101010111100
111011111110101010110100 000000000110000000000100 111011111000101010110000
111011111110101010110100 000000000110000000000010 111011111000101010110110
111011111110101010110100 000000000110000000000001 111011111000101010110101
111011111110101010110100 000000000101100000000000 111011111011001010110100
111011111110101010110100 000000000101010000000000 111011111011111010110100
111011111110101010110100 000000000101001000000000 111011111011100010110100
111011111110101010110100 000000000101000100000000 111011111011101110110100
111011111110101010110100 000000000101000010000000 111011111011101000110100
111011111110101010110100 000000000101000001000000 111011111011101011110100
111011111110101010110100 000000000101000000100000 111011111011101010010100
111011111110101010110100 000000000101000000010000 111011111011101010100100
111011111110101010110100 000000000101000000001000 111011111011101010111100
111011111110101010110100 000000000101000000000100 111011111011101010110000
111011111110101010110100 000000000101000000000010 111011111011101010110110
111011111110101010110100 000000000101000000000001 111011111011101010110101
111011111110101010110100 000000000100110000000000 111011111010011010110100
111011111110101010110100 000000000100101000000000 111011111010000010110100
111011111110101010110100 000000000100100100000000 111011111010001110110100
111011111110101010110100 000000000100100010000000 111011111010001000110100
111011111110101010110100 000000000100100001000000 111011111010001011110100
111011111110101010110100 000000000100100000100000 111011111010001010010100
111011111110101010110100 000000000100100000010000 111011111010001010100100
111011111110101010110100 000000000100100000001000 111011111010001010111100
111011111110101010110100 000000000100100000000100 111011111010001010110000
111011111110101010110100 000000000100100000000010 111011111010001010110110
111011111110101010110100 000000000100100000000001 111011111010001010110101
111011111110101010110100 000000000100011000000000 111011111010110010110100
111011111110101010110100 000000000100010100000000 111011111010111110110100
111011111110101010110100 000000000100010010000000 111011111010111000110100
111011111110101010110100 000000000100010001000000 111011111010111011110100
111011111110101010110100 000000000100010000100000 111011111010111010010100
111011111110101010110100 000000000100010000010000 111011111010111010100100
111011111110101010110100 000000000100010000001000 111011111010111010111100
111011111110101010110100 000000000100010000000100 111011111010111010110000
111011111110101010110100 000000000100010000000010 111011111010111010110110
111011111110101010110100 000000000100010000000001 111011111010111010110101
111011111110101010110100 000000000100001100000000 111011111010100110110100
111011111110101010110100 000000000100001010000000 111011111010100000110100
111011111110101010110100 000000000100001001000000 111011111010100011110100
111011111110101010110100 000000000100001000100000 111011111010100010010100
111011111110101010110100 000000000100001000010000 111011111010100010100100
111011111110101010110100 000000000100001000001000 111011111010100010111100
111011111110101010110100 000000000100001000000100 111011111010100010110000
111011111110101010110100 000000000100001000000010 111011111010100010110110
111011111110101010110100 000000000100001000000001 111011111010100010110101
111011111110101010110100 000000000100000110000000 111011111010101100110100
111011111110101010110100 000000000100000101000000 111011111010101111110100
111011111110101010110100 000000000100000100100000 111011111010101110010100
111011111110101010110100 000000000100000100010000 111011111010101110100100
111011111110101010110100 000000000100000100001000 111011111010101110111100
111011111110101010110100 000000000100000100000100 111011111010101110110000
111011111110101010110100 000000000100000100000010 111011111010101110110110
111011111110101010110100 000000000100000100000001 111011111010101110110101
111011111110101010110100 000000000100000011000000 111011111010101001110100
111011111110101010110100 000000000100000010100000 111011111010101000010100
111011111110101010110100 000000000100000010010000 111011111010101000100100
111011111110101010110100 000000000100000010001000 111011111010101000111100
111011111110101010110100 000000000100000010000100 111011111010101000110000
111011111110101010110100 000000000100000010000010 111011111010101000110110
111011111110101010110100 000000000100000010000001 111011111010101000110101
111011111110101010110100 000000000100000001100000 111011111010101011010100
111011111110101010110100 000000000100000001010000 111011111010101011100100
111011111110101010110100 000000000100000001001000 111011111010101011111100
111011111110101010110100 000000000100000001000100 111011111010101011110000
111011111110101010110100 000000000100000001000010 111011111010101011110110
111011111110101010110100 000000000100000001000001 111011111010101011110101
111011111110101010110100 000000000100000000110000 111011111010101010000100
111011111110101010110100 000000000100000000101000 111011111010101010011100
111011111110101010110100 000000000100000000100100 111011111010101010010000
111011111110101010110100 000000000100000000100010 111011111010101010010110
111011111110101010110100 000000000100000000100001 111011111010101010010101
111011111110101010110100 000000000100000000011000 111011111010101010101100
111011111110101010110100 000000000100000000010100 111011111010101010100000
111011111110101010110100 000000000100000000010010 111011111010101010100110
111011111110101010110100 000000000100000000010001 111011111010101010100101
111011111110101010110100 000000000100000000001100 111011111010101010111000
111011111110101010110100 000000000100000000001010 111011111010101010111110
111011111110101010110100 000000000100000000001001 111011111010101010111101
111011111110101010110100 000000000100000000000110 111011111010101010110010
111011111110101010110100 000000000100000000000101 111011111010101010110001
111011111110101010110100 000000000100000000000011 111011111010101010110111
111011111110101010110100 000000000011100000000000 111011111101001010110100
111011111110101010110100 000000000011010000000000 111011111101111010110100
111011111110101010110100 000000000011001000000000 111011111101100010110100
111011111110101010110100 000000000011000100000000 111011111101101110110100
111011111110101010110100 000000000011000010000000 111011111101101000110100
111011111110101010110100 000000000011000001000000 111011111101101011110100
111011111110101010110100 000000000011000000100000 111011111101101010010100
111011111110101010110100 000000000011000000010000 111011111101101010100100
111011111110101010110100 000000000011000000001000 111011111101101010111100
111011111110101010110100 000000000011000000000100 111011111101101010110000
111011111110101010110100 000000000011000000000010 111011111101101010110110
111011111110101010110100 000000000011000000000001 111011111101101010110101
111011111110101010110100 000000000010110000000000 111011111100011010110100
111011111110101010110100 000000000010101000000000 111011111100000010110100
111011111110101010110100 000000000010100100000000 111011111100001110110100
111011111110101010110100 000000000010100010000000 111011111100001000110100
111011111110101010110100 000000000010100001000000 111011111100001011110100
111011111110101010110100 000000000010100000100000 111011111100001010010100
111011111110101010110100 000000000010100000010000 111011111100001010100100
111011111110101010110100 000000000010100000001000 111011111100001010111100
111011111110101010110100 000000000010100000000100 111011111100001010110000
111011111110101010110100 000000000010100000000010 111011111100001010110110
111011111110101010110100 000000000010100000000001 111011111100001010110101
111011111110101010110100 000000000010011000000000 111011111100110010110100
111011111110101010110100 000000000010010100000000 111011111100111110110100
111011111110101010110100 000000000010010010000000 111011111100111000110100
111011111110101010110100 000000000010010001000000 111011111100111011110100
111011111110101010110100 000000000010010000100000 111011111100111010010100
111011111110101010110100 000000000010010000010000 111011111100111010100100
111011111110101010110100 000000000010010000001000 111011111100111010111100
111011111110101010110100 000000000010010000000100 111011111100111010110000
111011111110101010110100 000000000010010000000010 111011111100111010110110
111011111110101010110100 000000000010010000000001 111011111100111010110101
111011111110101010110100 000000000010001100000000 111011111100100110110100
111011111110101010110100 000000000010001010000000 111011111100100000110100
111011111110101010110100 000000000010001001000000 111011111100100011110100
111011111110101010110100 000000000010001000100000 111011111100100010010100
111011111110101010110100 000000000010001000010000 111011111100100010100100
111011111110101010110100 000000000010001000001000 111011111100100010111100
111011111110101010110100 000000000010001000000100 111011111100100010110000
111011111110101010110100 000000000010001000000010 111011111100100010110110
111011111110101010110100 000000000010001000000001 111011111100100010110101
111011111110101010110100 000000000010000110000000 111011111100101100110100
111011111110101010110100 000000000010000101000000 111011111100101111110100
111011111110101010110100 000000000010000100100000 111011111100101110010100
111011111110101010110100 000000000010000100010000 111011111100101110100100
111011111110101010110100 000000000010000100001000 111011111100101110111100
111011111110101010110100 000000000010000100000100 111011111100101110110000
111011111110101010110100 000000000010000100000010 111011111100101110110110
111011111110101010110100 000000000010000100000001 111011111100101110110101
111011111110101010110100 000000000010000011000000 111011111100101001110100
111011111110101010110100 000000000010000010100000 111011111100101000010100
111011111110101010110100 000000000010000010010000 111011111100101000100100
111011111110101010110100 000000000010000010001000 111011111100101000111100
111011111110101010110100 000000000010000010000100 111011111100101000110000
111011111110101010110100 000000000010000010000010 111011111100101000110110
111011111110101010110100 000000000010000010000001 111011111100101000110101
111011111110101010110100 000000000010000001100000 111011111100101011010100
111011111110101010110100 000000000010000001010000 111011111100101011100100
111011111110101010110100 000000000010000001001000 111011111100101011111100
111011111110101010110100 000000000010000001000100 111011111100101011110000
111011111110101010110100 000000000010000001000010 111011111100101011110110
111011111110101010110100 000000000010000001000001 111011111100101011110101
111011111110101010110100 000000000010000000110000 111011111100101010000100
111011111110101010110100 000000000010000000101000 111011111100101010011100
111011111110101010110100 000000000010000000100100 111011111100101010010000
111011111110101010110100 000000000010000000100010 111011111100101010010110
111011111110101010110100 000000000010000000100001 111011111100101010010101
111011111110101010110100 000000000010000000011000 111011111100101010101100
111011111110101010110100 000000000010000000010100 111011111100101010100000
111011111110101010110100 000000000010000000010010 111011111100101010100110
111011111110101010110100 000000000010000000010001 111011111100101010100101
111011111110101010110100 000000000010000000001100 111011111100101010111000
111011111110101010110100 000000000010000000001010 111011111100101010111110
111011111110101010110100 000000000010000000001001 111011111100101010111101
111011111110101010110100 000000000010000000000110 111011111100101010110010
111011111110101010110100 000000000010000000000101 111011111100101010110001
111011111110101010110100 000000000010000000000011 111011111100101010110111
111011111110101010110100 000000000001110000000000 111011111111011010110100
111011111110101010110100 000000000001101000000000 111011111111000010110100
111011111110101010110100 000000000001100100000000 111011111111001110110100
111011111110101010110100 000000000001100010000000 111011111111001000110100
111011111110101010110100 000000000001100001000000 111011111111001011110100
111011111110101010110100 000000000001100000100000 111011111111001010010100
111011111110101010110100 000000000001100000010000 111011111111001010100100
111011111110101010110100 000000000001100000001000 111011111111001010111100
111011111110101010110100 000000000001100000000100 111011111111001010110000
111011111110101010110100 000000000001100000000010 111011111111001010110110
111011111110101010110100 000000000001100000000001 111011111111001010110101
111011111110101010110100 000000000001011000000000 111011111111110010110100
111011111110101010110100 000000000001010100000000 111011111111111110110100
111011111110101010110100 000000000001010010000000 111011111111111000110100
111011111110101010110100 000000000001010001000000 111011111111111011110100
111011111110101010110100 000000000001010000100000 111011111111111010010100
111011111110101010110100 000000000001010000010000 111011111111111010100100
111011111110101010110100 000000000001010000001000 111011111111111010111100
111011111110101010110100 000000000001010000000100 111011111111111010110000
111011111110101010110100 000000000001010000000010 111011111111111010110110
111011111110101010110100 000000000001010000000001 111011111111111010110101
111011111110101010110100 000000000001001100000000 111011111111100110110100
111011111110101010110100 000000000001001010000000 111011111111100000110100
111011111110101010110100 000000000001001001000000 111011111111100011110100
111011111110101010110100 000000000001001000100000 111011111111100010010100
111011111110101010110100 000000000001001000010000 111011111111100010100100
111011111110101010110100 000000000001001000001000 111011111111100010111100
111011111110101010110100 000000000001001000000100 111011111111100010110000
111011111110101010110100 000000000001001000000010 111011111111100010110110
111011111110101010110100 000000000001001000000001 111011111111100010110101
111011111110101010110100 000000000001000110000000 111011111111101100110100
111011111110101010110100 000000000001000101000000 111011111111101111110100
111011111110101010110100 000000000001000100100000 111011111111101110010100
111011111110101010110100 000000000001000100010000 111011111111101110100100
111011111110101010110100 000000000001000100001000 111011111111101110111100
111011111110101010110100 000000000001000100000100 111011111111101110110000
111011111110101010110100 000000000001000100000010 111011111111101110110110
111011111110101010110100 000000000001000100000001 111011111111101110110101
111011111110101010110100 000000000001000011000000 111011111111101001110100
111011111110101010110100 000000000001000010100000 111011111111101000010100
111011111110101010110100 000000000001000010010000 111011111111101000100100
111011111110101010110100 000000000001000010001000 111011111111101000111100
111011111110101010110100 000000000001000010000100 111011111111101000110000
111011111110101010110100 000000000001000010000010 111011111111101000110110
111011111110101010110100 000000000001000010000001 111011111111101000110101
111011111110101010110100 000000000001000001100000 111011111111101011010100
111011111110101010110100 000000000001000001010000 111011111111101011100100
111011111110101010110100 000000000001000001001000 111011111111101011111100
111011111110101010110100 000000000001000001000100 111011111111101011110000
111011111110101010110100 000000000001000001000010 111011111111101011110110
111011111110101010110100 000000000001000001000001 111011111111101011110101
111011111110101010110100 000000000001000000110000 111011111111101010000100
111011111110101010110100 000000000001000000101000 111011111111101010011100
111011111110101010110100 000000000001000000100100 111011111111101010010000
111011111110101010110100 000000000001000000100010 111011111111101010010110
111011111110101010110100 000000000001000000100001 111011111111101010010101
111011111110101010110100 000000000001000000011000 111011111111101010101100
111011111110101010110100 000000000001000000010100 111011111111101010100000
111011111110101010110100 000000000001000000010010 111011111111101010100110
111011111110101010110100 000000000001000000010001 111011111111101010100101
111011111110101010110100 000000000001000000001100 111011111111101010111000
111011111110101010110100 000000000001000000001010 111011111111101010111110
111011111110101010110100 000000000001000000001001 111011111111101010111101
111011111110101010110100 000000000001000000000110 111011111111101010110010
111011111110101010110100 000000000001000000000101 111011111111101010110001
111011111110101010110100 000000000001000000000011 111011111111101010110111
111011111110101010110100 000000000000111000000000 111011111110010010110100
111011111110101010110100 000000000000110100000000 111011111110011110110100
111011111110101010110100 000000000000110010000000 111011111110011000110100
111011111110101010110100 000000000000110001000000 111011111110011011110100
111011111110101010110100 000000000000110000100000 111011111110011010010100
111011111110101010110100 000000000000110000010000 111011111110011010100100
111011111110101010110100 000000000000110000001000 111011111110011010111100
111011111110101010110100 000000000000110000000100 111011111110011010110000
111011111110101010110100 000000000000110000000010 111011111110011010110110
111011111110101010110100 000000000000110000000001 111011111110011010110101
111011111110101010110100 000000000000101100000000 111011111110000110110100
111011111110101010110100 000000000000101010000000 111011111110000000110100
111011111110101010110100 000000000000101001000000 111011111110000011110100
111011111110101010110100 000000000000101000100000 111011111110000010010100
111011111110101010110100 000000000000101000010000 111011111110000010100100
111011111110101010110100 000000000000101000001000 111011111110000010111100
111011111110101010110100 000000000000101000000100 111011111110000010110000
111011111110101010110100 000000000000101000000010 111011111110000010110110
111011111110101010110100 000000000000101000000001 111011111110000010110101
111011111110101010110100 000000000000100110000000 111011111110001100110100
111011111110101010110100 000000000000100101000000 111011111110001111110100
111011111110101010110100 000000000000100100100000 111011111110001110010100
111011111110101010110100 000000000000100100010000 111011111110001110100100
111011111110101010110100 000000000000100100001000 111011111110001110111100
111011111110101010110100 000000000000100100000100 111011111110001110110000
111011111110101010110100 000000000000100100000010 111011111110001110110110
111011111110101010110100 000000000000100100000001 111011111110001110110101
111011111110101010110100 000000000000100011000000 111011111110001001110100
111011111110101010110100 000000000000100010100000 111011111110001000010100
111011111110101010110100 000000000000100010010000 111011111110001000100100
111011111110101010110100 000000000000100010001000 111011111110001000111100
111011111110101010110100 000000000000100010000100 111011111110001000110000
111011111110101010110100 000000000000100010000010 111011111110001000110110
111011111110101010110100 000000000000100010000001 111011111110001000110101
111011111110101010110100 000000000000100001100000 111011111110001011010100
111011111110101010110100 000000000000100001010000 111011111110001011100100
111011111110101010110100 000000000000100001001000 111011111110001011111100
111011111110101010110100 000000000000100001000100 111011111110001011110000
111011111110101010110100 000000000000100001000010 111011111110001011110110
111011111110101010110100 000000000000100001000001 111011111110001011110101
111011111110101010110100 000000000000100000110000 111011111110001010000100
111011111110101010110100 000000000000100000101000 111011111110001010011100
111011111110101010110100 000000000000100000100100 111011111110001010010000
111011111110101010110100 000000000000100000100010 111011111110001010010110
111011111110101010110100 000000000000100000100001 111011111110001010010101
111011111110101010110100 000000000000100000011000 111011111110001010101100
111011111110101010110100 000000000000100000010100 111011111110001010100000
111011111110101010110100 000000000000100000010010 111011111110001010100110
111011111110101010110100 000000000000100000010001 111011111110001010100101
111011111110101010110100 000000000000100000001100 111011111110001010111000
111011111110101010110100 000000000000100000001010 111011111110001010111110
111011111110101010110100 000000000000100000001001 111011111110001010111101
111011111110101010110100 000000000000100000000110 111011111110001010110010
111011111110101010110100 000000000000100000000101 111011111110001010110001
111011111110101010110100 000000000000100000000011 111011111110001010110111
111011111110101010110100 000000000000011100000000 111011111110110110110100
111011111110101010110100 000000000000011010000000 111011111110110000110100
111011111110101010110100 000000000000011001000000 111011111110110011110100
111011111110101010110100 000000000000011000100000 111011111110110010010100
111011111110101010110100 000000000000011000010000 111011111110110010100100
111011111110101010110100 000000000000011000001000 111011111110110010111100
111011111110101010110100 000000000000011000000100 111011111110110010110000
111011111110101010110100 000000000000011000000010 111011111110110010110110
111011111110101010110100 000000000000011000000001 111011111110110010110101
111011111110101010110100 000000000000010110000000 111011111110111100110100
111011111110101010110100 000000000000010101000000 111011111110111111110100
111011111110101010110100 000000000000010100100000 111011111110111110010100
111011111110101010110100 000000000000010100010000 111011111110111110100100
111011111110101010110100 000000000000010100001000 111011111110111110111100
111011111110101010110100 000000000000010100000100 111011111110111110110000
111011111110101010110100 000000000000010100000010 111011111110111110110110
111011111110101010110100 000000000000010100000001 111011111110111110110101
111011111110101010110100 000000000000010011000000 111011111110111001110100
111011111110101010110100 000000000000010010100000 111011111110111000010100
111011111110101010110100 000000000000010010010000 111011111110111000100100
111011111110101010110100 000000000000010010001000 111011111110111000111100
111011111110101010110100 000000000000010010000100 111011111110111000110000
111011111110101010110100 000000000000010010000010 111011111110111000110110
111011111110101010110100 000000000000010010000001 111011111110111000110101
111011111110101010110100 000000000000010001100000 111011111110111011010100
111011111110101010110100 000000000000010001010000 111011111110111011100100
111011111110101010110100 000000000000010001001000 111011111110111011111100
111011111110101010110100 000000000000010001000100 111011111110111011110000
111011111110101010110100 000000000000010001000010 111011111110111011110110
111011111110101010110100 000000000000010001000001 111011111110111011110101
111011111110101010110100 000000000000010000110000 111011111110111010000100
111011111110101010110100 000000000000010000101000 111011111110111010011100
111011111110101010110100 000000000000010000100100 111011111110111010010000
111011111110101010110100 000000000000010000100010 111011111110111010010110
111011111110101010110100 000000000000010000100001 111011111110111010010101
111011111110101010110100 000000000000010000011000 111011111110111010101100
111011111110101010110100 000000000000010000010100 111011111110111010100000
111011111110101010110100 000000000000010000010010 111011111110111010100110
111011111110101010110100 000000000000010000010001 111011111110111010100101
111011111110101010110100 000000000000010000001100 111011111110111010111000
111011111110101010110100 000000000000010000001010 111011111110111010111110
111011111110101010110100 000000000000010000001001 111011111110111010111101
111011111110101010110100 000000000000010000000110 111011111110111010110010
111011111110101010110100 000000000000010000000101 111011111110111010110001
111011111110101010110100 000000000000010000000011 111011111110111010110111
111011111110101010110100 000000000000001110000000 111011111110100100110100
111011111110101010110100 000000000000001101000000 111011111110100111110100
111011111110101010110100 000000000000001100100000 111011111110100110010100
111011111110101010110100 000000000000001100010000 111011111110100110100100
111011111110101010110100 000000000000001100001000 111011111110100110111100
111011111110101010110100 000000000000001100000100 111011111110100110110000
111011111110101010110100 000000000000001100000010 111011111110100110110110
111011111110101010110100 000000000000001100000001 111011111110100110110101
111011111110101010110100 000000000000001011000000 111011111110100001110100
111011111110101010110100 000000000000001010100000 111011111110100000010100
111011111110101010110100 000000000000001010010000 111011111110100000100100
111011111110101010110100 000000000000001010001000 111011111110100000111100
111011111110101010110100 000000000000001010000100 111011111110100000110000
111011111110101010110100 000000000000001010000010 111011111110100000110110
111011111110101010110100 000000000000001010000001 111011111110100000110101
111011111110101010110100 000000000000001001100000 111011111110100011010100
111011111110101010110100 000000000000001001010000 111011111110100011100100
111011111110101010110100 000000000000001001001000 111011111110100011111100
111011111110101010110100 000000000000001001000100 111011111110100011110000
111011111110101010110100 000000000000001001000010 111011111110100011110110
111011111110101010110100 000000000000001001000001 111011111110100011110101
111011111110101010110100 000000000000001000110000 111011111110100010000100
111011111110101010110100 000000000000001000101000 111011111110100010011100
111011111110101010110100 000000000000001000100100 111011111110100010010000
111011111110101010110100 000000000000001000100010 111011111110100010010110
111011111110101010110100 000000000000001000100001 111011111110100010010101
111011111110101010110100 000000000000001000011000 111011111110100010101100
111011111110101010110100 000000000000001000010100 111011111110100010100000
111011111110101010110100 000000000000001000010010 111011111110100010100110
111011111110101010110100 000000000000001000010001 111011111110100010100101
111011111110101010110100 000000000000001000001100 111011111110100010111000
111011111110101010110100 000000000000001000001010 111011111110100010111110
111011111110101010110100 000000000000001000001001 111011111110100010111101
111011111110101010110100 000000000000001000000110 111011111110100010110010
111011111110101010110100 000000000000001000000101 111011111110100010110001
111011111110101010110100 000000000000001000000011 111011111110100010110111
111011111110101010110100 000000000000000111000000 111011111110101101110100
111011111110101010110100 000000000000000110100000 111011111110101100010100
111011111110101010110100 000000000000000110010000 111011111110101100100100
111011111110101010110100 000000000000000110001000 111011111110101100111100
111011111110101010110100 000000000000000110000100 111011111110101100110000
111011111110101010110100 000000000000000110000010 111011111110101100110110
111011111110101010110100 000000000000000110000001 111011111110101100110101
111011111110101010110100 000000000000000101100000 111011111110101111010100
111011111110101010110100 000000000000000101010000 111011111110101111100100
111011111110101010110100 000000000000000101001000 111011111110101111111100
111011111110101010110100 000000000000000101000100 111011111110101111110000
111011111110101010110100 000000000000000101000010 111011111110101111110110
111011111110101010110100 000000000000000101000001 111011111110101111110101
111011111110101010110100 000000000000000100110000 111011111110101110000100
111011111110101010110100 000000000000000100101000 111011111110101110011100
111011111110101010110100 000000000000000100100100 111011111110101110010000
111011111110101010110100 000000000000000100100010 111011111110101110010110
111011111110101010110100 000000000000000100100001 111011111110101110010101
111011111110101010110100 000000000000000100011000 111011111110101110101100
111011111110101010110100 000000000000000100010100 111011111110101110100000
111011111110101010110100 000000000000000100010010 111011111110101110100110
111011111110101010110100 000000000000000100010001 111011111110101110100101
111011111110101010110100 000000000000000100001100 111011111110101110111000
111011111110101010110100 000000000000000100001010 111011111110101110111110
111011111110101010110100 000000000000000100001001 111011111110101110111101
111011111110101010110100 000000000000000100000110 111011111110101110110010
111011111110101010110100 000000000000000100000101 111011111110101110110001
111011111110101010110100 000000000000000100000011 111011111110101110110111
111011111110101010110100 000000000000000011100000 111011111110101001010100
111011111110101010110100 000000000000000011010000 111011111110101001100100
111011111110101010110100 000000000000000011001000 111011111110101001111100
111011111110101010110100 000000000000000011000100 111011111110101001110000
111011111110101010110100 000000000000000011000010 111011111110101001110110
111011111110101010110100 000000000000000011000001 111011111110101001110101
111011111110101010110100 000000000000000010110000 111011111110101000000100
111011111110101010110100 000000000000000010101000 111011111110101000011100
111011111110101010110100 000000000000000010100100 111011111110101000010000
111011111110101010110100 000000000000000010100010 111011111110101000010110
111011111110101010110100 000000000000000010100001 111011111110101000010101
111011111110101010110100 000000000000000010011000 111011111110101000101100
111011111110101010110100 000000000000000010010100 111011111110101000100000
111011111110101010110100 000000000000000010010010 111011111110101000100110
111011111110101010110100 000000000000000010010001 111011111110101000100101
111011111110101010110100 000000000000000010001100 111011111110101000111000
111011111110101010110100 000000000000000010001010 111011111110101000111110
111011111110101010110100 000000000000000010001001 111011111110101000111101
111011111110101010110100 000000000000000010000110 111011111110101000110010
111011111110101010110100 000000000000000010000101 111011111110101000110001
111011111110101010110100 000000000000000010000011 111011111110101000110111
111011111110101010110100 000000000000000001110000 111011111110101011000100
111011111110101010110100 000000000000000001101000 111011111110101011011100
111011111110101010110100 000000000000000001100100 111011111110101011010000
111011111110101010110100 000000000000000001100010 111011111110101011010110
111011111110101010110100 000000000000000001100001 111011111110101011010101
111011111110101010110100 000000000000000001011000 111011111110101011101100
111011111110101010110100 000000000000000001010100 111011111110101011100000
111011111110101010110100 000000000000000001010010 111011111110101011100110
111011111110101010110100 000000000000000001010001 111011111110101011100101
111011111110101010110100 000000000000000001001100 111011111110101011111000
111011111110101010110100 000000000000000001001010 111011111110101011111110
111011111110101010110100 000000000000000001001001 111011111110101011111101
111011111110101010110100 000000000000000001000110 111011111110101011110010
111011111110101010110100 000000000000000001000101 111011111110101011110001
111011111110101010110100 000000000000000001000011 111011111110101011110111
111011111110101010110100 000000000000000000111000 111011111110101010001100
111011111110101010110100 000000000000000000110100 111011111110101010000000
111011111110101010110100 000000000000000000110010 111011111110101010000110
111011111110101010110100 000000000000000000110001 111011111110101010000101
111011111110101010110100 000000000000000000101100 111011111110101010011000
111011111110101010110100 000000000000000000101010 111011111110101010011110
111011111110101010110100 000000000000000000101001 111011111110101010011101
111011111110101010110100 000000000000000000100110 111011111110101010010010
111011111110101010110100 000000000000000000100101 111011111110101010010001
111011111110101010110100 000000000000000000100011 111011111110101010010111
111011111110101010110100 000000000000000000011100 111011111110101010101000
111011111110101010110100 000000000000000000011010 111011111110101010101110
111011111110101010110100 000000000000000000011001 111011111110101010101101
111011111110101010110100 000000000000000000010110 111011111110101010100010
111011111110101010110100 000000000000000000010101 111011111110101010100001
111011111110101010110100 000000000000000000010011 111011111110101010100111
111011111110101010110100 000000000000000000001110 111011111110101010111010
111011111110101010110100 000000000000000000001101 111011111110101010111001
111011111110101010110100 000000000000000000001011 111011111110101010111111
111011111110101010110100 000000000000000000000111 111011111110101010110011
111011111110101010110100 111100000000000000000000 000111111110101010110100
111011111110101010110100 111010000000000000000000 000001111110101010110100
111011111110101010110100 111001000000000000000000 000010111110101010110100
111011111110101010110100 111000100000000000000000 000011011110101010110100
111011111110101010110100 111000010000000000000000 000011101110101010110100
111011111110101010110100 111000001000000000000000 000011110110101010110100
111011111110101010110100 111000000100000000000000 000011111010101010110100
111011111110101010110100 111000000010000000000000 000011111100101010110100
111011111110101010110100 111000000001000000000000 000011111111101010110100
111011111110101010110100 111000000000100000000000 000011111110001010110100
111011111110101010110100 111000000000010000000000 000011111110111010110100
111011111110101010110100 111000000000001000000000 000011111110100010110100
111011111110101010110100 111000000000000100000000 000011111110101110110100
111011111110101010110100 111000000000000010000000 000011111110101000110100
111011111110101010110100 111000000000000001000000 000011111110101011110100
111011111110101010110100 111000000000000000100000 000011111110101010010100
111011111110101010110100 111000000000000000010000 000011111110101010100100
111011111110101010110100 111000000000000000001000 000011111110101010111100
111011111110101010110100 111000000000000000000100 000011111110101010110000
111011111110101010110100 111000000000000000000010 000011111110101010110110
111011111110101010110100 111000000000000000000001 000011111110101010110101
111011111110101010110100 110110000000000000000000 001101111110101010110100
111011111110101010110100 110101000000000000000000 001110111110101010110100
111011111110101010110100 110100100000000000000000 001111011110101010110100
111011111110101010110100 110100010000000000000000 001111101110101010110100
111011111110101010110100 110100001000000000000000 001111110110101010110100
111011111110101010110100 110100000100000000000000 001111111010101010110100
111011111110101010110100 110100000010000000000000 001111111100101010110100
111011111110101010110100 110100000001000000000000 001111111111101010110100
111011111110101010110100 110100000000100000000000 001111111110001010110100
111011111110101010110100 110100000000010000000000 001111111110111010110100
111011111110101010110100 110100000000001000000000 001111111110100010110100
111011111110101010110100 110100000000000100000000 001111111110101110110100
111011111110101010110100 110100000000000010000000 001111111110101000110100
111011111110101010110100 110100000000000001000000 001111111110101011110100
111011111110101010110100 110100000000000000100000 001111111110101010010100
111011111110101010110100 110100000000000000010000 001111111110101010100100
111011111110101010110100 110100000000000000001000 001111111110101010111100
111011111110101010110100 110100000000000000000100 001111111110101010110000
111011111110101010110100 110100000000000000000010 001111111110101010110110
111011111110101010110100 110100000000000000000001 001111111110101010110101
111011111110101010110100 110011000000000000000000 001000111110101010110100
111011111110101010110100 110010100000000000000000 001001011110101010110100
111011111110101010110100 110010010000000000000000 001001101110101010110100
111011111110101010110100 110010001000000000000000 001001110110101010110100
111011111110101010110100 110010000100000000000000 001001111010101010110100
111011111110101010110100 110010000010000000000000 001001111100101010110100
111011111110101010110100 110010000001000000000000 001001111111101010110100
111011111110101010110100 110010000000100000000000 001001111110001010110100
111011111110101010110100 110010000000010000000000 001001111110111010110100
111011111110101010110100 110010000000001000000000 001001111110100010110100
111011111110101010110100 110010000000000100000000 001001111110101110110100
111011111110101010110100 110010000000000010000000 001001111110101000110100
111011111110101010110100 110010000000000001000000 001001111110101011110100
111011111110101010110100 110010000000000000100000 001001111110101010010100
111011111110101010110100 110010000000000000010000 001001111110101010100100
111011111110101010110100 110010000000000000001000 001001111110101010111100
111011111110101010110100 110010000000000000000100 001001111110101010110000
111011111110101010110100 110010000000000000000010 001001111110101010110110
111011111110101010110100 110010000000000000000001 001001111110101010110101
111011111110101010110100 110001100000000000000000 001010011110101010110100
111011111110101010110100 110001010000000000000000 001010101110101010110100
111011111110101010110100 110001001000000000000000 001010110110101010110100
111011111110101010110100 110001000100000000000000 001010111010101010110100
111011111110101010110100 110001000010000000000000 001010111100101010110100
111011111110101010110100 110001000001000000000000 001010111111101010110100
111011111110101010110100 110001000000100000000000 001010111110001010110100
111011111110101010110100 110001000000010000000000 001010111110111010110100
111011111110101010110100 110001000000001000000000 001010111110100010110100
111011111110101010110100 110001000000000100000000 001010111110101110110100
111011111110101010110100 110001000000000010000000 001010111110101000110100
111011111110101010110100 110001000000000001000000 001010111110101011110100
111011111110101010110100 110001000000000000100000 001010111110101010010100
111011111110101010110100 110001000000000000010000 001010111110101010100100
111011111110101010110100 110001000000000000001000 001010111110101010111100
111011111110101010110100 110001000000000000000100 001010111110101010110000
111011111110101010110100 110001000000000000000010 001010111110101010110110
111011111110101010110100 110001000000000000000001 001010111110101010110101
111011111110101010110100 110000110000000000000000 001011001110101010110100
111011111110101010110100 110000101000000000000000 001011010110101010110100
111011111110101010110100 110000100100000000000000 001011011010101010110100
111011111110101010110100 110000100010000000000000 001011011100101010110100
111011111110101010110100 110000100001000000000000 001011011111101010110100
111011111110101010110100 110000100000100000000000 001011011110001010110100
111011111110101010110100 110000100000010000000000 001011011110111010110100
111011111110101010110100 110000100000001000000000 001011011110100010110100
111011111110101010110100 110000100000000100000000 001011011110101110110100
111011111110101010110100 110000100000000010000000 001011011110101000110100
111011111110101010110100 110000100000000001000000 001011011110101011110100
111011111110101010110100 110000100000000000100000 001011011110101010010100
111011111110101010110100 110000100000000000010000 001011011110101010100100
111011111110101010110100 110000100000000000001000 001011011110101010111100
111011111110101010110100 110000100000000000000100 001011011110101010110000
111011111110101010110100 110000100000000000000010 001011011110101010110110
111011111110101010110100 110000100000000000000001 001011011110101010110101
111011111110101010110100 110000011000000000000000 001011100110101010110100
111011111110101010110100 110000010100000000000000 001011101010101010110100
111011111110101010110100 110000010010000000000000 001011101100101010110100
111011111110101010110100 110000010001000000000000 001011101111101010110100
111011111110101010110100 110000010000100000000000 001011101110001010110100
111011111110101010110100 110000010000010000000000 001011101110111010110100
111011111110101010110100 110000010000001000000000 001011101110100010110100
111011111110101010110100 110000010000000100000000 001011101110101110110100
111011111110101010110100 110000010000000010000000 001011101110101000110100
111011111110101010110100 110000010000000001000000 001011101110101011110100
111011111110101010110100 110000010000000000100000 001011101110101010010100
111011111110101010110100 110000010000000000010000 001011101110101010100100
111011111110101010110100 110000010000000000001000 001011101110101010111100
111011111110101010110100 110000010000000000000100 001011101110101010110000
111011111110101010110100 110000010000000000000010 001011101110101010110110
111011111110101010110100 110000010000000000000001 001011101110101010110101
111011111110101010110100 110000001100000000000000 001011110010101010110100
111011111110101010110100 110000001010000000000000 001011110100101010110100
111011111110101010110100 110000001001000000000000 001011110111101010110100
111011111110101010110100 110000001000100000000000 001011110110001010110100
111011111110101010110100 110000001000010000000000 001011110110111010110100
111011111110101010110100 110000001000001000000000 001011110110100010110100
111011111110101010110100 110000001000000100000000 001011110110101110110100
111011111110101010110100 110000001000000010000000 001011110110101000110100
111011111110101010110100 110000001000000001000000 001011110110101011110100
111011111110101010110100 110000001000000000100000 001011110110101010010100
111011111110101010110100 110000001000000000010000 001011110110101010100100
111011111110101010110100 110000001000000000001000 001011110110101010111100
111011111110101010110100 110000001000000000000100 001011110110101010110000
111011111110101010110100 110000001000000000000010 001011110110101010110110
111011111110101010110100 110000001000000000000001 001011110110101010110101
111011111110101010110100 110000000110000000000000 001011111000101010110100
111011111110101010110100 110000000101000000000000 001011111011101010110100
111011111110101010110100 110000000100100000000000 001011111010001010110100
111011111110101010110100 110000000100010000000000 001011111010111010110100
111011111110101010110100 110000000100001000000000 001011111010100010110100
111011111110101010110100 110000000100000100000000 001011111010101110110100
111011111110101010110100 110000000100000010000000 001011111010101000110100
111011111110101010110100 110000000100000001000000 001011111010101011110100
111011111110101010110100 110000000100000000100000 001011111010101010010100
111011111110101010110100 110000000100000000010000 001011111010101010100100
111011111110101010110100 110000000100000000001000 001011111010101010111100
111011111110101010110100 110000000100000000000100 001011111010101010110000
111011111110101010110100 110000000100000000000010 001011111010101010110110
111011111110101010110100 110000000100000000000001 001011111010101010110101
111011111110101010110100 110000000011000000000000 001011111101101010110100
111011111110101010110100 110000000010100000000000 001011111100001010110100
111011111110101010110100 110000000010010000000000 001011111100111010110100
111011111110101010110100 110000000010001000000000 001011111100100010110100
111011111110101010110100 110000000010000100000000 001011111100101110110100
111011111110101010110100 110000000010000010000000 001011111100101000110100
111011111110101010110100 110000000010000001000000 001011111100101011110100
111011111110101010110100 110000000010000000100000 001011111100101010010100
111011111110101010110100 110000000010000000010000 001011111100101010100100
111011111110101010110100 110000000010000000001000 001011111100101010111100
111011111110101010110100 110000000010000000000100 001011111100101010110000
111011111110101010110100 110000000010000000000010 001011111100101010110110
111011111110101010110100 110000000010000000000001 001011111100101010110101
111011111110101010110100 110000000001100000000000 001011111111001010110100
111011111110101010110100 110000000001010000000000 001011111111111010110100
111011111110101010110100 110000000001001000000000 001011111111100010110100
111011111110101010110100 110000000001000100000000 001011111111101110110100
111011111110101010110100 110000000001000010000000 001011111111101000110100
111011111110101010110100 110000000001000001000000 001011111111101011110100
111011111110101010110100 110000000001000000100000 001011111111101010010100
111011111110101010110100 110000000001000000010000 001011111111101010100100
111011111110101010110100 110000000001000000001000 001011111111101010111100
111011111110101010110100 110000000001000000000100 001011111111101010110000
111011111110101010110100 110000000001000000000010 001011111111101010110110
111011111110101010110100 110000000001000000000001 001011111111101010110101
111011111110101010110100 110000000000110000000000 001011111110011010110100
111011111110101010110100 110000000000101000000000 001011111110000010110100
111011111110101010110100 110000000000100100000000 001011111110001110110100
111011111110101010110100 110000000000100010000000 001011111110001000110100
111011111110101010110100 110000000000100001000000 001011111110001011110100
111011111110101010110100 110000000000100000100000 001011111110001010010100
111011111110101010110100 110000000000100000010000 001011111110001010100100
111011111110101010110100 110000000000100000001000 001011111110001010111100
111011111110101010110100 110000000000100000000100 001011111110001010110000
111011111110101010110100 110000000000100000000010 001011111110001010110110
111011111110101010110100 110000000000100000000001 001011111110001010110101
111011111110101010110100 110000000000011000000000 001011111110110010110100
111011111110101010110100 110000000000010100000000 001011111110111110110100
111011111110101010110100 110000000000010010000000 001011111110111000110100
111011111110101010110100 110000000000010001000000 001011111110111011110100
111011111110101010110100 110000000000010000100000 001011111110111010010100
111011111110101010110100 110000000000010000010000 001011111110111010100100
111011111110101010110100 110000000000010000001000 001011111110111010111100
111011111110101010110100 110000000000010000000100 001011111110111010110000
111011111110101010110100 110000000000010000000010 001011111110111010110110
111011111110101010110100 110000000000010000000001 001011111110111010110101
111011111110101010110100 110000000000001100000000 001011111110100110110100
111011111110101010110100 110000000000001010000000 001011111110100000110100
111011111110101010110100 110000000000001001000000 001011111110100011110100
111011111110101010110100 110000000000001000100000 001011111110100010010100
111011111110101010110100 110000000000001000010000 001011111110100010100100
111011111110101010110100 110000000000001000001000 001011111110100010111100
111011111110101010110100 110000000000001000000100 001011111110100010110000
111011111110101010110100 110000000000001000000010 001011111110100010110110
111011111110101010110100 110000000000001000000001 001011111110100010110101
111011111110101010110100 110000000000000110000000 001011111110101100110100
111011111110101010110100 110000000000000101000000 001011111110101111110100
111011111110101010110100 110000000000000100100000 001011111110101110010100
111011111110101010110100 110000000000000100010000 001011111110101110100100
111011111110101010110100 110000000000000100001000 001011111110101110111100
111011111110101010110100 110000000000000100000100 001011111110101110110000
111011111110101010110100 110000000000000100000010 001011111110101110110110
111011111110101010110100 110000000000000100000001 001011111110101110110101
111011111110101010110100 110000000000000011000000 001011111110101001110100
111011111110101010110100 110000000000000010100000 001011111110101000010100
111011111110101010110100 110000000000000010010000 001011111110101000100100
111011111110101010110100 110000000000000010001000 001011111110101000111100
111011111110101010110100 110000000000000010000100 001011111110101000110000
111011111110101010110100 110000000000000010000010 001011111110101000110110
111011111110101010110100 110000000000000010000001 001011111110101000110101
111011111110101010110100 110000000000000001100000 001011111110101011010100
111011111110101010110100 110000000000000001010000 001011111110101011100100
111011111110101010110100 110000000000000001001000 001011111110101011111100
111011111110101010110100 110000000000000001000100 001011111110101011110000
111011111110101010110100 110000000000000001000010 001011111110101011110110
111011111110101010110100 110000000000000001000001 001011111110101011110101
111011111110101010110100 110000000000000000110000 001011111110101010000100
111011111110101010110100 110000000000000000101000 001011111110101010011100
111011111110101010110100 110000000000000000100100 001011111110101010010000
111011111110101010110100 110000000000000000100010 001011111110101010010110
111011111110101010110100 110000000000000000100001 001011111110101010010101
111011111110101010110100 110000000000000000011000 001011111110101010101100
111011111110101010110100 110000000000000000010100 001011111110101010100000
111011111110101010110100 110000000000000000010010 001011111110101010100110
111011111110101010110100 110000000000000000010001 001011111110101010100101
111011111110101010110100 110000000000000000001100 001011111110101010111000
111011111110101010110100 110000000000000000001010 001011111110101010111110
111011111110101010110100 110000000000000000001001 001011111110101010111101
111011111110101010110100 110000000000000000000110 001011111110101010110010
111011111110101010110100 110000000000000000000101 001011111110101010110001
111011111110101010110100 110000000000000000000011 001011111110101010110111
111011111110101010110100 101110000000000000000000 010101111110101010110100
111011111110101010110100 101101000000000000000000 010110111110101010110100
111011111110101010110100 101100100000000000000000 010111011110101010110100
111011111110101010110100 101100010000000000000000 010111101110101010110100
111011111110101010110100 101100001000000000000000 010111110110101010110100
111011111110101010110100 101100000100000000000000 010111111010101010110100
111011111110101010110100 101100000010000000000000 010111111100101010110100
111011111110101010110100 101100000001000000000000 010111111111101010110100
111011111110101010110100 101100000000100000000000 010111111110001010110100
111011111110101010110100 101100000000010000000000 010111111110111010110100
111011111110101010110100 101100000000001000000000 010111111110100010110100
111011111110101010110100 101100000000000100000000 010111111110101110110100
111011111110101010110100 101100000000000010000000 010111111110101000110100
111011111110101010110100 101100000000000001000000 010111111110101011110100
111011111110101010110100 101100000000000000100000 010111111110101010010100
111011111110101010110100 101100000000000000010000 010111111110101010100100
111011111110101010110100 101100000000000000001000 010111111110101010111100
111011111110101010110100 101100000000000000000100 010111111110101010110000
111011111110101010110100 101100000000000000000010 010111111110101010110110
111011111110101010110100 101100000000000000000001 010111111110101010110101
111011111110101010110100 101011000000000000000000 010000111110101010110100
111011111110101010110100 101010100000000000000000 010001011110101010110100
111011111110101010110100 101010010000000000000000 010001101110101010110100
111011111110101010110100 101010001000000000000000 010001110110101010110100
111011111110101010110100 101010000100000000000000 010001111010101010110100
111011111110101010110100 101010000010000000000000 010001111100101010110100
111011111110101010110100 101010000001000000000000 010001111111101010110100
111011111110101010110100 101010000000100000000000 010001111110001010110100
111011111110101010110100 101010000000010000000000 010001111110111010110100
111011111110101010110100 101010000000001000000000 010001111110100010110100
111011111110101010110100 101010000000000100000000 010001111110101110110100
111011111110101010110100 101010000000000010000000 010001111110101000110100
111011111110101010110100 101010000000000001000000 010001111110101011110100
111011111110101010110100 101010000000000000100000 010001111110101010010100
111011111110101010110100 101010000000000000010000 010001111110101010100100
111011111110101010110100 101010000000000000001000 010001111110101010111100
111011111110101010110100 101010000000000000000100 010001111110101010110000
111011111110101010110100 101010000000000000000010 010001111110101010110110
111011111110101010110100 101010000000000000000001 010001111110101010110101
111011111110101010110100 101001100000000000000000 010010011110101010110100
111011111110101010110100 101001010000000000000000 010010101110101010110100
111011111110101010110100 101001001000000000000000 010010110110101010110100
111011111110101010110100 101001000100000000000000 010010111010101010110100
111011111110101010110100 101001000010000000000000 010010111100101010110100
111011111110101010110100 101001000001000000000000 010010111111101010110100
111011111110101010110100 101001000000100000000000 010010111110001010110100
111011111110101010110100 101001000000010000000000 010010111110111010110100
111011111110101010110100 101001000000001000000000 010010111110100010110100
111011111110101010110100 101001000000000100000000 010010111110101110110100
111011111110101010110100 101001000000000010000000 010010111110101000110100
111011111110101010110100 101001000000000001000000 010010111110101011110100
111011111110101010110100 101001000000000000100000 010010111110101010010100
111011111110101010110100 101001000000000000010000 010010111110101010100100
111011111110101010110100 101001000000000000001000 010010111110101010111100
111011111110101010110100 101001000000000000000100 010010111110101010110000
111011111110101010110100 101001000000000000000010 010010111110101010110110
111011111110101010110100 101001000000000000000001 010010111110101010110101
111011111110101010110100 101000110000000000000000 010011001110101010110100
111011111110101010110100 101000101000000000000000 010011010110101010110100
111011111110101010110100 101000100100000000000000 010011011010101010110100
111011111110101010110100 101000100010000000000000 010011011100101010110100
111011111110101010110100 101000100001000000000000 010011011111101010110100
111011111110101010110100 101000100000100000000000 010011011110001010110100
111011111110101010110100 101000100000010000000000 010011011110111010110100
111011111110101010110100 101000100000001000000000 010011011110100010110100
111011111110101010110100 101000100000000100000000 010011011110101110110100
111011111110101010110100 101000100000000010000000 010011011110101000110100
111011111110101010110100 101000100000000001000000 010011011110101011110100
111011111110101010110100 101000100000000000100000 010011011110101010010100
111011111110101010110100 101000100000000000010000 010011011110101010100100
111011111110101010110100 101000100000000000001000 010011011110101010111100
111011111110101010110100 101000100000000000000100 010011011110101010110000
111011111110101010110100 101000100000000000000010 010011011110101010110110
111011111110101010110100 101000100000000000000001 010011011110101010110101
111011111110101010110100 101000011000000000000000 010011100110101010110100
111011111110101010110100 101000010100000000000000 010011101010101010110100
111011111110101010110100 101000010010000000000000 010011101100101010110100
111011111110101010110100 101000010001000000000000 010011101111101010110100
111011111110101010110100 101000010000100000000000 010011101110001010110100
111011111110101010110100 101000010000010000000000 010011101110111010110100
111011111110101010110100 101000010000001000000000 010011101110100010110100
111011111110101010110100 101000010000000100000000 010011101110101110110100
111011111110101010110100 101000010000000010000000 010011101110101000110100
111011111110101010110100 101000010000000001000000 010011101110101011110100
111011111110101010110100 101000010000000000100000 010011101110101010010100
111011111110101010110100 101000010000000000010000 010011101110101010100100
111011111110101010110100 101000010000000000001000 010011101110101010111100
111011111110101010110100 101000010000000000000100 010011101110101010110000
111011111110101010110100 101000010000000000000010 010011101110101010110110
111011111110101010110100 101000010000000000000001 010011101110101010110101
111011111110101010110100 101000001100000000000000 010011110010101010110100
111011111110101010110100 101000001010000000000000 010011110100101010110100
111011111110101010110100 101000001001000000000000 010011110111101010110100
111011111110101010110100 101000001000100000000000 010011110110001010110100
111011111110101010110100 101000001000010000000000 010011110110111010110100
111011111110101010110100 101000001000001000000000 010011110110100010110100
111011111110101010110100 101000001000000100000000 010011110110101110110100
111011111110101010110100 101000001000000010000000 010011110110101000110100
111011111110101010110100 101000001000000001000000 010011110110101011110100
111011111110101010110100 101000001000000000100000 010011110110101010010100
111011111110101010110100 101000001000000000010000 010011110110101010100100
111011111110101010110100 101000001000000000001000 010011110110101010111100
111011111110101010110100 101000001000000000000100 010011110110101010110000
111011111110101010110100 101000001000000000000010 010011110110101010110110
111011111110101010110100 101000001000000000000001 010011110110101010110101
111011111110101010110100 101000000110000000000000 010011111000101010110100
111011111110101010110100 101000000101000000000000 010011111011101010110100
111011111110101010110100 101000000100100000000000 010011111010001010110100
111011111110101010110100 101000000100010000000000 010011111010111010110100
111011111110101010110100 101000000100001000000000 010011111010100010110100
111011111110101010110100 101000000100000100000000 010011111010101110110100
111011111110101010110100 101000000100000010000000 010011111010101000110100
111011111110101010110100 101000000100000001000000 010011111010101011110100
111011111110101010110100 101000000100000000100000 010011111010101010010100
111011111110101010110100 101000000100000000010000 010011111010101010100100
111011111110101010110100 101000000100000000001000 010011111010101010111100
111011111110101010110100 101000000100000000000100 010011111010101010110000
111011111110101010110100 101000000100000000000010 010011111010101010110110
111011111110101010110100 101000000100000000000001 010011111010101010110101
111011111110101010110100 101000000011000000000000 010011111101101010110100
111011111110101010110100 101000000010100000000000 010011111100001010110100
111011111110101010110100 101000000010010000000000 010011111100111010110100
111011111110101010110100 101000000010001000000000 010011111100100010110100
111011111110101010110100 101000000010000100000000 010011111100101110110100
111011111110101010110100 101000000010000010000000 010011111100101000110100
111011111110101010110100 101000000010000001000000 010011111100101011110100
111011111110101010110100 101000000010000000100000 010011111100101010010100
111011111110101010110100 101000000010000000010000 010011111100101010100100
111011111110101010110100 101000000010000000001000 010011111100101010111100
111011111110101010110100 101000000010000000000100 010011111100101010110000
111011111110101010110100 101000000010000000000010 010011111100101010110110
111011111110101010110100 101000000010000000000001 010011111100101010110101
111011111110101010110100 101000000001100000000000 010011111111001010110100
111011111110101010110100 101000000001010000000000 010011111111111010110100
111011111110101010110100 101000000001001000000000 010011111111100010110100
111011111110101010110100 101000000001000100000000 010011111111101110110100
111011111110101010110100 101000000001000010000000 010011111111101000110100
111011111110101010110100 101000000001000001000000 010011111111101011110100
111011111110101010110100 101000000001000000100000 010011111111101010010100
111011111110101010110100 101000000001000000010000 010011111111101010100100
111011111110101010110100 101000000001000000001000 010011111111101010111100
111011111110101010110100 101000000001000000000100 010011111111101010110000
111011111110101010110100 101000000001000000000010 010011111111101010110110
111011111110101010110100 101000000001000000000001 010011111111101010110101
111011111110101010110100 101000000000110000000000 010011111110011010110100
111011111110101010110100 101000000000101000000000 010011111110000010110100
111011111110101010110100 101000000000100100000000 010011111110001110110100
111011111110101010110100 101000000000100010000000 010011111110001000110100
111011111110101010110100 101000000000100001000000 010011111110001011110100
111011111110101010110100 101000000000100000100000 010011111110001010010100
111011111110101010110100 101000000000100000010000 010011111110001010100100
111011111110101010110100 101000000000100000001000 010011111110001010111100
111011111110101010110100 101000000000100000000100 010011111110001010110000
111011111110101010110100 101000000000100000000010 010011111110001010110110
111011111110101010110100 101000000000100000000001 010011111110001010110101
111011111110101010110100 101000000000011000000000 010011111110110010110100
111011111110101010110100 101000000000010100000000 010011111110111110110100
111011111110101010110100 101000000000010010000000 010011111110111000110100
111011111110101010110100 101000000000010001000000 010011111110111011110100
111011111110101010110100 101000000000010000100000 010011111110111010010100
111011111110101010110100 101000000000010000010000 010011111110111010100100
111011111110101010110100 101000000000010000001000 010011111110111010111100
111011111110101010110100 101000000000010000000100 010011111110111010110000
111011111110101010110100 101000000000010000000010 010011111110111010110110
111011111110101010110100 101000000000010000000001 010011111110111010110101
111011111110101010110100 101000000000001100000000 010011111110100110110100
111011111110101010110100 101000000000001010000000 010011111110100000110100
111011111110101010110100 101000000000001001000000 010011111110100011110100
111011111110101010110100 101000000000001000100000 010011111110100010010100
111011111110101010110100 101000000000001000010000 010011111110100010100100
111011111110101010110100 101000000000001000001000 010011111110100010111100
111011111110101010110100 101000000000001000000100 010011111110100010110000
111011111110101010110100 101000000000001000000010 010011111110100010110110
111011111110101010110100 101000000000001000000001 010011111110100010110101
111011111110101010110100 101000000000000110000000 010011111110101100110100
111011111110101010110100 101000000000000101000000 010011111110101111110100
111011111110101010110100 101000000000000100100000 010011111110101110010100
111011111110101010110100 101000000000000100010000 010011111110101110100100
111011111110101010110100 101000000000000100001000 010011111110101110111100
111011111110101010110100 101000000000000100000100 010011111110101110110000
111011111110101010110100 101000000000000100000010 010011111110101110110110
111011111110101010110100 101000000000000100000001 010011111110101110110101
111011111110101010110100 101000000000000011000000 010011111110101001110100
111011111110101010110100 101000000000000010100000 010011111110101000010100
111011111110101010110100 101000000000000010010000 010011111110101000100100
111011111110101010110100 101000000000000010001000 010011111110101000111100
111011111110101010110100 101000000000000010000100 010011111110101000110000
111011111110101010110100 101000000000000010000010 010011111110101000110110
111011111110101010110100 101000000000000010000001 010011111110101000110101
111011111110101010110100 101000000000000001100000 010011111110101011010100
111011111110101010110100 101000000000000001010000 010011111110101011100100
111011111110101010110100 101000000000000001001000 010011111110101011111100
111011111110101010110100 101000000000000001000100 010011111110101011110000
111011111110101010110100 101000000000000001000010 010011111110101011110110
111011111110101010110100 101000000000000001000001 010011111110101011110101
111011111110101010110100 101000000000000000110000 010011111110101010000100
111011111110101010110100 101000000000000000101000 010011111110101010011100
111011111110101010110100 101000000000000000100100 010011111110101010010000
111011111110101010110100 101000000000000000100010 010011111110101010010110
111011111110101010110100 101000000000000000100001 010011111110101010010101
111011111110101010110100 101000000000000000011000 010011111110101010101100
111011111110101010110100 101000000000000000010100 010011111110101010100000
111011111110101010110100 101000000000000000010010 010011111110101010100110
111011111110101010110100 101000000000000000010001 010011111110101010100101
111011111110101010110100 101000000000000000001100 010011111110101010111000
111011111110101010110100 101000000000000000001010 010011111110101010111110
111011111110101010110100 101000000000000000001001 010011111110101010111101
111011111110101010110100 101000000000000000000110 010011111110101010110010
111011111110101010110100 101000000000000000000101 010011111110101010110001
111011111110101010110100 101000000000000000000011 010011111110101010110111
111011111110101010110100 100111000000000000000000 011100111110101010110100
111011111110101010110100 100110100000000000000000 011101011110101010110100
111011111110101010110100 100110010000000000000000 011101101110101010110100
111011111110101010110100 100110001000000000000000 011101110110101010110100
111011111110101010110100 100110000100000000000000 011101111010101010110100
111011111110101010110100 100110000010000000000000 011101111100101010110100
111011111110101010110100 100110000001000000000000 011101111111101010110100
111011111110101010110100 100110000000100000000000 011101111110001010110100
111011111110101010110100 100110000000010000000000 011101111110111010110100
111011111110101010110100 100110000000001000000000 011101111110100010110100
111011111110101010110100 100110000000000100000000 011101111110101110110100
111011111110101010110100 100110000000000010000000 011101111110101000110100
111011111110101010110100 100110000000000001000000 011101111110101011110100
111011111110101010110100 100110000000000000100000 011101111110101010010100
111011111110101010110100 100110000000000000010000 011101111110101010100100
111011111110101010110100 100110000000000000001000 011101111110101010111100
111011111110101010110100 100110000000000000000100 011101111110101010110000
111011111110101010110100 100110000000000000000010 011101111110101010110110
111011111110101010110100 100110000000000000000001 011101111110101010110101
111011111110101010110100 100101100000000000000000 011110011110101010110100
111011111110101010110100 100101010000000000000000 011110101110101010110100
111011111110101010110100 100101001000000000000000 011110110110101010110100
111011111110101010110100 100101000100000000000000 011110111010101010110100
111011111110101010110100 100101000010000000000000 011110111100101010110100
111011111110101010110100 100101000001000000000000 011110111111101010110100
111011111110101010110100 100101000000100000000000 011110111110001010110100
111011111110101010110100 100101000000010000000000 011110111110111010110100
111011111110101010110100 100101000000001000000000 011110111110100010110100
111011111110101010110100 100101000000000100000000 011110111110101110110100
111011111110101010110100 100101000000000010000000 011110111110101000110100
111011111110101010110100 100101000000000001000000 011110111110101011110100
111011111110101010110100 100101000000000000100000 011110111110101010010100
111011111110101010110100 100101000000000000010000 011110111110101010100100
111011111110101010110100 100101000000000000001000 011110111110101010111100
111011111110101010110100 100101000000000000000100 011110111110101010110000
111011111110101010110100 100101000000000000000010 011110111110101010110110
111011111110101010110100 100101000000000000000001 011110111110101010110101
111011111110101010110100 100100110000000000000000 011111001110101010110100
111011111110101010110100 100100101000000000000000 011111010110101010110100
111011111110101010110100 100100100100000000000000 011111011010101010110100
111011111110101010110100 100100100010000000000000 011111011100101010110100
111011111110101010110100 100100100001000000000000 011111011111101010110100
111011111110101010110100 100100100000100000000000 011111011110001010110100
111011111110101010110100 100100100000010000000000 011111011110111010110100
111011111110101010110100 100100100000001000000000 011111011110100010110100
111011111110101010110100 100100100000000100000000 011111011110101110110100
111011111110101010110100 100100100000000010000000 011111011110101000110100
111011111110101010110100 100100100000000001000000 011111011110101011110100
111011111110101010110100 100100100000000000100000 011111011110101010010100
111011111110101010110100 100100100000000000010000 011111011110101010100100
111011111110101010110100 100100100000000000001000 011111011110101010111100
111011111110101010110100 100100100000000000000100 011111011110101010110000
111011111110101010110100 100100100000000000000010 011111011110101010110110
111011111110101010110100 100100100000000000000001 011111011110101010110101
111011111110101010110100 100100011000000000000000 011111100110101010110100
111011111110101010110100 100100010100000000000000 011111101010101010110100
111011111110101010110100 100100010010000000000000 011111101100101010110100
111011111110101010110100 100100010001000000000000 011111101111101010110100
111011111110101010110100 100100010000100000000000 011111101110001010110100
111011111110101010110100 100100010000010000000000 011111101110111010110100
111011111110101010110100 100100010000001000000000 011111101110100010110100
111011111110101010110100 100100010000000100000000 011111101110101110110100
111011111110101010110100 100100010000000010000000 011111101110101000110100
111011111110101010110100 100100010000000001000000 011111101110101011110100
111011111110101010110100 100100010000000000100000 011111101110101010010100
111011111110101010110100 100100010000000000010000 011111101110101010100100
111011111110101010110100 100100010000000000001000 011111101110101010111100
111011111110101010110100 100100010000000000000100 011111101110101010110000
111011111110101010110100 100100010000000000000010 011111101110101010110110
111011111110101010110100 100100010000000000000001 011111101110101010110101
111011111110101010110100 100100001100000000000000 011111110010101010110100
111011111110101010110100 100100001010000000000000 011111110100101010110100
111011111110101010110100 100100001001000000000000 011111110111101010110100
111011111110101010110100 100100001000100000000000 011111110110001010110100
111011111110101010110100 100100001000010000000000 011111110110111010110100
111011111110101010110100 100100001000001000000000 011111110110100010110100
111011111110101010110100 100100001000000100000000 011111110110101110110100
111011111110101010110100 100100001000000010000000 011111110110101000110100
111011111110101010110100 100100001000000001000000 011111110110101011110100
111011111110101010110100 100100001000000000100000 011111110110101010010100
111011111110101010110100 100100001000000000010000 011111110110101010100100
111011111110101010110100 100100001000000000001000 011111110110101010111100
111011111110101010110100 100100001000000000000100 011111110110101010110000
111011111110101010110100 100100001000000000000010 011111110110101010110110
111011111110101010110100 100100001000000000000001 011111110110101010110101
111011111110101010110100 100100000110000000000000 011111111000101010110100
111011111110101010110100 100100000101000000000000 011111111011101010110100
111011111110101010110100 100100000100100000000000 011111111010001010110100
111011111110101010110100 100100000100010000000000 011111111010111010110100
111011111110101010110100 100100000100001000000000 011111111010100010110100
111011111110101010110100 100100000100000100000000 011111111010101110110100
111011111110101010110100 100100000100000010000000 011111111010101000110100
111011111110101010110100 100100000100000001000000 011111111010101011110100
111011111110101010110100 100100000100000000100000 011111111010101010010100
111011111110101010110100 100100000100000000010000 011111111010101010100100
111011111110101010110100 100100000100000000001000 011111111010101010111100
111011111110101010110100 100100000100000000000100 011111111010101010110000
111011111110101010110100 100100000100000000000010 011111111010101010110110
111011111110101010110100 100100000100000000000001 011111111010101010110101
111011111110101010110100 100100000011000000000000 011111111101101010110100
111011111110101010110100 100100000010100000000000 011111111100001010110100
111011111110101010110100 100100000010010000000000 011111111100111010110100
111011111110101010110100 100100000010001000000000 011111111100100010110100
111011111110101010110100 100100000010000100000000 011111111100101110110100
111011111110101010110100 100100000010000010000000 011111111100101000110100
111011111110101010110100 100100000010000001000000 011111111100101011110100
111011111110101010110100 100100000010000000100000 011111111100101010010100
111011111110101010110100 100100000010000000010000 011111111100101010100100
111011111110101010110100 100100000010000000001000 011111111100101010111100
111011111110101010110100 100100000010000000000100 011111111100101010110000
111011111110101010110100 100100000010000000000010 011111111100101010110110
111011111110101010110100 100100000010000000000001 011111111100101010110101
111011111110101010110100 100100000001100000000000 011111111111001010110100
111011111110101010110100 100100000001010000000000 011111111111111010110100
111011111110101010110100 100100000001001000000000 011111111111100010110100
111011111110101010110100 100100000001000100000000 011111111111101110110100
111011111110101010110100 100100000001000010000000 011111111111101000110100
111011111110101010110100 100100000001000001000000 011111111111101011110100
111011111110101010110100 100100000001000000100000 011111111111101010010100
111011111110101010110100 100100000001000000010000 011111111111101010100100
111011111110101010110100 100100000001000000001000 011111111111101010111100
111011111110101010110100 100100000001000000000100 011111111111101010110000
111011111110101010110100 100100000001000000000010 011111111111101010110110
111011111110101010110100 100100000001000000000001 011111111111101010110101
111011111110101010110100 100100000000110000000000 011111111110011010110100
111011111110101010110100 100100000000101000000000 011111111110000010110100
111011111110101010110100 100100000000100100000000 011111111110001110110100
111011111110101010110100 100100000000100010000000 011111111110001000110100
111011111110101010110100 100100000000100001000000 011111111110001011110100
111011111110101010110100 100100000000100000100000 011111111110001010010100
111011111110101010110100 100100000000100000010000 011111111110001010100100
111011111110101010110100 100100000000100000001000 011111111110001010111100
111011111110101010110100 100100000000100000000100 011111111110001010110000
111011111110101010110100 100100000000100000000010 011111111110001010110110
111011111110101010110100 100100000000100000000001 011111111110001010110101
111011111110101010110100 100100000000011000000000 011111111110110010110100
111011111110101010110100 100100000000010100000000 011111111110111110110100
111011111110101010110100 100100000000010010000000 011111111110111000110100
111011111110101010110100 100100000000010001000000 011111111110111011110100
111011111110101010110100 100100000000010000100000 011111111110111010010100
111011111110101010110100 100100000000010000010000 011111111110111010100100
111011111110101010110100 100100000000010000001000 011111111110111010111100
111011111110101010110100 100100000000010000000100 011111111110111010110000
111011111110101010110100 100100000000010000000010 011111111110111010110110
111011111110101010110100 100100000000010000000001 011111111110111010110101
111011111110101010110100 100100000000001100000000 011111111110100110110100
111011111110101010110100 100100000000001010000000 011111111110100000110100
111011111110101010110100 100100000000001001000000 011111111110100011110100
111011111110101010110100 100100000000001000100000 011111111110100010010100
111011111110101010110100 100100000000001000010000 011111111110100010100100
111011111110101010110100 100100000000001000001000 011111111110100010111100
111011111110101010110100 100100000000001000000100 011111111110100010110000
111011111110101010110100 100100000000001000000010 011111111110100010110110
111011111110101010110100 100100000000001000000001 011111111110100010110101
111011111110101010110100 100100000000000110000000 011111111110101100110100
111011111110101010110100 100100000000000101000000 011111111110101111110100
111011111110101010110100 100100000000000100100000 011111111110101110010100
111011111110101010110100 100100000000000100010000 011111111110101110100100
111011111110101010110100 100100000000000100001000 011111111110101110111100
111011111110101010110100 100100000000000100000100 011111111110101110110000
111011111110101010110100 100100000000000100000010 011111111110101110110110
111011111110101010110100 100100000000000100000001 011111111110101110110101
111011111110101010110100 100100000000000011000000 011111111110101001110100
111011111110101010110100 100100000000000010100000 011111111110101000010100
111011111110101010110100 100100000000000010010000 011111111110101000100100
111011111110101010110100 100100000000000010001000 011111111110101000111100
111011111110101010110100 100100000000000010000100 011111111110101000110000
111011111110101010110100 100100000000000010000010 011111111110101000110110
111011111110101010110100 100100000000000010000001 011111111110101000110101
111011111110101010110100 100100000000000001100000 011111111110101011010100
111011111110101010110100 100100000000000001010000 011111111110101011100100
111011111110101010110100 100100000000000001001000 011111111110101011111100
111011111110101010110100 100100000000000001000100 011111111110101011110000
111011111110101010110100 100100000000000001000010 011111111110101011110110
111011111110101010110100 100100000000000001000001 011111111110101011110101
111011111110101010110100 100100000000000000110000 011111111110101010000100
111011111110101010110100 100100000000000000101000 011111111110101010011100
111011111110101010110100 100100000000000000100100 011111111110101010010000
111011111110101010110100 100100000000000000100010 011111111110101010010110
111011111110101010110100 100100000000000000100001 011111111110101010010101
111011111110101010110100 100100000000000000011000 011111111110101010101100
111011111110101010110100 100100000000000000010100 011111111110101010100000
111011111110101010110100 100100000000000000010010 011111111110101010100110
111011111110101010110100 100100000000000000010001 011111111110101010100101
111011111110101010110100 100100000000000000001100 011111111110101010111000
111011111110101010110100 100100000000000000001010 011111111110101010111110
111011111110101010110100 100100000000000000001001 011111111110101010111101
111011111110101010110100 100100000000000000000110 011111111110101010110010
111011111110101010110100 100100000000000000000101 011111111110101010110001
111011111110101010110100 100100000000000000000011 011111111110101010110111
111011111110101010110100 100011100000000000000000 011000011110101010110100
111011111110101010110100 100011010000000000000000 011000101110101010110100
111011111110101010110100 100011001000000000000000 011000110110101010110100
111011111110101010110100 100011000100000000000000 011000111010101010110100
111011111110101010110100 100011000010000000000000 011000111100101010110100
111011111110101010110100 100011000001000000000000 011000111111101010110100
111011111110101010110100 100011000000100000000000 011000111110001010110100
111011111110101010110100 100011000000010000000000 011000111110111010110100
111011111110101010110100 100011000000001000000000 011000111110100010110100
111011111110101010110100 100011000000000100000000 011000111110101110110100
111011111110101010110100 100011000000000010000000 011000111110101000110100
111011111110101010110100 100011000000000001000000 011000111110101011110100
111011111110101010110100 100011000000000000100000 011000111110101010010100
111011111110101010110100 100011000000000000010000 011000111110101010100100
111011111110101010110100 100011000000000000001000 011000111110101010111100
111011111110101010110100 100011000000000000000100 011000111110101010110000
111011111110101010110100 100011000000000000000010 011000111110101010110110
111011111110101010110100 100011000000000000000001 011000111110101010110101
111011111110101010110100 100010110000000000000000 011001001110101010110100
111011111110101010110100 100010101000000000000000 011001010110101010110100
111011111110101010110100 100010100100000000000000 011001011010101010110100
111011111110101010110100 100010100010000000000000 011001011100101010110100
111011111110101010110100 100010100001000000000000 011001011111101010110100
111011111110101010110100 100010100000100000000000 011001011110001010110100
111011111110101010110100 100010100000010000000000 011001011110111010110100
111011111110101010110100 100010100000001000000000 011001011110100010110100
111011111110101010110100 100010100000000100000000 011001011110101110110100
111011111110101010110100 100010100000000010000000 011001011110101000110100
111011111110101010110100 100010100000000001000000 011001011110101011110100
111011111110101010110100 100010100000000000100000 011001011110101010010100
111011111110101010110100 100010100000000000010000 011001011110101010100100
111011111110101010110100 100010100000000000001000 011001011110101010111100
111011111110101010110100 100010100000000000000100 011001011110101010110000
111011111110101010110100 100010100000000000000010 011001011110101010110110
111011111110101010110100 100010100000000000000001 011001011110101010110101
111011111110101010110100 100010011000000000000000 011001100110101010110100
111011111110101010110100 100010010100000000000000 011001101010101010110100
111011111110101010110100 100010010010000000000000 011001101100101010110100
111011111110101010110100 100010010001000000000000 011001101111101010110100
111011111110101010110100 100010010000100000000000 011001101110001010110100
111011111110101010110100 100010010000010000000000 011001101110111010110100
111011111110101010110100 100010010000001000000000 011001101110100010110100
111011111110101010110100 100010010000000100000000 011001101110101110110100
111011111110101010110100 100010010000000010000000 011001101110101000110100
111011111110101010110100 100010010000000001000000 011001101110101011110100
111011111110101010110100 100010010000000000100000 011001101110101010010100
111011111110101010110100 100010010000000000010000 011001101110101010100100
111011111110101010110100 100010010000000000001000 011001101110101010111100
111011111110101010110100 100010010000000000000100 011001101110101010110000
111011111110101010110100 100010010000000000000010 011001101110101010110110
111011111110101010110100 100010010000000000000001 011001101110101010110101
111011111110101010110100 100010001100000000000000 011001110010101010110100
111011111110101010110100 100010001010000000000000 011001110100101010110100
111011111110101010110100 100010001001000000000000 011001110111101010110100
111011111110101010110100 100010001000100000000000 011001110110001010110100
111011111110101010110100 100010001000010000000000 011001110110111010110100
111011111110101010110100 100010001000001000000000 011001110110100010110100
111011111110101010110100 100010001000000100000000 011001110110101110110100
111011111110101010110100 100010001000000010000000 011001110110101000110100
111011111110101010110100 100010001000000001000000 011001110110101011110100
111011111110101010110100 100010001000000000100000 011001110110101010010100
111011111110101010110100 100010001000000000010000 011001110110101010100100
111011111110101010110100 100010001000000000001000 011001110110101010111100
111011111110101010110100 100010001000000000000100 011001110110101010110000
111011111110101010110100 100010001000000000000010 011001110110101010110110
111011111110101010110100 100010001000000000000001 011001110110101010110101
111011111110101010110100 100010000110000000000000 011001111000101010110100
111011111110101010110100 100010000101000000000000 011001111011101010110100
111011111110101010110100 100010000100100000000000 011001111010001010110100
111011111110101010110100 100010000100010000000000 011001111010111010110100
111011111110101010110100 100010000100001000000000 011001111010100010110100
111011111110101010110100 100010000100000100000000 011001111010101110110100
111011111110101010110100 100010000100000010000000 011001111010101000110100
111011111110101010110100 100010000100000001000000 011001111010101011110100
111011111110101010110100 100010000100000000100000 011001111010101010010100
111011111110101010110100 100010000100000000010000 011001111010101010100100
111011111110101010110100 100010000100000000001000 011001111010101010111100
111011111110101010110100 100010000100000000000100 011001111010101010110000
111011111110101010110100 100010000100000000000010 011001111010101010110110
111011111110101010110100 100010000100000000000001 011001111010101010110101
111011111110101010110100 100010000011000000000000 011001111101101010110100
111011111110101010110100 100010000010100000000000 011001111100001010110100
111011111110101010110100 100010000010010000000000 011001111100111010110100
111011111110101010110100 100010000010001000000000 011001111100100010110100
111011111110101010110100 100010000010000100000000 011001111100101110110100
111011111110101010110100 100010000010000010000000 011001111100101000110100
111011111110101010110100 100010000010000001000000 011001111100101011110100
111011111110101010110100 100010000010000000100000 011001111100101010010100
111011111110101010110100 100010000010000000010000 011001111100101010100100
111011111110101010110100 100010000010000000001000 011001111100101010111100
111011111110101010110100 100010000010000000000100 011001111100101010110000
111011111110101010110100 100010000010000000000010 011001111100101010110110
111011111110101010110100 100010000010000000000001 011001111100101010110101
111011111110101010110100 100010000001100000000000 011001111111001010110100
111011111110101010110100 100010000001010000000000 011001111111111010110100
111011111110101010110100 100010000001001000000000 011001111111100010110100
111011111110101010110100 100010000001000100000000 011001111111101110110100
111011111110101010110100 100010000001000010000000 011001111111101000110100
111011111110101010110100 100010000001000001000000 011001111111101011110100
111011111110101010110100 100010000001000000100000 011001111111101010010100
111011111110101010110100 100010000001000000010000 011001111111101010100100
111011111110101010110100 100010000001000000001000 011001111111101010111100
111011111110101010110100 100010000001000000000100 011001111111101010110000
111011111110101010110100 100010000001000000000010 011001111111101010110110
111011111110101010110100 100010000001000000000001 011001111111101010110101
111011111110101010110100 100010000000110000000000 011001111110011010110100
111011111110101010110100 100010000000101000000000 011001111110000010110100
111011111110101010110100 100010000000100100000000 011001111110001110110100
111011111110101010110100 100010000000100010000000 011001111110001000110100
111011111110101010110100 100010000000100001000000 011001111110001011110100
111011111110101010110100 100010000000100000100000 011001111110001010010100
111011111110101010110100 100010000000100000010000 011001111110001010100100
111011111110101010110100 100010000000100000001000 011001111110001010111100
111011111110101010110100 100010000000100000000100 011001111110001010110000
111011111110101010110100 100010000000100000000010 011001111110001010110110
111011111110101010110100 100010000000100000000001 011001111110001010110101
111011111110101010110100 100010000000011000000000 011001111110110010110100
111011111110101010110100 100010000000010100000000 011001111110111110110100
111011111110101010110100 100010000000010010000000 011001111110111000110100
111011111110101010110100 100010000000010001000000 011001111110111011110100
111011111110101010110100 100010000000010000100000 011001111110111010010100
111011111110101010110100 100010000000010000010000 011001111110111010100100
111011111110101010110100 100010000000010000001000 011001111110111010111100
111011111110101010110100 100010000000010000000100 011001111110111010110000
111011111110101010110100 100010000000010000000010 011001111110111010110110
111011111110101010110100 100010000000010000000001 011001111110111010110101
111011111110101010110100 100010000000001100000000 011001111110100110110100
111011111110101010110100 100010000000001010000000 011001111110100000110100
111011111110101010110100 100010000000001001000000 011001111110100011110100
111011111110101010110100 100010000000001000100000 011001111110100010010100
111011111110101010110100 100010000000001000010000 011001111110100010100100
111011111110101010110100 100010000000001000001000 011001111110100010111100
111011111110101010110100 100010000000001000000100 011001111110100010110000
111011111110101010110100 100010000000001000000010 011001111110100010110110
111011111110101010110100 100010000000001000000001 011001111110100010110101
111011111110101010110100 100010000000000110000000 011001111110101100110100
111011111110101010110100 100010000000000101000000 011001111110101111110100
111011111110101010110100 100010000000000100100000 011001111110101110010100
111011111110101010110100 100010000000000100010000 011001111110101110100100
111011111110101010110100 100010000000000100001000 011001111110101110111100
111011111110101010110100 100010000000000100000100 011001111110101110110000
111011111110101010110100 100010000000000100000010 011001111110101110110110
111011111110101010110100 100010000000000100000001 011001111110101110110101
111011111110101010110100 100010000000000011000000 011001111110101001110100
111011111110101010110100 100010000000000010100000 011001111110101000010100
111011111110101010110100 100010000000000010010000 011001111110101000100100
111011111110101010110100 100010000000000010001000 011001111110101000111100
111011111110101010110100 100010000000000010000100 011001111110101000110000
111011111110101010110100 100010000000000010000010 011001111110101000110110
111011111110101010110100 100010000000000010000001 011001111110101000110101
111011111110101010110100 100010000000000001100000 011001111110101011010100
111011111110101010110100 100010000000000001010000 011001111110101011100100
111011111110101010110100 100010000000000001001000 011001111110101011111100
111011111110101010110100 100010000000000001000100 011001111110101011110000
111011111110101010110100 100010000000000001000010 011001111110101011110110
111011111110101010110100 100010000000000001000001 011001111110101011110101
111011111110101010110100 100010000000000000110000 011001111110101010000100
111011111110101010110100 100010000000000000101000 011001111110101010011100
111011111110101010110100 100010000000000000100100 011001111110101010010000
111011111110101010110100 100010000000000000100010 011001111110101010010110
111011111110101010110100 100010000000000000100001 011001111110101010010101
111011111110101010110100 100010000000000000011000 011001111110101010101100
111011111110101010110100 100010000000000000010100 011001111110101010100000
111011111110101010110100 100010000000000000010010 011001111110101010100110
111011111110101010110100 100010000000000000010001 011001111110101010100101
111011111110101010110100 100010000000000000001100 011001111110101010111000
111011111110101010110100 100010000000000000001010 011001111110101010111110
111011111110101010110100 100010000000000000001001 011001111110101010111101
111011111110101010110100 100010000000000000000110 011001111110101010110010
111011111110101010110100 100010000000000000000101 011001111110101010110001
111011111110101010110100 100010000000000000000011 011001111110101010110111
111011111110101010110100 100001110000000000000000 011010001110101010110100
111011111110101010110100 100001101000000000000000 011010010110101010110100
111011111110101010110100 100001100100000000000000 011010011010101010110100
111011111110101010110100 100001100010000000000000 011010011100101010110100
111011111110101010110100 100001100001000000000000 011010011111101010110100
111011111110101010110100 100001100000100000000000 011010011110001010110100
111011111110101010110100 100001100000010000000000 011010011110111010110100
111011111110101010110100 100001100000001000000000 011010011110100010110100
111011111110101010110100 100001100000000100000000 011010011110101110110100
111011111110101010110100 100001100000000010000000 011010011110101000110100
111011111110101010110100 100001100000000001000000 011010011110101011110100
111011111110101010110100 100001100000000000100000 011010011110101010010100
111011111110101010110100 100001100000000000010000 011010011110101010100100
111011111110101010110100 100001100000000000001000 011010011110101010111100
111011111110101010110100 100001100000000000000100 011010011110101010110000
111011111110101010110100 100001100000000000000010 011010011110101010110110
111011111110101010110100 100001100000000000000001 011010011110101010110101
111011111110101010110100 100001011000000000000000 011010100110101010110100
111011111110101010110100 100001010100000000000000 011010101010101010110100
111011111110101010110100 100001010010000000000000 011010101100101010110100
111011111110101010110100 100001010001000000000000 011010101111101010110100
111011111110101010110100 100001010000100000000000 011010101110001010110100
111011111110101010110100 100001010000010000000000 011010101110111010110100
111011111110101010110100 100001010000001000000000 011010101110100010110100
111011111110101010110100 100001010000000100000000 011010101110101110110100
111011111110101010110100 100001010000000010000000 011010101110101000110100
111011111110101010110100 100001010000000001000000 011010101110101011110100
111011111110101010110100 100001010000000000100000 011010101110101010010100
111011111110101010110100 100001010000000000010000 011010101110101010100100
111011111110101010110100 100001010000000000001000 011010101110101010111100
111011111110101010110100 100001010000000000000100 011010101110101010110000
111011111110101010110100 100001010000000000000010 011010101110101010110110
111011111110101010110100 100001010000000000000001 011010101110101010110101
111011111110101010110100 100001001100000000000000 011010110010101010110100
111011111110101010110100 100001001010000000000000 011010110100101010110100
111011111110101010110100 100001001001000000000000 011010110111101010110100
111011111110101010110100 100001001000100000000000 011010110110001010110100
111011111110101010110100 100001001000010000000000 011010110110111010110100
111011111110101010110100 100001001000001000000000 011010110110100010110100
111011111110101010110100 100001001000000100000000 011010110110101110110100
111011111110101010110100 100001001000000010000000 011010110110101000110100
111011111110101010110100 100001001000000001000000 011010110110101011110100
111011111110101010110100 100001001000000000100000 011010110110101010010100
111011111110101010110100 100001001000000000010000 011010110110101010100100
111011111110101010110100 100001001000000000001000 011010110110101010111100
111011111110101010110100 100001001000000000000100 011010110110101010110000
111011111110101010110100 100001001000000000000010 011010110110101010110110
111011111110101010110100 100001001000000000000001 011010110110101010110101
111011111110101010110100 100001000110000000000000 011010111000101010110100
111011111110101010110100 100001000101000000000000 011010111011101010110100
111011111110101010110100 100001000100100000000000 011010111010001010110100
111011111110101010110100 100001000100010000000000 011010111010111010110100
111011111110101010110100 100001000100001000000000 011010111010100010110100
111011111110101010110100 100001000100000100000000 011010111010101110110100
111011111110101010110100 100001000100000010000000 011010111010101000110100
111011111110101010110100 100001000100000001000000 011010111010101011110100
111011111110101010110100 100001000100000000100000 011010111010101010010100
111011111110101010110100 100001000100000000010000 011010111010101010100100
111011111110101010110100 100001000100000000001000 011010111010101010111100
111011111110101010110100 100001000100000000000100 011010111010101010110000
111011111110101010110100 100001000100000000000010 011010111010101010110110
111011111110101010110100 100001000100000000000001 011010111010101010110101
111011111110101010110100 100001000011000000000000 011010111101101010110100
111011111110101010110100 100001000010100000000000 011010111100001010110100
111011111110101010110100 100001000010010000000000 011010111100111010110100
111011111110101010110100 100001000010001000000000 011010111100100010110100
111011111110101010110100 100001000010000100000000 011010111100101110110100
111011111110101010110100 100001000010000010000000 011010111100101000110100
111011111110101010110100 100001000010000001000000 011010111100101011110100
111011111110101010110100 100001000010000000100000 011010111100101010010100
111011111110101010110100 100001000010000000010000 011010111100101010100100
111011111110101010110100 100001000010000000001000 011010111100101010111100
111011111110101010110100 100001000010000000000100 011010111100101010110000
111011111110101010110100 100001000010000000000010 011010111100101010110110
111011111110101010110100 100001000010000000000001 011010111100101010110101
111011111110101010110100 100001000001100000000000 011010111111001010110100
111011111110101010110100 100001000001010000000000 011010111111111010110100
111011111110101010110100 100001000001001000000000 011010111111100010110100
111011111110101010110100 100001000001000100000000 011010111111101110110100
111011111110101010110100 100001000001000010000000 011010111111101000110100
111011111110101010110100 100001000001000001000000 011010111111101011110100
111011111110101010110100 100001000001000000100000 011010111111101010010100
111011111110101010110100 100001000001000000010000 011010111111101010100100
111011111110101010110100 100001000001000000001000 011010111111101010111100
111011111110101010110100 100001000001000000000100 011010111111101010110000
111011111110101010110100 100001000001000000000010 011010111111101010110110
111011111110101010110100 100001000001000000000001 011010111111101010110101
111011111110101010110100 100001000000110000000000 011010111110011010110100
111011111110101010110100 100001000000101000000000 011010111110000010110100
111011111110101010110100 100001000000100100000000 011010111110001110110100
111011111110101010110100 100001000000100010000000 011010111110001000110100
111011111110101010110100 100001000000100001000000 011010111110001011110100
111011111110101010110100 100001000000100000100000 011010111110001010010100
111011111110101010110100 100001000000100000010000 011010111110001010100100
111011111110101010110100 100001000000100000001000 011010111110001010111100
111011111110101010110100 100001000000100000000100 011010111110001010110000
111011111110101010110100 100001000000100000000010 011010111110001010110110
111011111110101010110100 100001000000100000000001 011010111110001010110101
111011111110101010110100 100001000000011000000000 011010111110110010110100
111011111110101010110100 100001000000010100000000 011010111110111110110100
111011111110101010110100 100001000000010010000000 011010111110111000110100
111011111110101010110100 100001000000010001000000 011010111110111011110100
111011111110101010110100 100001000000010000100000 011010111110111010010100
111011111110101010110100 100001000000010000010000 011010111110111010100100
111011111110101010110100 100001000000010000001000 011010111110111010111100
111011111110101010110100 100001000000010000000100 011010111110111010110000
111011111110101010110100 100001000000010000000010 011010111110111010110110
111011111110101010110100 100001000000010000000001 011010111110111010110101
111011111110101010110100 100001000000001100000000 011010111110100110110100
111011111110101010110100 100001000000001010000000 011010111110100000110100
111011111110101010110100 100001000000001001000000 011010111110100011110100
111011111110101010110100 100001000000001000100000 011010111110100010010100
111011111110101010110100 100001000000001000010000 011010111110100010100100
111011111110101010110100 100001000000001000001000 011010111110100010111100
111011111110101010110100 100001000000001000000100 011010111110100010110000
111011111110101010110100 100001000000001000000010 011010111110100010110110
111011111110101010110100 100001000000001000000001 011010111110100010110101
111011111110101010110100 100001000000000110000000 011010111110101100110100
111011111110101010110100 100001000000000101000000 011010111110101111110100
111011111110101010110100 100001000000000100100000 011010111110101110010100
111011111110101010110100 100001000000000100010000 011010111110101110100100
111011111110101010110100 100001000000000100001000 011010111110101110111100
111011111110101010110100 100001000000000100000100 011010111110101110110000
111011111110101010110100 100001000000000100000010 011010111110101110110110
111011111110101010110100 100001000000000100000001 011010111110101110110101
111011111110101010110100 100001000000000011000000 011010111110101001110100
111011111110101010110100 100001000000000010100000 011010111110101000010100
111011111110101010110100 100001000000000010010000 011010111110101000100100
111011111110101010110100 100001000000000010001000 011010111110101000111100
111011111110101010110100 100001000000000010000100 011010111110101000110000
111011111110101010110100 100001000000000010000010 011010111110101000110110
111011111110101010110100 100001000000000010000001 011010111110101000110101
111011111110101010110100 100001000000000001100000 011010111110101011010100
111011111110101010110100 100001000000000001010000 011010111110101011100100
111011111110101010110100 100001000000000001001000 011010111110101011111100
111011111110101010110100 100001000000000001000100 011010111110101011110000
111011111110101010110100 100001000000000001000010 011010111110101011110110
111011111110101010110100 100001000000000001000001 011010111110101011110101
111011111110101010110100 100001000000000000110000 011010111110101010000100
111011111110101010110100 100001000000000000101000 011010111110101010011100
111011111110101010110100 100001000000000000100100 011010111110101010010000
111011111110101010110100 100001000000000000100010 011010111110101010010110
111011111110101010110100 100001000000000000100001 011010111110101010010101
111011111110101010110100 100001000000000000011000 011010111110101010101100
111011111110101010110100 100001000000000000010100 011010111110101010100000
111011111110101010110100 100001000000000000010010 011010111110101010100110
111011111110101010110100 100001000000000000010001 011010111110101010100101
111011111110101010110100 100001000000000000001100 011010111110101010111000
111011111110101010110100 100001000000000000001010 011010111110101010111110
111011111110101010110100 100001000000000000001001 011010111110101010111101
111011111110101010110100 100001000000000000000110 011010111110101010110010
111011111110101010110100 100001000000000000000101 011010111110101010110001
111011111110101010110100 100001000000000000000011 011010111110101010110111
111011111110101010110100 100000111000000000000000 011011000110101010110100
111011111110101010110100 100000110100000000000000 011011001010101010110100
111011111110101010110100 100000110010000000000000 011011001100101010110100
111011111110101010110100 100000110001000000000000 011011001111101010110100
111011111110101010110100 100000110000100000000000 011011001110001010110100
111011111110101010110100 100000110000010000000000 011011001110111010110100
111011111110101010110100 100000110000001000000000 011011001110100010110100
111011111110101010110100 100000110000000100000000 011011001110101110110100
111011111110101010110100 100000110000000010000000 011011001110101000110100
111011111110101010110100 100000110000000001000000 011011001110101011110100
111011111110101010110100 100000110000000000100000 011011001110101010010100
111011111110101010110100 100000110000000000010000 011011001110101010100100
111011111110101010110100 100000110000000000001000 011011001110101010111100
111011111110101010110100 100000110000000000000100 011011001110101010110000
111011111110101010110100 100000110000000000000010 011011001110101010110110
111011111110101010110100 100000110000000000000001 011011001110101010110101
111011111110101010110100 100000101100000000000000 011011010010101010110100
111011111110101010110100 100000101010000000000000 011011010100101010110100
111011111110101010110100 100000101001000000000000 011011010111101010110100
111011111110101010110100 100000101000100000000000 011011010110001010110100
111011111110101010110100 100000101000010000000000 011011010110111010110100
111011111110101010110100 100000101000001000000000 011011010110100010110100
111011111110101010110100 100000101000000100000000 011011010110101110110100
111011111110101010110100 100000101000000010000000 011011010110101000110100
111011111110101010110100 100000101000000001000000 011011010110101011110100
111011111110101010110100 100000101000000000100000 011011010110101010010100
111011111110101010110100 100000101000000000010000 011011010110101010100100
111011111110101010110100 100000101000000000001000 011011010110101010111100
111011111110101010110100 100000101000000000000100 011011010110101010110000
111011111110101010110100 100000101000000000000010 011011010110101010110110
111011111110101010110100 100000101000000000000001 011011010110101010110101
111011111110101010110100 100000100110000000000000 011011011000101010110100
111011111110101010110100 100000100101000000000000 011011011011101010110100
111011111110101010110100 100000100100100000000000 011011011010001010110100
111011111110101010110100 100000100100010000000000 011011011010111010110100
111011111110101010110100 100000100100001000000000 011011011010100010110100
111011111110101010110100 100000100100000100000000 011011011010101110110100
111011111110101010110100 100000100100000010000000 011011011010101000110100
111011111110101010110100 100000100100000001000000 011011011010101011110100
111011111110101010110100 100000100100000000100000 011011011010101010010100
111011111110101010110100 100000100100000000010000 011011011010101010100100
111011111110101010110100 100000100100000000001000 011011011010101010111100
111011111110101010110100 100000100100000000000100 011011011010101010110000
111011111110101010110100 100000100100000000000010 011011011010101010110110
111011111110101010110100 100000100100000000000001 011011011010101010110101
111011111110101010110100 100000100011000000000000 011011011101101010110100
111011111110101010110100 100000100010100000000000 011011011100001010110100
111011111110101010110100 100000100010010000000000 011011011100111010110100
111011111110101010110100 100000100010001000000000 011011011100100010110100
111011111110101010110100 100000100010000100000000 011011011100101110110100
111011111110101010110100 100000100010000010000000 011011011100101000110100
111011111110101010110100 100000100010000001000000 011011011100101011110100
111011111110101010110100 100000100010000000100000 011011011100101010010100
111011111110101010110100 100000100010000000010000 011011011100101010100100
111011111110101010110100 100000100010000000001000 011011011100101010111100
111011111110101010110100 100000100010000000000100 011011011100101010110000
111011111110101010110100 100000100010000000000010 011011011100101010110110
111011111110101010110100 100000100010000000000001 011011011100101010110101
111011111110101010110100 100000100001100000000000 011011011111001010110100
111011111110101010110100 100000100001010000000000 011011011111111010110100
111011111110101010110100 100000100001001000000000 011011011111100010110100
111011111110101010110100 100000100001000100000000 011011011111101110110100
111011111110101010110100 100000100001000010000000 011011011111101000110100
111011111110101010110100 100000100001000001000000 011011011111101011110100
111011111110101010110100 100000100001000000100000 011011011111101010010100
111011111110101010110100 100000100001000000010000 011011011111101010100100
111011111110101010110100 100000100001000000001000 011011011111101010111100
111011111110101010110100 100000100001000000000100 011011011111101010110000
111011111110101010110100 100000100001000000000010 011011011111101010110110
111011111110101010110100 100000100001000000000001 011011011111101010110101
111011111110101010110100 100000100000110000000000 011011011110011010110100
111011111110101010110100 100000100000101000000000 011011011110000010110100
111011111110101010110100 100000100000100100000000 011011011110001110110100
111011111110101010110100 100000100000100010000000 011011011110001000110100
111011111110101010110100 100000100000100001000000 011011011110001011110100
111011111110101010110100 100000100000100000100000 011011011110001010010100
111011111110101010110100 100000100000100000010000 011011011110001010100100
111011111110101010110100 100000100000100000001000 011011011110001010111100
111011111110101010110100 100000100000100000000100 011011011110001010110000
111011111110101010110100 100000100000100000000010 011011011110001010110110
111011111110101010110100 100000100000100000000001 011011011110001010110101
111011111110101010110100 100000100000011000000000 011011011110110010110100
111011111110101010110100 100000100000010100000000 011011011110111110110100
111011111110101010110100 100000100000010010000000 011011011110111000110100
111011111110101010110100 100000100000010001000000 011011011110111011110100
111011111110101010110100 100000100000010000100000 011011011110111010010100
111011111110101010110100 100000100000010000010000 011011011110111010100100
111011111110101010110100 100000100000010000001000 011011011110111010111100
111011111110101010110100 100000100000010000000100 011011011110111010110000
111011111110101010110100 100000100000010000000010 011011011110111010110110
111011111110101010110100 100000100000010000000001 011011011110111010110101
111011111110101010110100 100000100000001100000000 011011011110100110110100
111011111110101010110100 100000100000001010000000 011011011110100000110100
111011111110101010110100 100000100000001001000000 011011011110100011110100
111011111110101010110100 100000100000001000100000 011011011110100010010100
111011111110101010110100 100000100000001000010000 011011011110100010100100
111011111110101010110100 100000100000001000001000 011011011110100010111100
111011111110101010110100 100000100000001000000100 011011011110100010110000
111011111110101010110100 100000100000001000000010 011011011110100010110110
111011111110101010110100 100000100000001000000001 011011011110100010110101
111011111110101010110100 100000100000000110000000 011011011110101100110100
111011111110101010110100 100000100000000101000000 011011011110101111110100
111011111110101010110100 100000100000000100100000 011011011110101110010100
111011111110101010110100 100000100000000100010000 011011011110101110100100
111011111110101010110100 100000100000000100001000 011011011110101110111100
111011111110101010110100 100000100000000100000100 011011011110101110110000
111011111110101010110100 100000100000000100000010 011011011110101110110110
111011111110101010110100 100000100000000100000001 011011011110101110110101
111011111110101010110100 100000100000000011000000 011011011110101001110100
111011111110101010110100 100000100000000010100000 011011011110101000010100
111011111110101010110100 100000100000000010010000 011011011110101000100100
111011111110101010110100 100000100000000010001000 011011011110101000111100
111011111110101010110100 100000100000000010000100 011011011110101000110000
111011111110101010110100 100000100000000010000010 011011011110101000110110
111011111110101010110100 100000100000000010000001 011011011110101000110101
111011111110101010110100 100000100000000001100000 011011011110101011010100
111011111110101010110100 100000100000000001010000 011011011110101011100100
111011111110101010110100 100000100000000001001000 011011011110101011111100
111011111110101010110100 100000100000000001000100 011011011110101011110000
111011111110101010110100 100000100000000001000010 011011011110101011110110
111011111110101010110100 100000100000000001000001 011011011110101011110101
111011111110101010110100 100000100000000000110000 011011011110101010000100
111011111110101010110100 100000100000000000101000 011011011110101010011100
111011111110101010110100 100000100000000000100100 011011011110101010010000
111011111110101010110100 100000100000000000100010 011011011110101010010110
111011111110101010110100 100000100000000000100001 011011011110101010010101
111011111110101010110100 100000100000000000011000 011011011110101010101100
111011111110101010110100 100000100000000000010100 011011011110101010100000
111011111110101010110100 100000100000000000010010 011011011110101010100110
111011111110101010110100 100000100000000000010001 011011011110101010100101
111011111110101010110100 100000100000000000001100 011011011110101010111000
111011111110101010110100 100000100000000000001010 011011011110101010111110
111011111110101010110100 100000100000000000001001 011011011110101010111101
111011111110101010110100 100000100000000000000110 011011011110101010110010
111011111110101010110100 100000100000000000000101 011011011110101010110001
111011111110101010110100 100000100000000000000011 011011011110101010110111
111011111110101010110100 100000011100000000000000 011011100010101010110100
111011111110101010110100 100000011010000000000000 011011100100101010110100
111011111110101010110100 100000011001000000000000 011011100111101010110100
111011111110101010110100 100000011000100000000000 011011100110001010110100
111011111110101010110100 100000011000010000000000 011011100110111010110100
111011111110101010110100 100000011000001000000000 011011100110100010110100
111011111110101010110100 100000011000000100000000 011011100110101110110100
111011111110101010110100 100000011000000010000000 011011100110101000110100
111011111110101010110100 100000011000000001000000 011011100110101011110100
111011111110101010110100 100000011000000000100000 011011100110101010010100
111011111110101010110100 100000011000000000010000 011011100110101010100100
111011111110101010110100 100000011000000000001000 011011100110101010111100
111011111110101010110100 100000011000000000000100 011011100110101010110000
111011111110101010110100 100000011000000000000010 011011100110101010110110
111011111110101010110100 100000011000000000000001 011011100110101010110101
111011111110101010110100 100000010110000000000000 011011101000101010110100
111011111110101010110100 100000010101000000000000 011011101011101010110100
111011111110101010110100 100000010100100000000000 011011101010001010110100
111011111110101010110100 100000010100010000000000 011011101010111010110100
111011111110101010110100 100000010100001000000000 011011101010100010110100
111011111110101010110100 100000010100000100000000 011011101010101110110100
111011111110101010110100 100000010100000010000000 011011101010101000110100
111011111110101010110100 100000010100000001000000 011011101010101011110100
111011111110101010110100 100000010100000000100000 011011101010101010010100
111011111110101010110100 100000010100000000010000 011011101010101010100100
111011111110101010110100 100000010100000000001000 011011101010101010111100
111011111110101010110100 100000010100000000000100 011011101010101010110000
111011111110101010110100 100000010100000000000010 011011101010101010110110
111011111110101010110100 100000010100000000000001 011011101010101010110101
111011111110101010110100 100000010011000000000000 011011101101101010110100
111011111110101010110100 100000010010100000000000 011011101100001010110100
111011111110101010110100 100000010010010000000000 011011101100111010110100
111011111110101010110100 100000010010001000000000 011011101100100010110100
111011111110101010110100 100000010010000100000000 011011101100101110110100
111011111110101010110100 100000010010000010000000 011011101100101000110100
111011111110101010110100 100000010010000001000000 011011101100101011110100
111011111110101010110100 100000010010000000100000 011011101100101010010100
111011111110101010110100 100000010010000000010000 011011101100101010100100
111011111110101010110100 100000010010000000001000 011011101100101010111100
111011111110101010110100 100000010010000000000100 011011101100101010110000
111011111110101010110100 100000010010000000000010 011011101100101010110110
111011111110101010110100 100000010010000000000001 011011101100101010110101
111011111110101010110100 100000010001100000000000 011011101111001010110100
111011111110101010110100 100000010001010000000000 011011101111111010110100
111011111110101010110100 100000010001001000000000 011011101111100010110100
111011111110101010110100 100000010001000100000000 011011101111101110110100
111011111110101010110100 100000010001000010000000 011011101111101000110100
111011111110101010110100 100000010001000001000000 011011101111101011110100
111011111110101010110100 100000010001000000100000 011011101111101010010100
111011111110101010110100 100000010001000000010000 011011101111101010100100
111011111110101010110100 100000010001000000001000 011011101111101010111100
111011111110101010110100 100000010001000000000100 011011101111101010110000
111011111110101010110100 100000010001000000000010 011011101111101010110110
111011111110101010110100 100000010001000000000001 011011101111101010110101
111011111110101010110100 100000010000110000000000 011011101110011010110100
111011111110101010110100 100000010000101000000000 011011101110000010110100
111011111110101010110100 100000010000100100000000 011011101110001110110100
111011111110101010110100 100000010000100010000000 011011101110001000110100
111011111110101010110100 100000010000100001000000 011011101110001011110100
111011111110101010110100 100000010000100000100000 011011101110001010010100
111011111110101010110100 100000010000100000010000 011011101110001010100100
111011111110101010110100 100000010000100000001000 011011101110001010111100
111011111110101010110100 100000010000100000000100 011011101110001010110000
111011111110101010110100 100000010000100000000010 011011101110001010110110
111011111110101010110100 100000010000100000000001 011011101110001010110101
111011111110101010110100 100000010000011000000000 011011101110110010110100
111011111110101010110100 100000010000010100000000 011011101110111110110100
111011111110101010110100 100000010000010010000000 011011101110111000110100
111011111110101010110100 100000010000010001000000 011011101110111011110100
111011111110101010110100 100000010000010000100000 011011101110111010010100
111011111110101010110100 100000010000010000010000 011011101110111010100100
111011111110101010110100 100000010000010000001000 011011101110111010111100
111011111110101010110100 100000010000010000000100 011011101110111010110000
111011111110101010110100 100000010000010000000010 011011101110111010110110
111011111110101010110100 100000010000010000000001 011011101110111010110101
111011111110101010110100 100000010000001100000000 011011101110100110110100
111011111110101010110100 100000010000001010000000 011011101110100000110100
111011111110101010110100 100000010000001001000000 011011101110100011110100
111011111110101010110100 100000010000001000100000 011011101110100010010100
111011111110101010110100 100000010000001000010000 011011101110100010100100
111011111110101010110100 100000010000001000001000 011011101110100010111100
111011111110101010110100 100000010000001000000100 011011101110100010110000
111011111110101010110100 100000010000001000000010 011011101110100010110110
111011111110101010110100 100000010000001000000001 011011101110100010110101
111011111110101010110100 100000010000000110000000 011011101110101100110100
111011111110101010110100 100000010000000101000000 011011101110101111110100
111011111110101010110100 100000010000000100100000 011011101110101110010100
111011111110101010110100 100000010000000100010000 011011101110101110100100
111011111110101010110100 100000010000000100001000 011011101110101110111100
111011111110101010110100 100000010000000100000100 011011101110101110110000
111011111110101010110100 100000010000000100000010 011011101110101110110110
111011111110101010110100 100000010000000100000001 011011101110101110110101
111011111110101010110100 100000010000000011000000 011011101110101001110100
111011111110101010110100 100000010000000010100000 011011101110101000010100
111011111110101010110100 100000010000000010010000 011011101110101000100100
111011111110101010110100 100000010000000010001000 011011101110101000111100
111011111110101010110100 100000010000000010000100 011011101110101000110000
111011111110101010110100 100000010000000010000010 011011101110101000110110
111011111110101010110100 100000010000000010000001 011011101110101000110101
111011111110101010110100 100000010000000001100000 011011101110101011010100
111011111110101010110100 100000010000000001010000 011011101110101011100100
111011111110101010110100 100000010000000001001000 011011101110101011111100
111011111110101010110100 100000010000000001000100 011011101110101011110000
111011111110101010110100 100000010000000001000010 011011101110101011110110
111011111110101010110100 100000010000000001000001 011011101110101011110101
111011111110101010110100 100000010000000000110000 011011101110101010000100
111011111110101010110100 100000010000000000101000 011011101110101010011100
111011111110101010110100 100000010000000000100100 011011101110101010010000
111011111110101010110100 100000010000000000100010 011011101110101010010110
111011111110101010110100 100000010000000000100001 011011101110101010010101
111011111110101010110100 100000010000000000011000 011011101110101010101100
111011111110101010110100 100000010000000000010100 011011101110101010100000
111011111110101010110100 100000010000000000010010 011011101110101010100110
111011111110101010110100 100000010000000000010001 011011101110101010100101
111011111110101010110100 100000010000000000001100 011011101110101010111000
111011111110101010110100 100000010000000000001010 011011101110101010111110
111011111110101010110100 100000010000000000001001 011011101110101010111101
111011111110101010110100 100000010000000000000110 011011101110101010110010
111011111110101010110100 100000010000000000000101 011011101110101010110001
111011111110101010110100 100000010000000000000011 011011101110101010110111
111011111110101010110100 100000001110000000000000 011011110000101010110100
111011111110101010110100 100000001101000000000000 011011110011101010110100
111011111110101010110100 100000001100100000000000 011011110010001010110100
111011111110101010110100 100000001100010000000000 011011110010111010110100
111011111110101010110100 100000001100001000000000 011011110010100010110100
111011111110101010110100 100000001100000100000000 011011110010101110110100
111011111110101010110100 100000001100000010000000 011011110010101000110100
111011111110101010110100 100000001100000001000000 011011110010101011110100
111011111110101010110100 100000001100000000100000 011011110010101010010100
111011111110101010110100 100000001100000000010000 011011110010101010100100
111011111110101010110100 100000001100000000001000 011011110010101010111100
111011111110101010110100 100000001100000000000100 011011110010101010110000
111011111110101010110100 100000001100000000000010 011011110010101010110110
111011111110101010110100 100000001100000000000001 011011110010101010110101
111011111110101010110100 100000001011000000000000 011011110101101010110100
111011111110101010110100 100000001010100000000000 011011110100001010110100
111011111110101010110100 100000001010010000000000 011011110100111010110100
111011111110101010110100 100000001010001000000000 011011110100100010110100
111011111110101010110100 100000001010000100000000 011011110100101110110100
111011111110101010110100 100000001010000010000000 011011110100101000110100
111011111110101010110100 100000001010000001000000 011011110100101011110100
111011111110101010110100 100000001010000000100000 011011110100101010010100
111011111110101010110100 100000001010000000010000 011011110100101010100100
111011111110101010110100 100000001010000000001000 011011110100101010111100
111011111110101010110100 100000001010000000000100 011011110100101010110000
111011111110101010110100 100000001010000000000010 011011110100101010110110
111011111110101010110100 100000001010000000000001 011011110100101010110101
111011111110101010110100 100000001001100000000000 011011110111001010110100
111011111110101010110100 100000001001010000000000 011011110111111010110100
111011111110101010110100 100000001001001000000000 011011110111100010110100
111011111110101010110100 100000001001000100000000 011011110111101110110100
111011111110101010110100 100000001001000010000000 011011110111101000110100
111011111110101010110100 100000001001000001000000 011011110111101011110100
111011111110101010110100 100000001001000000100000 011011110111101010010100
111011111110101010110100 100000001001000000010000 011011110111101010100100
111011111110101010110100 100000001001000000001000 011011110111101010111100
111011111110101010110100 100000001001000000000100 011011110111101010110000
111011111110101010110100 100000001001000000000010 011011110111101010110110
111011111110101010110100 100000001001000000000001 011011110111101010110101
111011111110101010110100 100000001000110000000000 011011110110011010110100
111011111110101010110100 100000001000101000000000 011011110110000010110100
111011111110101010110100 100000001000100100000000 011011110110001110110100
111011111110101010110100 100000001000100010000000 011011110110001000110100
111011111110101010110100 100000001000100001000000 011011110110001011110100
111011111110101010110100 100000001000100000100000 011011110110001010010100
111011111110101010110100 100000001000100000010000 011011110110001010100100
111011111110101010110100 100000001000100000001000 011011110110001010111100
111011111110101010110100 100000001000100000000100 011011110110001010110000
111011111110101010110100 100000001000100000000010 011011110110001010110110
111011111110101010110100 100000001000100000000001 011011110110001010110101
111011111110101010110100 100000001000011000000000 011011110110110010110100
111011111110101010110100 100000001000010100000000 011011110110111110110100
111011111110101010110100 100000001000010010000000 011011110110111000110100
111011111110101010110100 100000001000010001000000 011011110110111011110100
111011111110101010110100 100000001000010000100000 011011110110111010010100
111011111110101010110100 100000001000010000010000 011011110110111010100100
111011111110101010110100 100000001000010000001000 011011110110111010111100
111011111110101010110100 100000001000010000000100 011011110110111010110000
111011111110101010110100 100000001000010000000010 011011110110111010110110
111011111110101010110100 100000001000010000000001 011011110110111010110101
111011111110101010110100 100000001000001100000000 011011110110100110110100
111011111110101010110100 100000001000001010000000 011011110110100000110100
111011111110101010110100 100000001000001001000000 011011110110100011110100
111011111110101010110100 100000001000001000100000 011011110110100010010100
111011111110101010110100 100000001000001000010000 011011110110100010100100
111011111110101010110100 100000001000001000001000 011011110110100010111100
111011111110101010110100 100000001000001000000100 011011110110100010110000
111011111110101010110100 100000001000001000000010 011011110110100010110110
111011111110101010110100 100000001000001000000001 011011110110100010110101
111011111110101010110100 100000001000000110000000 011011110110101100110100
111011111110101010110100 100000001000000101000000 011011110110101111110100
111011111110101010110100 100000001000000100100000 011011110110101110010100
111011111110101010110100 100000001000000100010000 011011110110101110100100
111011111110101010110100 100000001000000100001000 011011110110101110111100
111011111110101010110100 100000001000000100000100 011011110110101110110000
111011111110101010110100 100000001000000100000010 011011110110101110110110
111011111110101010110100 100000001000000100000001 011011110110101110110101
111011111110101010110100 100000001000000011000000 011011110110101001110100
111011111110101010110100 100000001000000010100000 011011110110101000010100
111011111110101010110100 100000001000000010010000 011011110110101000100100
111011111110101010110100 100000001000000010001000 011011110110101000111100
111011111110101010110100 100000001000000010000100 011011110110101000110000
111011111110101010110100 100000001000000010000010 011011110110101000110110
111011111110101010110100 100000001000000010000001 011011110110101000110101
111011111110101010110100 100000001000000001100000 011011110110101011010100
111011111110101010110100 100000001000000001010000 011011110110101011100100
111011111110101010110100 100000001000000001001000 011011110110101011111100
111011111110101010110100 100000001000000001000100 011011110110101011110000
111011111110101010110100 100000001000000001000010 011011110110101011110110
111011111110101010110100 100000001000000001000001 011011110110101011110101
111011111110101010110100 100000001000000000110000 011011110110101010000100
111011111110101010110100 100000001000000000101000 011011110110101010011100
111011111110101010110100 100000001000000000100100 011011110110101010010000
111011111110101010110100 100000001000000000100010 011011110110101010010110
111011111110101010110100 100000001000000000100001 011011110110101010010101
111011111110101010110100 100000001000000000011000 011011110110101010101100
111011111110101010110100 100000001000000000010100 011011110110101010100000
111011111110101010110100 100000001000000000010010 011011110110101010100110
111011111110101010110100 100000001000000000010001 011011110110101010100101
111011111110101010110100 100000001000000000001100 011011110110101010111000
111011111110101010110100 100000001000000000001010 011011110110101010111110
111011111110101010110100 100000001000000000001001 011011110110101010111101
111011111110101010110100 100000001000000000000110 011011110110101010110010
111011111110101010110100 100000001000000000000101 011011110110101010110001
111011111110101010110100 100000001000000000000011 011011110110101010110111
111011111110101010110100 100000000111000000000000 011011111001101010110100
111011111110101010110100 100000000110100000000000 011011111000001010110100
111011111110101010110100 100000000110010000000000 011011111000111010110100
111011111110101010110100 100000000110001000000000 011011111000100010110100
111011111110101010110100 100000000110000100000000 011011111000101110110100
111011111110101010110100 100000000110000010000000 011011111000101000110100
111011111110101010110100 100000000110000001000000 011011111000101011110100
111011111110101010110100 100000000110000000100000 011011111000101010010100
111011111110101010110100 100000000110000000010000 011011111000101010100100
111011111110101010110100 100000000110000000001000 011011111000101010111100
111011111110101010110100 100000000110000000000100 011011111000101010110000
111011111110101010110100 100000000110000000000010 011011111000101010110110
111011111110101010110100 100000000110000000000001 011011111000101010110101
111011111110101010110100 100000000101100000000000 011011111011001010110100
111011111110101010110100 100000000101010000000000 011011111011111010110100
111011111110101010110100 100000000101001000000000 011011111011100010110100
111011111110101010110100 100000000101000100000000 011011111011101110110100
111011111110101010110100 100000000101000010000000 011011111011101000110100
111011111110101010110100 100000000101000001000000 011011111011101011110100
111011111110101010110100 100000000101000000100000 011011111011101010010100
111011111110101010110100 100000000101000000010000 011011111011101010100100
111011111110101010110100 100000000101000000001000 011011111011101010111100
111011111110101010110100 100000000101000000000100 011011111011101010110000
111011111110101010110100 100000000101000000000010 011011111011101010110110
111011111110101010110100 100000000101000000000001 011011111011101010110101
111011111110101010110100 100000000100110000000000 011011111010011010110100
111011111110101010110100 100000000100101000000000 011011111010000010110100
111011111110101010110100 100000000100100100000000 011011111010001110110100
111011111110101010110100 100000000100100010000000 011011111010001000110100
111011111110101010110100 100000000100100001000000 011011111010001011110100
111011111110101010110100 100000000100100000100000 011011111010001010010100
111011111110101010110100 100000000100100000010000 011011111010001010100100
111011111110101010110100 100000000100100000001000 011011111010001010111100
111011111110101010110100 100000000100100000000100 011011111010001010110000
111011111110101010110100 100000000100100000000010 011011111010001010110110
111011111110101010110100 100000000100100000000001 011011111010001010110101
111011111110101010110100 100000000100011000000000 011011111010110010110100
111011111110101010110100 100000000100010100000000 011011111010111110110100
111011111110101010110100 100000000100010010000000 011011111010111000110100
111011111110101010110100 100000000100010001000000 011011111010111011110100
111011111110101010110100 100000000100010000100000 011011111010111010010100
111011111110101010110100 100000000100010000010000 011011111010111010100100
111011111110101010110100 100000000100010000001000 011011111010111010111100
111011111110101010110100 100000000100010000000100 011011111010111010110000
111011111110101010110100 100000000100010000000010 011011111010111010110110
111011111110101010110100 100000000100010000000001 011011111010111010110101
111011111110101010110100 100000000100001100000000 011011111010100110110100
111011111110101010110100 100000000100001010000000 011011111010100000110100
111011111110101010110100 100000000100001001000000 011011111010100011110100
111011111110101010110100 100000000100001000100000 011011111010100010010100
111011111110101010110100 100000000100001000010000 011011111010100010100100
111011111110101010110100 100000000100001000001000 011011111010100010111100
111011111110101010110100 100000000100001000000100 011011111010100010110000
111011111110101010110100 100000000100001000000010 011011111010100010110110
111011111110101010110100 100000000100001000000001 011011111010100010110101
111011111110101010110100 100000000100000110000000 011011111010101100110100
111011111110101010110100 100000000100000101000000 011011111010101111110100
111011111110101010110100 100000000100000100100000 011011111010101110010100
111011111110101010110100 100000000100000100010000 011011111010101110100100
111011111110101010110100 100000000100000100001000 011011111010101110111100
111011111110101010110100 100000000100000100000100 011011111010101110110000
111011111110101010110100 100000000100000100000010 011011111010101110110110
111011111110101010110100 100000000100000100000001 011011111010101110110101
111011111110101010110100 100000000100000011000000 011011111010101001110100
111011111110101010110100 100000000100000010100000 011011111010101000010100
111011111110101010110100 100000000100000010010000 011011111010101000100100
111011111110101010110100 100000000100000010001000 011011111010101000111100
111011111110101010110100 100000000100000010000100 011011111010101000110000
111011111110101010110100 100000000100000010000010 011011111010101000110110
111011111110101010110100 100000000100000010000001 011011111010101000110101
111011111110101010110100 100000000100000001100000 011011111010101011010100
111011111110101010110100 100000000100000001010000 011011111010101011100100
111011111110101010110100 100000000100000001001000 011011111010101011111100
111011111110101010110100 100000000100000001000100 011011111010101011110000
111011111110101010110100 100000000100000001000010 011011111010101011110110
111011111110101010110100 100000000100000001000001 011011111010101011110101
111011111110101010110100 100000000100000000110000 011011111010101010000100
111011111110101010110100 100000000100000000101000 011011111010101010011100
111011111110101010110100 100000000100000000100100 011011111010101010010000
111011111110101010110100 100000000100000000100010 011011111010101010010110
111011111110101010110100 100000000100000000100001 011011111010101010010101
111011111110101010110100 100000000100000000011000 011011111010101010101100
111011111110101010110100 100000000100000000010100 011011111010101010100000
111011111110101010110100 100000000100000000010010 011011111010101010100110
111011111110101010110100 100000000100000000010001 011011111010101010100101
111011111110101010110100 100000000100000000001100 011011111010101010111000
111011111110101010110100 100000000100000000001010 011011111010101010111110
111011111110101010110100 100000000100000000001001 011011111010101010111101
111011111110101010110100 100000000100000000000110 011011111010101010110010
111011111110101010110100 100000000100000000000101 011011111010101010110001
111011111110101010110100 100000000100000000000011 011011111010101010110111
111011111110101010110100 100000000011100000000000 011011111101001010110100
111011111110101010110100 100000000011010000000000 011011111101111010110100
111011111110101010110100 100000000011001000000000 011011111101100010110100
111011111110101010110100 100000000011000100000000 011011111101101110110100
111011111110101010110100 100000000011000010000000 011011111101101000110100
111011111110101010110100 100000000011000001000000 011011111101101011110100
111011111110101010110100 100000000011000000100000 011011111101101010010100
111011111110101010110100 100000000011000000010000 011011111101101010100100
111011111110101010110100 100000000011000000001000 011011111101101010111100
111011111110101010110100 100000000011000000000100 011011111101101010110000
111011111110101010110100 100000000011000000000010 011011111101101010110110
111011111110101010110100 100000000011000000000001 011011111101101010110101
111011111110101010110100 100000000010110000000000 011011111100011010110100
111011111110101010110100 100000000010101000000000 011011111100000010110100
111011111110101010110100 100000000010100100000000 011011111100001110110100
111011111110101010110100 100000000010100010000000 011011111100001000110100
111011111110101010110100 100000000010100001000000 011011111100001011110100
111011111110101010110100 100000000010100000100000 011011111100001010010100
111011111110101010110100 100000000010100000010000 011011111100001010100100
111011111110101010110100 100000000010100000001000 011011111100001010111100
111011111110101010110100 100000000010100000000100 011011111100001010110000
111011111110101010110100 100000000010100000000010 011011111100001010110110
111011111110101010110100 100000000010100000000001 011011111100001010110101
111011111110101010110100 100000000010011000000000 011011111100110010110100
111011111110101010110100 100000000010010100000000 011011111100111110110100
111011111110101010110100 100000000010010010000000 011011111100111000110100
111011111110101010110100 100000000010010001000000 011011111100111011110100
111011111110101010110100 100000000010010000100000 011011111100111010010100
111011111110101010110100 100000000010010000010000 011011111100111010100100
111011111110101010110100 100000000010010000001000 011011111100111010111100
111011111110101010110100 100000000010010000000100 011011111100111010110000
111011111110101010110100 100000000010010000000010 011011111100111010110110
111011111110101010110100 100000000010010000000001 011011111100111010110101
111011111110101010110100 100000000010001100000000 011011111100100110110100
111011111110101010110100 100000000010001010000000 011011111100100000110100
111011111110101010110100 100000000010001001000000 011011111100100011110100
111011111110101010110100 100000000010001000100000 011011111100100010010100
111011111110101010110100 100000000010001000010000 011011111100100010100100
111011111110101010110100 100000000010001000001000 011011111100100010111100
111011111110101010110100 100000000010001000000100 011011111100100010110000
111011111110101010110100 100000000010001000000010 011011111100100010110110
111011111110101010110100 100000000010001000000001 011011111100100010110101
111011111110101010110100 100000000010000110000000 011011111100101100110100
111011111110101010110100 100000000010000101000000 011011111100101111110100
111011111110101010110100 100000000010000100100000 011011111100101110010100
111011111110101010110100 100000000010000100010000 011011111100101110100100
111011111110101010110100 100000000010000100001000 011011111100101110111100
111011111110101010110100 100000000010000100000100 011011111100101110110000
111011111110101010110100 100000000010000100000010 011011111100101110110110
111011111110101010110100 100000000010000100000001 011011111100101110110101
111011111110101010110100 100000000010000011000000 011011111100101001110100
111011111110101010110100 100000000010000010100000 011011111100101000010100
111011111110101010110100 100000000010000010010000 011011111100101000100100
111011111110101010110100 100000000010000010001000 011011111100101000111100
111011111110101010110100 100000000010000010000100 011011111100101000110000
111011111110101010110100 100000000010000010000010 011011111100101000110110
111011111110101010110100 100000000010000010000001 011011111100101000110101
111011111110101010110100 100000000010000001100000 011011111100101011010100
111011111110101010110100 100000000010000001010000 011011111100101011100100
111011111110101010110100 100000000010000001001000 011011111100101011111100
111011111110101010110100 100000000010000001000100 011011111100101011110000
111011111110101010110100 100000000010000001000010 011011111100101011110110
111011111110101010110100 100000000010000001000001 011011111100101011110101
111011111110101010110100 100000000010000000110000 011011111100101010000100
111011111110101010110100 100000000010000000101000 011011111100101010011100
111011111110101010110100 100000000010000000100100 011011111100101010010000
111011111110101010110100 100000000010000000100010 011011111100101010010110
111011111110101010110100 100000000010000000100001 011011111100101010010101
111011111110101010110100 100000000010000000011000 011011111100101010101100
111011111110101010110100 100000000010000000010100 011011111100101010100000
111011111110101010110100 100000000010000000010010 011011111100101010100110
111011111110101010110100 100000000010000000010001 011011111100101010100101
111011111110101010110100 100000000010000000001100 011011111100101010111000
111011111110101010110100 100000000010000000001010 011011111100101010111110
111011111110101010110100 100000000010000000001001 011011111100101010111101
111011111110101010110100 100000000010000000000110 011011111100101010110010
111011111110101010110100 100000000010000000000101 011011111100101010110001
111011111110101010110100 100000000010000000000011 011011111100101010110111
111011111110101010110100 100000000001110000000000 011011111111011010110100
111011111110101010110100 100000000001101000000000 011011111111000010110100
111011111110101010110100 100000000001100100000000 011011111111001110110100
111011111110101010110100 100000000001100010000000 011011111111001000110100
111011111110101010110100 100000000001100001000000 011011111111001011110100
111011111110101010110100 100000000001100000100000 011011111111001010010100
111011111110101010110100 100000000001100000010000 011011111111001010100100
111011111110101010110100 100000000001100000001000 011011111111001010111100
111011111110101010110100 100000000001100000000100 011011111111001010110000
111011111110101010110100 100000000001100000000010 011011111111001010110110
111011111110101010110100 100000000001100000000001 011011111111001010110101
111011111110101010110100 100000000001011000000000 011011111111110010110100
111011111110101010110100 100000000001010100000000 011011111111111110110100
111011111110101010110100 100000000001010010000000 011011111111111000110100
111011111110101010110100 100000000001010001000000 011011111111111011110100
111011111110101010110100 100000000001010000100000 011011111111111010010100
111011111110101010110100 100000000001010000010000 011011111111111010100100
111011111110101010110100 100000000001010000001000 011011111111111010111100
111011111110101010110100 100000000001010000000100 011011111111111010110000
111011111110101010110100 100000000001010000000010 011011111111111010110110
111011111110101010110100 100000000001010000000001 011011111111111010110101
111011111110101010110100 100000000001001100000000 011011111111100110110100
111011111110101010110100 100000000001001010000000 011011111111100000110100
111011111110101010110100 100000000001001001000000 011011111111100011110100
111011111110101010110100 100000000001001000100000 011011111111100010010100
111011111110101010110100 100000000001001000010000 011011111111100010100100
111011111110101010110100 100000000001001000001000 011011111111100010111100
111011111110101010110100 100000000001001000000100 011011111111100010110000
111011111110101010110100 100000000001001000000010 011011111111100010110110
111011111110101010110100 100000000001001000000001 011011111111100010110101
111011111110101010110100 100000000001000110000000 011011111111101100110100
111011111110101010110100 100000000001000101000000 011011111111101111110100
111011111110101010110100 100000000001000100100000 011011111111101110010100
111011111110101010110100 100000000001000100010000 011011111111101110100100
111011111110101010110100 100000000001000100001000 011011111111101110111100
111011111110101010110100 100000000001000100000100 011011111111101110110000
111011111110101010110100 100000000001000100000010 011011111111101110110110
111011111110101010110100 100000000001000100000001 011011111111101110110101
111011111110101010110100 100000000001000011000000 011011111111101001110100
111011111110101010110100 100000000001000010100000 011011111111101000010100
111011111110101010110100 100000000001000010010000 011011111111101000100100
111011111110101010110100 100000000001000010001000 011011111111101000111100
111011111110101010110100 100000000001000010000100 011011111111101000110000
111011111110101010110100 100000000001000010000010 011011111111101000110110
111011111110101010110100 100000000001000010000001 011011111111101000110101
111011111110101010110100 100000000001000001100000 011011111111101011010100
111011111110101010110100 100000000001000001010000 011011111111101011100100
111011111110101010110100 100000000001000001001000 011011111111101011111100
111011111110101010110100 100000000001000001000100 011011111111101011110000
111011111110101010110100 100000000001000001000010 011011111111101011110110
111011111110101010110100 100000000001000001000001 011011111111101011110101
111011111110101010110100 100000000001000000110000 011011111111101010000100
111011111110101010110100 100000000001000000101000 011011111111101010011100
111011111110101010110100 100000000001000000100100 011011111111101010010000
111011111110101010110100 100000000001000000100010 011011111111101010010110
111011111110101010110100 100000000001000000100001 011011111111101010010101
111011111110101010110100 100000000001000000011000 011011111111101010101100
111011111110101010110100 100000000001000000010100 011011111111101010100000
111011111110101010110100 100000000001000000010010 011011111111101010100110
111011111110101010110100 100000000001000000010001 011011111111101010100101
111011111110101010110100 100000000001000000001100 011011111111101010111000
111011111110101010110100 100000000001000000001010 011011111111101010111110
111011111110101010110100 100000000001000000001001 011011111111101010111101
111011111110101010110100 100000000001000000000110 011011111111101010110010
111011111110101010110100 100000000001000000000101 011011111111101010110001
111011111110101010110100 100000000001000000000011 011011111111101010110111
111011111110101010110100 100000000000111000000000 011011111110010010110100
111011111110101010110100 100000000000110100000000 011011111110011110110100
111011111110101010110100 100000000000110010000000 011011111110011000110100
111011111110101010110100 100000000000110001000000 011011111110011011110100
111011111110101010110100 100000000000110000100000 011011111110011010010100
111011111110101010110100 100000000000110000010000 011011111110011010100100
111011111110101010110100 100000000000110000001000 011011111110011010111100
111011111110101010110100 100000000000110000000100 011011111110011010110000
111011111110101010110100 100000000000110000000010 011011111110011010110110
111011111110101010110100 100000000000110000000001 011011111110011010110101
111011111110101010110100 100000000000101100000000 011011111110000110110100
111011111110101010110100 100000000000101010000000 011011111110000000110100
111011111110101010110100 100000000000101001000000 011011111110000011110100
111011111110101010110100 100000000000101000100000 011011111110000010010100
111011111110101010110100 100000000000101000010000 011011111110000010100100
111011111110101010110100 100000000000101000001000 011011111110000010111100
111011111110101010110100 100000000000101000000100 011011111110000010110000
111011111110101010110100 100000000000101000000010 011011111110000010110110
111011111110101010110100 100000000000101000000001 011011111110000010110101
111011111110101010110100 100000000000100110000000 011011111110001100110100
111011111110101010110100 100000000000100101000000 011011111110001111110100
111011111110101010110100 100000000000100100100000 011011111110001110010100
111011111110101010110100 100000000000100100010000 011011111110001110100100
111011111110101010110100 100000000000100100001000 011011111110001110111100
111011111110101010110100 100000000000100100000100 011011111110001110110000
111011111110101010110100 100000000000100100000010 011011111110001110110110
111011111110101010110100 100000000000100100000001 011011111110001110110101
111011111110101010110100 100000000000100011000000 011011111110001001110100
111011111110101010110100 100000000000100010100000 011011111110001000010100
111011111110101010110100 100000000000100010010000 011011111110001000100100
111011111110101010110100 100000000000100010001000 011011111110001000111100
111011111110101010110100 100000000000100010000100 011011111110001000110000
111011111110101010110100 100000000000100010000010 011011111110001000110110
111011111110101010110100 100000000000100010000001 011011111110001000110101
111011111110101010110100 100000000000100001100000 011011111110001011010100
111011111110101010110100 100000000000100001010000 011011111110001011100100
111011111110101010110100 100000000000100001001000 011011111110001011111100
111011111110101010110100 100000000000100001000100 011011111110001011110000
111011111110101010110100 100000000000100001000010 011011111110001011110110
111011111110101010110100 100000000000100001000001 011011111110001011110101
111011111110101010110100 100000000000100000110000 011011111110001010000100
111011111110101010110100 100000000000100000101000 011011111110001010011100
111011111110101010110100 100000000000100000100100 011011111110001010010000
111011111110101010110100 100000000000100000100010 011011111110001010010110
111011111110101010110100 100000000000100000100001 011011111110001010010101
111011111110101010110100 100000000000100000011000 011011111110001010101100
111011111110101010110100 100000000000100000010100 011011111110001010100000
111011111110101010110100 100000000000100000010010 011011111110001010100110
111011111110101010110100 100000000000100000010001 011011111110001010100101
111011111110101010110100 100000000000100000001100 011011111110001010111000
111011111110101010110100 100000000000100000001010 011011111110001010111110
111011111110101010110100 100000000000100000001001 011011111110001010111101
111011111110101010110100 100000000000100000000110 011011111110001010110010
111011111110101010110100 100000000000100000000101 011011111110001010110001
111011111110101010110100 100000000000100000000011 011011111110001010110111
111011111110101010110100 100000000000011100000000 011011111110110110110100
111011111110101010110100 100000000000011010000000 011011111110110000110100
111011111110101010110100 100000000000011001000000 011011111110110011110100
111011111110101010110100 100000000000011000100000 011011111110110010010100
111011111110101010110100 100000000000011000010000 011011111110110010100100
111011111110101010110100 100000000000011000001000 011011111110110010111100
111011111110101010110100 100000000000011000000100 011011111110110010110000
111011111110101010110100 100000000000011000000010 011011111110110010110110
111011111110101010110100 100000000000011000000001 011011111110110010110101
111011111110101010110100 100000000000010110000000 011011111110111100110100
111011111110101010110100 100000000000010101000000 011011111110111111110100
111011111110101010110100 100000000000010100100000 011011111110111110010100
111011111110101010110100 100000000000010100010000 011011111110111110100100
111011111110101010110100 100000000000010100001000 011011111110111110111100
111011111110101010110100 100000000000010100000100 011011111110111110110000
111011111110101010110100 100000000000010100000010 011011111110111110110110
111011111110101010110100 100000000000010100000001 011011111110111110110101
111011111110101010110100 100000000000010011000000 011011111110111001110100
111011111110101010110100 100000000000010010100000 011011111110111000010100
111011111110101010110100 100000000000010010010000 011011111110111000100100
111011111110101010110100 100000000000010010001000 011011111110111000111100
111011111110101010110100 100000000000010010000100 011011111110111000110000
111011111110101010110100 100000000000010010000010 011011111110111000110110
111011111110101010110100 100000000000010010000001 011011111110111000110101
111011111110101010110100 100000000000010001100000 011011111110111011010100
111011111110101010110100 100000000000010001010000 011011111110111011100100
111011111110101010110100 100000000000010001001000 011011111110111011111100
111011111110101010110100 100000000000010001000100 011011111110111011110000
111011111110101010110100 100000000000010001000010 011011111110111011110110
111011111110101010110100 100000000000010001000001 011011111110111011110101
111011111110101010110100 100000000000010000110000 011011111110111010000100
111011111110101010110100 100000000000010000101000 011011111110111010011100
111011111110101010110100 100000000000010000100100 011011111110111010010000
111011111110101010110100 100000000000010000100010 011011111110111010010110
111011111110101010110100 100000000000010000100001 011011111110111010010101
111011111110101010110100 100000000000010000011000 011011111110111010101100
111011111110101010110100 100000000000010000010100 011011111110111010100000
111011111110101010110100 100000000000010000010010 011011111110111010100110
111011111110101010110100 100000000000010000010001 011011111110111010100101
111011111110101010110100 100000000000010000001100 011011111110111010111000
111011111110101010110100 100000000000010000001010 011011111110111010111110
111011111110101010110100 100000000000010000001001 011011111110111010111101
111011111110101010110100 100000000000010000000110 011011111110111010110010
111011111110101010110100 100000000000010000000101 011011111110111010110001
111011111110101010110100 100000000000010000000011 011011111110111010110111
111011111110101010110100 100000000000001110000000 011011111110100100110100
111011111110101010110100 100000000000001101000000 011011111110100111110100
111011111110101010110100 100000000000001100100000 011011111110100110010100
111011111110101010110100 100000000000001100010000 011011111110100110100100
111011111110101010110100 100000000000001100001000 011011111110100110111100
111011111110101010110100 100000000000001100000100 011011111110100110110000
111011111110101010110100 100000000000001100000010 011011111110100110110110
111011111110101010110100 100000000000001100000001 011011111110100110110101
111011111110101010110100 100000000000001011000000 011011111110100001110100
111011111110101010110100 100000000000001010100000 011011111110100000010100
111011111110101010110100 100000000000001010010000 011011111110100000100100
111011111110101010110100 100000000000001010001000 011011111110100000111100
111011111110101010110100 100000000000001010000100 011011111110100000110000
111011111110101010110100 100000000000001010000010 011011111110100000110110
111011111110101010110100 100000000000001010000001 011011111110100000110101
111011111110101010110100 100000000000001001100000 011011111110100011010100
111011111110101010110100 100000000000001001010000 011011111110100011100100
111011111110101010110100 100000000000001001001000 011011111110100011111100
111011111110101010110100 100000000000001001000100 011011111110100011110000
111011111110101010110100 100000000000001001000010 011011111110100011110110
111011111110101010110100 100000000000001001000001 011011111110100011110101
111011111110101010110100 100000000000001000110000 011011111110100010000100
111011111110101010110100 100000000000001000101000 011011111110100010011100
111011111110101010110100 100000000000001000100100 011011111110100010010000
111011111110101010110100 100000000000001000100010 011011111110100010010110
111011111110101010110100 100000000000001000100001 011011111110100010010101
111011111110101010110100 100000000000001000011000 011011111110100010101100
111011111110101010110100 100000000000001000010100 011011111110100010100000
111011111110101010110100 100000000000001000010010 011011111110100010100110
111011111110101010110100 100000000000001000010001 011011111110100010100101
111011111110101010110100 100000000000001000001100 011011111110100010111000
111011111110101010110100 100000000000001000001010 011011111110100010111110
111011111110101010110100 100000000000001000001001 011011111110100010111101
111011111110101010110100 100000000000001000000110 011011111110100010110010
111011111110101010110100 100000000000001000000101 011011111110100010110001
111011111110101010110100 100000000000001000000011 011011111110100010110111
111011111110101010110100 100000000000000111000000 011011111110101101110100
111011111110101010110100 100000000000000110100000 011011111110101100010100
111011111110101010110100 100000000000000110010000 011011111110101100100100
111011111110101010110100 100000000000000110001000 011011111110101100111100
111011111110101010110100 100000000000000110000100 011011111110101100110000
111011111110101010110100 100000000000000110000010 011011111110101100110110
111011111110101010110100 100000000000000110000001 011011111110101100110101
111011111110101010110100 100000000000000101100000 011011111110101111010100
111011111110101010110100 100000000000000101010000 011011111110101111100100
111011111110101010110100 100000000000000101001000 011011111110101111111100
111011111110101010110100 100000000000000101000100 011011111110101111110000
111011111110101010110100 100000000000000101000010 011011111110101111110110
111011111110101010110100 100000000000000101000001 011011111110101111110101
111011111110101010110100 100000000000000100110000 011011111110101110000100
111011111110101010110100 100000000000000100101000 011011111110101110011100
111011111110101010110100 100000000000000100100100 011011111110101110010000
111011111110101010110100 100000000000000100100010 011011111110101110010110
111011111110101010110100 100000000000000100100001 011011111110101110010101
111011111110101010110100 100000000000000100011000 011011111110101110101100
111011111110101010110100 100000000000000100010100 011011111110101110100000
111011111110101010110100 100000000000000100010010 011011111110101110100110
111011111110101010110100 100000000000000100010001 011011111110101110100101
111011111110101010110100 100000000000000100001100 011011111110101110111000
111011111110101010110100 100000000000000100001010 011011111110101110111110
111011111110101010110100 100000000000000100001001 011011111110101110111101
111011111110101010110100 100000000000000100000110 011011111110101110110010
111011111110101010110100 100000000000000100000101 011011111110101110110001
111011111110101010110100 100000000000000100000011 011011111110101110110111
111011111110101010110100 100000000000000011100000 011011111110101001010100
111011111110101010110100 100000000000000011010000 011011111110101001100100
111011111110101010110100 100000000000000011001000 011011111110101001111100
111011111110101010110100 100000000000000011000100 011011111110101001110000
111011111110101010110100 100000000000000011000010 011011111110101001110110
111011111110101010110100 100000000000000011000001 011011111110101001110101
111011111110101010110100 100000000000000010110000 011011111110101000000100
111011111110101010110100 100000000000000010101000 011011111110101000011100
111011111110101010110100 100000000000000010100100 011011111110101000010000
111011111110101010110100 100000000000000010100010 011011111110101000010110
111011111110101010110100 100000000000000010100001 011011111110101000010101
111011111110101010110100 100000000000000010011000 011011111110101000101100
111011111110101010110100 100000000000000010010100 011011111110101000100000
111011111110101010110100 100000000000000010010010 011011111110101000100110
111011111110101010110100 100000000000000010010001 011011111110101000100101
111011111110101010110100 100000000000000010001100 011011111110101000111000
111011111110101010110100 100000000000000010001010 011011111110101000111110
111011111110101010110100 100000000000000010001001 011011111110101000111101
111011111110101010110100 100000000000000010000110 011011111110101000110010
111011111110101010110100 100000000000000010000101 011011111110101000110001
111011111110101010110100 100000000000000010000011 011011111110101000110111
111011111110101010110100 100000000000000001110000 011011111110101011000100
111011111110101010110100 100000000000000001101000 011011111110101011011100
111011111110101010110100 100000000000000001100100 011011111110101011010000
111011111110101010110100 100000000000000001100010 011011111110101011010110
111011111110101010110100 100000000000000001100001 011011111110101011010101
111011111110101010110100 100000000000000001011000 011011111110101011101100
111011111110101010110100 100000000000000001010100 011011111110101011100000
111011111110101010110100 100000000000000001010010 011011111110101011100110
111011111110101010110100 100000000000000001010001 011011111110101011100101
111011111110101010110100 100000000000000001001100 011011111110101011111000
111011111110101010110100 100000000000000001001010 011011111110101011111110
111011111110101010110100 100000000000000001001001 011011111110101011111101
111011111110101010110100 100000000000000001000110 011011111110101011110010
111011111110101010110100 100000000000000001000101 011011111110101011110001
111011111110101010110100 100000000000000001000011 011011111110101011110111
111011111110101010110100 100000000000000000111000 011011111110101010001100
111011111110101010110100 100000000000000000110100 011011111110101010000000
111011111110101010110100 100000000000000000110010 011011111110101010000110
111011111110101010110100 100000000000000000110001 011011111110101010000101
111011111110101010110100 100000000000000000101100 011011111110101010011000
111011111110101010110100 100000000000000000101010 011011111110101010011110
111011111110101010110100 100000000000000000101001 011011111110101010011101
111011111110101010110100 100000000000000000100110 011011111110101010010010
111011111110101010110100 100000000000000000100101 011011111110101010010001
111011111110101010110100 100000000000000000100011 011011111110101010010111
111011111110101010110100 100000000000000000011100 011011111110101010101000
111011111110101010110100 100000000000000000011010 011011111110101010101110
111011111110101010110100 100000000000000000011001 011011111110101010101101
111011111110101010110100 100000000000000000010110 011011111110101010100010
111011111110101010110100 100000000000000000010101 011011111110101010100001
111011111110101010110100 100000000000000000010011 011011111110101010100111
111011111110101010110100 100000000000000000001110 011011111110101010111010
111011111110101010110100 100000000000000000001101 011011111110101010111001
111011111110101010110100 100000000000000000001011 011011111110101010111111
111011111110101010110100 100000000000000000000111 011011111110101010110011
111011111110101010110100 011110000000000000000000 100101111110101010110100
111011111110101010110100 011101000000000000000000 100110111110101010110100
111011111110101010110100 011100100000000000000000 100111011110101010110100
111011111110101010110100 011100010000000000000000 100111101110101010110100
111011111110101010110100 011100001000000000000000 100111110110101010110100
111011111110101010110100 011100000100000000000000 100111111010101010110100
111011111110101010110100 011100000010000000000000 100111111100101010110100
111011111110101010110100 011100000001000000000000 100111111111101010110100
111011111110101010110100 011100000000100000000000 100111111110001010110100
111011111110101010110100 011100000000010000000000 100111111110111010110100
111011111110101010110100 011100000000001000000000 100111111110100010110100
111011111110101010110100 011100000000000100000000 100111111110101110110100
111011111110101010110100 011100000000000010000000 100111111110101000110100
111011111110101010110100 011100000000000001000000 100111111110101011110100
111011111110101010110100 011100000000000000100000 100111111110101010010100
111011111110101010110100 011100000000000000010000 100111111110101010100100
111011111110101010110100 011100000000000000001000 100111111110101010111100
111011111110101010110100 011100000000000000000100 100111111110101010110000
111011111110101010110100 011100000000000000000010 100111111110101010110110
111011111110101010110100 011100000000000000000001 100111111110101010110101
111011111110101010110100 011011000000000000000000 100000111110101010110100
111011111110101010110100 011010100000000000000000 100001011110101010110100
111011111110101010110100 011010010000000000000000 100001101110101010110100
111011111110101010110100 011010001000000000000000 100001110110101010110100
111011111110101010110100 011010000100000000000000 100001111010101010110100
111011111110101010110100 011010000010000000000000 100001111100101010110100
111011111110101010110100 011010000001000000000000 100001111111101010110100
111011111110101010110100 011010000000100000000000 100001111110001010110100
111011111110101010110100 011010000000010000000000 100001111110111010110100
111011111110101010110100 011010000000001000000000 100001111110100010110100
111011111110101010110100 011010000000000100000000 100001111110101110110100
111011111110101010110100 011010000000000010000000 100001111110101000110100
111011111110101010110100 011010000000000001000000 100001111110101011110100
111011111110101010110100 011010000000000000100000 100001111110101010010100
111011111110101010110100 011010000000000000010000 100001111110101010100100
111011111110101010110100 011010000000000000001000 100001111110101010111100
111011111110101010110100 011010000000000000000100 100001111110101010110000
111011111110101010110100 011010000000000000000010 100001111110101010110110
111011111110101010110100 011010000000000000000001 100001111110101010110101
111011111110101010110100 011001100000000000000000 100010011110101010110100
111011111110101010110100 011001010000000000000000 100010101110101010110100
111011111110101010110100 011001001000000000000000 100010110110101010110100
111011111110101010110100 011001000100000000000000 100010111010101010110100
111011111110101010110100 011001000010000000000000 100010111100101010110100
111011111110101010110100 011001000001000000000000 100010111111101010110100
111011111110101010110100 011001000000100000000000 100010111110001010110100
111011111110101010110100 011001000000010000000000 100010111110111010110100
111011111110101010110100 011001000000001000000000 100010111110100010110100
111011111110101010110100 011001000000000100000000 100010111110101110110100
111011111110101010110100 011001000000000010000000 100010111110101000110100
111011111110101010110100 011001000000000001000000 100010111110101011110100
111011111110101010110100 011001000000000000100000 100010111110101010010100
111011111110101010110100 011001000000000000010000 100010111110101010100100
111011111110101010110100 011001000000000000001000 100010111110101010111100
111011111110101010110100 011001000000000000000100 100010111110101010110000
111011111110101010110100 011001000000000000000010 100010111110101010110110
111011111110101010110100 011001000000000000000001 100010111110101010110101
111011111110101010110100 011000110000000000000000 100011001110101010110100
111011111110101010110100 011000101000000000000000 100011010110101010110100
111011111110101010110100 011000100100000000000000 100011011010101010110100
111011111110101010110100 011000100010000000000000 100011011100101010110100
111011111110101010110100 011000100001000000000000 100011011111101010110100
111011111110101010110100 011000100000100000000000 100011011110001010110100
111011111110101010110100 011000100000010000000000 100011011110111010110100
111011111110101010110100 011000100000001000000000 100011011110100010110100
111011111110101010110100 011000100000000100000000 100011011110101110110100
111011111110101010110100 011000100000000010000000 100011011110101000110100
111011111110101010110100 011000100000000001000000 100011011110101011110100
111011111110101010110100 011000100000000000100000 100011011110101010010100
111011111110101010110100 011000100000000000010000 100011011110101010100100
111011111110101010110100 011000100000000000001000 100011011110101010111100
111011111110101010110100 011000100000000000000100 100011011110101010110000
111011111110101010110100 011000100000000000000010 100011011110101010110110
111011111110101010110100 011000100000000000000001 100011011110101010110101
111011111110101010110100 011000011000000000000000 100011100110101010110100
111011111110101010110100 011000010100000000000000 100011101010101010110100
111011111110101010110100 011000010010000000000000 100011101100101010110100
111011111110101010110100 011000010001000000000000 100011101111101010110100
111011111110101010110100 011000010000100000000000 100011101110001010110100
111011111110101010110100 011000010000010000000000 100011101110111010110100
111011111110101010110100 011000010000001000000000 100011101110100010110100
111011111110101010110100 011000010000000100000000 100011101110101110110100
111011111110101010110100 011000010000000010000000 100011101110101000110100
111011111110101010110100 011000010000000001000000 100011101110101011110100
111011111110101010110100 011000010000000000100000 100011101110101010010100
111011111110101010110100 011000010000000000010000 100011101110101010100100
111011111110101010110100 011000010000000000001000 100011101110101010111100
111011111110101010110100 011000010000000000000100 100011101110101010110000
111011111110101010110100 011000010000000000000010 100011101110101010110110
111011111110101010110100 011000010000000000000001 100011101110101010110101
111011111110101010110100 011000001100000000000000 100011110010101010110100
111011111110101010110100 011000001010000000000000 100011110100101010110100
111011111110101010110100 011000001001000000000000 100011110111101010110100
111011111110101010110100 011000001000100000000000 100011110110001010110100
111011111110101010110100 011000001000010000000000 100011110110111010110100
111011111110101010110100 011000001000001000000000 100011110110100010110100
111011111110101010110100 011000001000000100000000 100011110110101110110100
111011111110101010110100 011000001000000010000000 100011110110101000110100
111011111110101010110100 011000001000000001000000 100011110110101011110100
111011111110101010110100 011000001000000000100000 100011110110101010010100
111011111110101010110100 011000001000000000010000 100011110110101010100100
111011111110101010110100 011000001000000000001000 100011110110101010111100
111011111110101010110100 011000001000000000000100 100011110110101010110000
111011111110101010110100 011000001000000000000010 100011110110101010110110
111011111110101010110100 011000001000000000000001 100011110110101010110101
111011111110101010110100 011000000110000000000000 100011111000101010110100
111011111110101010110100 011000000101000000000000 100011111011101010110100
111011111110101010110100 011000000100100000000000 100011111010001010110100
111011111110101010110100 011000000100010000000000 100011111010111010110100
111011111110101010110100 011000000100001000000000 100011111010100010110100
111011111110101010110100 011000000100000100000000 100011111010101110110100
111011111110101010110100 011000000100000010000000 100011111010101000110100
111011111110101010110100 011000000100000001000000 100011111010101011110100
111011111110101010110100 011000000100000000100000 100011111010101010010100
111011111110101010110100 011000000100000000010000 100011111010101010100100
111011111110101010110100 011000000100000000001000 100011111010101010111100
111011111110101010110100 011000000100000000000100 100011111010101010110000
111011111110101010110100 011000000100000000000010 100011111010101010110110
111011111110101010110100 011000000100000000000001 100011111010101010110101
111011111110101010110100 011000000011000000000000 100011111101101010110100
111011111110101010110100 011000000010100000000000 100011111100001010110100
111011111110101010110100 011000000010010000000000 100011111100111010110100
111011111110101010110100 011000000010001000000000 100011111100100010110100
111011111110101010110100 011000000010000100000000 100011111100101110110100
111011111110101010110100 011000000010000010000000 100011111100101000110100
111011111110101010110100 011000000010000001000000 100011111100101011110100
111011111110101010110100 011000000010000000100000 100011111100101010010100
111011111110101010110100 011000000010000000010000 100011111100101010100100
111011111110101010110100 011000000010000000001000 100011111100101010111100
111011111110101010110100 011000000010000000000100 100011111100101010110000
111011111110101010110100 011000000010000000000010 100011111100101010110110
111011111110101010110100 011000000010000000000001 100011111100101010110101
111011111110101010110100 011000000001100000000000 100011111111001010110100
111011111110101010110100 011000000001010000000000 100011111111111010110100
111011111110101010110100 011000000001001000000000 100011111111100010110100
111011111110101010110100 011000000001000100000000 100011111111101110110100
111011111110101010110100 011000000001000010000000 100011111111101000110100
111011111110101010110100 011000000001000001000000 100011111111101011110100
111011111110101010110100 011000000001000000100000 100011111111101010010100
111011111110101010110100 011000000001000000010000 100011111111101010100100
111011111110101010110100 011000000001000000001000 100011111111101010111100
111011111110101010110100 011000000001000000000100 100011111111101010110000
111011111110101010110100 011000000001000000000010 100011111111101010110110
111011111110101010110100 011000000001000000000001 100011111111101010110101
111011111110101010110100 011000000000110000000000 100011111110011010110100
111011111110101010110100 011000000000101000000000 100011111110000010110100
111011111110101010110100 011000000000100100000000 100011111110001110110100
111011111110101010110100 011000000000100010000000 100011111110001000110100
111011111110101010110100 011000000000100001000000 100011111110001011110100
111011111110101010110100 011000000000100000100000 100011111110001010010100
111011111110101010110100 011000000000100000010000 100011111110001010100100
111011111110101010110100 011000000000100000001000 100011111110001010111100
111011111110101010110100 011000000000100000000100 100011111110001010110000
111011111110101010110100 011000000000100000000010 100011111110001010110110
111011111110101010110100 011000000000100000000001 100011111110001010110101
111011111110101010110100 011000000000011000000000 100011111110110010110100
111011111110101010110100 011000000000010100000000 100011111110111110110100
111011111110101010110100 011000000000010010000000 100011111110111000110100
111011111110101010110100 011000000000010001000000 100011111110111011110100
111011111110101010110100 011000000000010000100000 100011111110111010010100
111011111110101010110100 011000000000010000010000 100011111110111010100100
111011111110101010110100 011000000000010000001000 100011111110111010111100
111011111110101010110100 011000000000010000000100 100011111110111010110000
111011111110101010110100 011000000000010000000010 100011111110111010110110
111011111110101010110100 011000000000010000000001 100011111110111010110101
111011111110101010110100 011000000000001100000000 100011111110100110110100
111011111110101010110100 011000000000001010000000 100011111110100000110100
111011111110101010110100 011000000000001001000000 100011111110100011110100
111011111110101010110100 011000000000001000100000 100011111110100010010100
111011111110101010110100 011000000000001000010000 100011111110100010100100
111011111110101010110100 011000000000001000001000 100011111110100010111100
111011111110101010110100 011000000000001000000100 100011111110100010110000
111011111110101010110100 011000000000001000000010 100011111110100010110110
111011111110101010110100 011000000000001000000001 100011111110100010110101
111011111110101010110100 011000000000000110000000 100011111110101100110100
111011111110101010110100 011000000000000101000000 100011111110101111110100
111011111110101010110100 011000000000000100100000 100011111110101110010100
111011111110101010110100 011000000000000100010000 100011111110101110100100
111011111110101010110100 011000000000000100001000 100011111110101110111100
111011111110101010110100 011000000000000100000100 100011111110101110110000
111011111110101010110100 011000000000000100000010 100011111110101110110110
111011111110101010110100 011000000000000100000001 100011111110101110110101
111011111110101010110100 011000000000000011000000 100011111110101001110100
111011111110101010110100 011000000000000010100000 100011111110101000010100
111011111110101010110100 011000000000000010010000 100011111110101000100100
111011111110101010110100 011000000000000010001000 100011111110101000111100
111011111110101010110100 011000000000000010000100 100011111110101000110000
111011111110101010110100 011000000000000010000010 100011111110101000110110
111011111110101010110100 011000000000000010000001 100011111110101000110101
111011111110101010110100 011000000000000001100000 100011111110101011010100
111011111110101010110100 011000000000000001010000 100011111110101011100100
111011111110101010110100 011000000000000001001000 100011111110101011111100
111011111110101010110100 011000000000000001000100 100011111110101011110000
111011111110101010110100 011000000000000001000010 100011111110101011110110
111011111110101010110100 011000000000000001000001 100011111110101011110101
111011111110101010110100 011000000000000000110000 100011111110101010000100
111011111110101010110100 011000000000000000101000 100011111110101010011100
111011111110101010110100 011000000000000000100100 100011111110101010010000
111011111110101010110100 011000000000000000100010 100011111110101010010110
111011111110101010110100 011000000000000000100001 100011111110101010010101
111011111110101010110100 011000000000000000011000 100011111110101010101100
111011111110101010110100 011000000000000000010100 100011111110101010100000
111011111110101010110100 011000000000000000010010 100011111110101010100110
111011111110101010110100 011000000000000000010001 100011111110101010100101
111011111110101010110100 011000000000000000001100 100011111110101010111000
111011111110101010110100 011000000000000000001010 100011111110101010111110
111011111110101010110100 011000000000000000001001 100011111110101010111101
111011111110101010110100 011000000000000000000110 100011111110101010110010
111011111110101010110100 011000000000000000000101 100011111110101010110001
111011111110101010110100 011000000000000000000011 100011111110101010110111
111011111110101010110100 010111000000000000000000 101100111110101010110100
111011111110101010110100 010110100000000000000000 101101011110101010110100
111011111110101010110100 010110010000000000000000 101101101110101010110100
111011111110101010110100 010110001000000000000000 101101110110101010110100
111011111110101010110100 010110000100000000000000 101101111010101010110100
111011111110101010110100 010110000010000000000000 101101111100101010110100
111011111110101010110100 010110000001000000000000 101101111111101010110100
111011111110101010110100 010110000000100000000000 101101111110001010110100
111011111110101010110100 010110000000010000000000 101101111110111010110100
111011111110101010110100 010110000000001000000000 101101111110100010110100
111011111110101010110100 010110000000000100000000 101101111110101110110100
111011111110101010110100 010110000000000010000000 101101111110101000110100
111011111110101010110100 010110000000000001000000 101101111110101011110100
111011111110101010110100 010110000000000000100000 101101111110101010010100
111011111110101010110100 010110000000000000010000 101101111110101010100100
111011111110101010110100 010110000000000000001000 101101111110101010111100
111011111110101010110100 010110000000000000000100 101101111110101010110000
111011111110101010110100 010110000000000000000010 101101111110101010110110
111011111110101010110100 010110000000000000000001 101101111110101010110101
111011111110101010110100 010101100000000000000000 101110011110101010110100
111011111110101010110100 010101010000000000000000 101110101110101010110100
111011111110101010110100 010101001000000000000000 101110110110101010110100
111011111110101010110100 010101000100000000000000 101110111010101010110100
111011111110101010110100 010101000010000000000000 101110111100101010110100
111011111110101010110100 010101000001000000000000 101110111111101010110100
111011111110101010110100 010101000000100000000000 101110111110001010110100
111011111110101010110100 010101000000010000000000 101110111110111010110100
111011111110101010110100 010101000000001000000000 101110111110100010110100
111011111110101010110100 010101000000000100000000 101110111110101110110100
111011111110101010110100 010101000000000010000000 101110111110101000110100
111011111110101010110100 010101000000000001000000 101110111110101011110100
111011111110101010110100 010101000000000000100000 101110111110101010010100
111011111110101010110100 010101000000000000010000 101110111110101010100100
111011111110101010110100 010101000000000000001000 101110111110101010111100
111011111110101010110100 010101000000000000000100 101110111110101010110000
111011111110101010110100 010101000000000000000010 101110111110101010110110
111011111110101010110100 010101000000000000000001 101110111110101010110101
111011111110101010110100 010100110000000000000000 101111001110101010110100
111011111110101010110100 010100101000000000000000 101111010110101010110100
111011111110101010110100 010100100100000000000000 101111011010101010110100
111011111110101010110100 010100100010000000000000 101111011100101010110100
111011111110101010110100 010100100001000000000000 101111011111101010110100
111011111110101010110100 010100100000100000000000 101111011110001010110100
111011111110101010110100 010100100000010000000000 101111011110111010110100
111011111110101010110100 010100100000001000000000 101111011110100010110100
111011111110101010110100 010100100000000100000000 101111011110101110110100
111011111110101010110100 010100100000000010000000 101111011110101000110100
111011111110101010110100 010100100000000001000000 101111011110101011110100
111011111110101010110100 010100100000000000100000 101111011110101010010100
111011111110101010110100 010100100000000000010000 101111011110101010100100
111011111110101010110100 010100100000000000001000 101111011110101010111100
111011111110101010110100 010100100000000000000100 101111011110101010110000
111011111110101010110100 010100100000000000000010 101111011110101010110110
111011111110101010110100 010100100000000000000001 101111011110101010110101
111011111110101010110100 010100011000000000000000 101111100110101010110100
111011111110101010110100 010100010100000000000000 101111101010101010110100
111011111110101010110100 010100010010000000000000 101111101100101010110100
111011111110101010110100 010100010001000000000000 101111101111101010110100
111011111110101010110100 010100010000100000000000 101111101110001010110100
111011111110101010110100 010100010000010000000000 101111101110111010110100
111011111110101010110100 010100010000001000000000 101111101110100010110100
111011111110101010110100 010100010000000100000000 101111101110101110110100
111011111110101010110100 010100010000000010000000 101111101110101000110100
111011111110101010110100 010100010000000001000000 101111101110101011110100
111011111110101010110100 010100010000000000100000 101111101110101010010100
111011111110101010110100 010100010000000000010000 101111101110101010100100
111011111110101010110100 010100010000000000001000 101111101110101010111100
111011111110101010110100 010100010000000000000100 101111101110101010110000
111011111110101010110100 010100010000000000000010 101111101110101010110110
111011111110101010110100 010100010000000000000001 101111101110101010110101
111011111110101010110100 010100001100000000000000 101111110010101010110100
111011111110101010110100 010100001010000000000000 101111110100101010110100
111011111110101010110100 010100001001000000000000 101111110111101010110100
111011111110101010110100 010100001000100000000000 101111110110001010110100
111011111110101010110100 010100001000010000000000 101111110110111010110100
111011111110101010110100 010100001000001000000000 101111110110100010110100
111011111110101010110100 010100001000000100000000 101111110110101110110100
111011111110101010110100 010100001000000010000000 101111110110101000110100
111011111110101010110100 010100001000000001000000 101111110110101011110100
111011111110101010110100 010100001000000000100000 101111110110101010010100
111011111110101010110100 010100001000000000010000 101111110110101010100100
111011111110101010110100 010100001000000000001000 101111110110101010111100
111011111110101010110100 010100001000000000000100 101111110110101010110000
111011111110101010110100 010100001000000000000010 101111110110101010110110
111011111110101010110100 010100001000000000000001 101111110110101010110101
111011111110101010110100 010100000110000000000000 101111111000101010110100
111011111110101010110100 010100000101000000000000 101111111011101010110100
111011111110101010110100 010100000100100000000000 101111111010001010110100
111011111110101010110100 010100000100010000000000 101111111010111010110100
111011111110101010110100 010100000100001000000000 101111111010100010110100
111011111110101010110100 010100000100000100000000 101111111010101110110100
111011111110101010110100 010100000100000010000000 101111111010101000110100
111011111110101010110100 010100000100000001000000 101111111010101011110100
111011111110101010110100 010100000100000000100000 101111111010101010010100
111011111110101010110100 010100000100000000010000 101111111010101010100100
111011111110101010110100 010100000100000000001000 101111111010101010111100
111011111110101010110100 010100000100000000000100 101111111010101010110000
111011111110101010110100 010100000100000000000010 101111111010101010110110
111011111110101010110100 010100000100000000000001 101111111010101010110101
111011111110101010110100 010100000011000000000000 101111111101101010110100
111011111110101010110100 010100000010100000000000 101111111100001010110100
111011111110101010110100 010100000010010000000000 101111111100111010110100
111011111110101010110100 010100000010001000000000 101111111100100010110100
111011111110101010110100 010100000010000100000000 101111111100101110110100
111011111110101010110100 010100000010000010000000 101111111100101000110100
111011111110101010110100 010100000010000001000000 101111111100101011110100
111011111110101010110100 010100000010000000100000 101111111100101010010100
111011111110101010110100 010100000010000000010000 101111111100101010100100
111011111110101010110100 010100000010000000001000 101111111100101010111100
111011111110101010110100 010100000010000000000100 101111111100101010110000
111011111110101010110100 010100000010000000000010 101111111100101010110110
111011111110101010110100 010100000010000000000001 101111111100101010110101
111011111110101010110100 010100000001100000000000 101111111111001010110100
111011111110101010110100 010100000001010000000000 101111111111111010110100
111011111110101010110100 010100000001001000000000 101111111111100010110100
111011111110101010110100 010100000001000100000000 101111111111101110110100
111011111110101010110100 010100000001000010000000 101111111111101000110100
111011111110101010110100 010100000001000001000000 101111111111101011110100
111011111110101010110100 010100000001000000100000 101111111111101010010100
111011111110101010110100 010100000001000000010000 101111111111101010100100
111011111110101010110100 010100000001000000001000 101111111111101010111100
111011111110101010110100 010100000001000000000100 101111111111101010110000
111011111110101010110100 010100000001000000000010 101111111111101010110110
111011111110101010110100 010100000001000000000001 101111111111101010110101
111011111110101010110100 010100000000110000000000 101111111110011010110100
111011111110101010110100 010100000000101000000000 101111111110000010110100
111011111110101010110100 010100000000100100000000 101111111110001110110100
111011111110101010110100 010100000000100010000000 101111111110001000110100
111011111110101010110100 010100000000100001000000 101111111110001011110100
111011111110101010110100 010100000000100000100000 101111111110001010010100
111011111110101010110100 010100000000100000010000 101111111110001010100100
111011111110101010110100 010100000000100000001000 101111111110001010111100
111011111110101010110100 010100000000100000000100 101111111110001010110000
111011111110101010110100 010100000000100000000010 101111111110001010110110
111011111110101010110100 010100000000100000000001 101111111110001010110101
111011111110101010110100 010100000000011000000000 101111111110110010110100
111011111110101010110100 010100000000010100000000 101111111110111110110100
111011111110101010110100 010100000000010010000000 101111111110111000110100
111011111110101010110100 010100000000010001000000 101111111110111011110100
111011111110101010110100 010100000000010000100000 101111111110111010010100
111011111110101010110100 010100000000010000010000 101111111110111010100100
111011111110101010110100 010100000000010000001000 101111111110111010111100
111011111110101010110100 010100000000010000000100 101111111110111010110000
111011111110101010110100 010100000000010000000010 101111111110111010110110
111011111110101010110100 010100000000010000000001 101111111110111010110101
111011111110101010110100 010100000000001100000000 101111111110100110110100
111011111110101010110100 010100000000001010000000 101111111110100000110100
111011111110101010110100 010100000000001001000000 101111111110100011110100
111011111110101010110100 010100000000001000100000 101111111110100010010100
111011111110101010110100 010100000000001000010000 101111111110100010100100
111011111110101010110100 010100000000001000001000 101111111110100010111100
111011111110101010110100 010100000000001000000100 101111111110100010110000
111011111110101010110100 010100000000001000000010 101111111110100010110110
111011111110101010110100 010100000000001000000001 101111111110100010110101
111011111110101010110100 010100000000000110000000 101111111110101100110100
111011111110101010110100 010100000000000101000000 101111111110101111110100
111011111110101010110100 010100000000000100100000 101111111110101110010100
111011111110101010110100 010100000000000100010000 101111111110101110100100
111011111110101010110100 010100000000000100001000 101111111110101110111100
111011111110101010110100 010100000000000100000100 101111111110101110110000
111011111110101010110100 010100000000000100000010 101111111110101110110110
111011111110101010110100 010100000000000100000001 101111111110101110110101
111011111110101010110100 010100000000000011000000 101111111110101001110100
111011111110101010110100 010100000000000010100000 101111111110101000010100
111011111110101010110100 010100000000000010010000 101111111110101000100100
111011111110101010110100 010100000000000010001000 101111111110101000111100
111011111110101010110100 010100000000000010000100 101111111110101000110000
111011111110101010110100 010100000000000010000010 101111111110101000110110
111011111110101010110100 010100000000000010000001 101111111110101000110101
111011111110101010110100 010100000000000001100000 101111111110101011010100
111011111110101010110100 010100000000000001010000 101111111110101011100100
111011111110101010110100 010100000000000001001000 101111111110101011111100
111011111110101010110100 010100000000000001000100 101111111110101011110000
111011111110101010110100 010100000000000001000010 101111111110101011110110
111011111110101010110100 010100000000000001000001 101111111110101011110101
111011111110101010110100 010100000000000000110000 101111111110101010000100
111011111110101010110100 010100000000000000101000 101111111110101010011100
111011111110101010110100 010100000000000000100100 101111111110101010010000
111011111110101010110100 010100000000000000100010 101111111110101010010110
111011111110101010110100 010100000000000000100001 101111111110101010010101
111011111110101010110100 010100000000000000011000 101111111110101010101100
111011111110101010110100 010100000000000000010100 101111111110101010100000
111011111110101010110100 010100000000000000010010 101111111110101010100110
111011111110101010110100 010100000000000000010001 101111111110101010100101
111011111110101010110100 010100000000000000001100 101111111110101010111000
111011111110101010110100 010100000000000000001010 101111111110101010111110
111011111110101010110100 010100000000000000001001 101111111110101010111101
111011111110101010110100 010100000000000000000110 101111111110101010110010
111011111110101010110100 010100000000000000000101 101111111110101010110001
111011111110101010110100 010100000000000000000011 101111111110101010110111
111011111110101010110100 010011100000000000000000 101000011110101010110100
111011111110101010110100 010011010000000000000000 101000101110101010110100
111011111110101010110100 010011001000000000000000 101000110110101010110100
111011111110101010110100 010011000100000000000000 101000111010101010110100
111011111110101010110100 010011000010000000000000 101000111100101010110100
111011111110101010110100 010011000001000000000000 101000111111101010110100
111011111110101010110100 010011000000100000000000 101000111110001010110100
111011111110101010110100 010011000000010000000000 101000111110111010110100
111011111110101010110100 010011000000001000000000 101000111110100010110100
111011111110101010110100 010011000000000100000000 101000111110101110110100
111011111110101010110100 010011000000000010000000 101000111110101000110100
111011111110101010110100 010011000000000001000000 101000111110101011110100
111011111110101010110100 010011000000000000100000 101000111110101010010100
111011111110101010110100 010011000000000000010000 101000111110101010100100
111011111110101010110100 010011000000000000001000 101000111110101010111100
111011111110101010110100 010011000000000000000100 101000111110101010110000
111011111110101010110100 010011000000000000000010 101000111110101010110110
111011111110101010110100 010011000000000000000001 101000111110101010110101
111011111110101010110100 010010110000000000000000 101001001110101010110100
111011111110101010110100 010010101000000000000000 101001010110101010110100
111011111110101010110100 010010100100000000000000 101001011010101010110100
111011111110101010110100 010010100010000000000000 101001011100101010110100
111011111110101010110100 010010100001000000000000 101001011111101010110100
111011111110101010110100 010010100000100000000000 101001011110001010110100
111011111110101010110100 010010100000010000000000 101001011110111010110100
111011111110101010110100 010010100000001000000000 101001011110100010110100
111011111110101010110100 010010100000000100000000 101001011110101110110100
111011111110101010110100 010010100000000010000000 101001011110101000110100
111011111110101010110100 010010100000000001000000 101001011110101011110100
111011111110101010110100 010010100000000000100000 101001011110101010010100
111011111110101010110100 010010100000000000010000 101001011110101010100100
111011111110101010110100 010010100000000000001000 101001011110101010111100
111011111110101010110100 010010100000000000000100 101001011110101010110000
111011111110101010110100 010010100000000000000010 101001011110101010110110
111011111110101010110100 010010100000000000000001 101001011110101010110101
111011111110101010110100 010010011000000000000000 101001100110101010110100
111011111110101010110100 010010010100000000000000 101001101010101010110100
111011111110101010110100 010010010010000000000000 101001101100101010110100
111011111110101010110100 010010010001000000000000 101001101111101010110100
111011111110101010110100 010010010000100000000000 101001101110001010110100
111011111110101010110100 010010010000010000000000 101001101110111010110100
111011111110101010110100 010010010000001000000000 101001101110100010110100
111011111110101010110100 010010010000000100000000 101001101110101110110100
111011111110101010110100 010010010000000010000000 101001101110101000110100
111011111110101010110100 010010010000000001000000 101001101110101011110100
111011111110101010110100 010010010000000000100000 101001101110101010010100
111011111110101010110100 010010010000000000010000 101001101110101010100100
111011111110101010110100 010010010000000000001000 101001101110101010111100
111011111110101010110100 010010010000000000000100 101001101110101010110000
111011111110101010110100 010010010000000000000010 101001101110101010110110
111011111110101010110100 010010010000000000000001 101001101110101010110101
111011111110101010110100 010010001100000000000000 101001110010101010110100
111011111110101010110100 010010001010000000000000 101001110100101010110100
111011111110101010110100 010010001001000000000000 101001110111101010110100
111011111110101010110100 010010001000100000000000 101001110110001010110100
111011111110101010110100 010010001000010000000000 101001110110111010110100
111011111110101010110100 010010001000001000000000 101001110110100010110100
111011111110101010110100 010010001000000100000000 101001110110101110110100
111011111110101010110100 010010001000000010000000 101001110110101000110100
111011111110101010110100 010010001000000001000000 101001110110101011110100
111011111110101010110100 010010001000000000100000 101001110110101010010100
111011111110101010110100 010010001000000000010000 101001110110101010100100
111011111110101010110100 010010001000000000001000 101001110110101010111100
111011111110101010110100 010010001000000000000100 101001110110101010110000
111011111110101010110100 010010001000000000000010 101001110110101010110110
111011111110101010110100 010010001000000000000001 101001110110101010110101
111011111110101010110100 010010000110000000000000 101001111000101010110100
111011111110101010110100 010010000101000000000000 101001111011101010110100
111011111110101010110100 010010000100100000000000 101001111010001010110100
111011111110101010110100 010010000100010000000000 101001111010111010110100
111011111110101010110100 010010000100001000000000 101001111010100010110100
111011111110101010110100 010010000100000100000000 101001111010101110110100
111011111110101010110100 010010000100000010000000 101001111010101000110100
111011111110101010110100 010010000100000001000000 101001111010101011110100
111011111110101010110100 010010000100000000100000 101001111010101010010100
111011111110101010110100 010010000100000000010000 101001111010101010100100
111011111110101010110100 010010000100000000001000 101001111010101010111100
111011111110101010110100 010010000100000000000100 101001111010101010110000
111011111110101010110100 010010000100000000000010 101001111010101010110110
111011111110101010110100 010010000100000000000001 101001111010101010110101
111011111110101010110100 010010000011000000000000 101001111101101010110100
111011111110101010110100 010010000010100000000000 101001111100001010110100
111011111110101010110100 010010000010010000000000 101001111100111010110100
111011111110101010110100 010010000010001000000000 101001111100100010110100
111011111110101010110100 010010000010000100000000 101001111100101110110100
111011111110101010110100 010010000010000010000000 101001111100101000110100
111011111110101010110100 010010000010000001000000 101001111100101011110100
111011111110101010110100 010010000010000000100000 101001111100101010010100
111011111110101010110100 010010000010000000010000 101001111100101010100100
111011111110101010110100 010010000010000000001000 101001111100101010111100
111011111110101010110100 010010000010000000000100 101001111100101010110000
111011111110101010110100 010010000010000000000010 101001111100101010110110
111011111110101010110100 010010000010000000000001 101001111100101010110101
111011111110101010110100 010010000001100000000000 101001111111001010110100
111011111110101010110100 010010000001010000000000 101001111111111010110100
111011111110101010110100 010010000001001000000000 101001111111100010110100
111011111110101010110100 010010000001000100000000 101001111111101110110100
111011111110101010110100 010010000001000010000000 101001111111101000110100
111011111110101010110100 010010000001000001000000 101001111111101011110100
111011111110101010110100 010010000001000000100000 101001111111101010010100
111011111110101010110100 010010000001000000010000 101001111111101010100100
111011111110101010110100 010010000001000000001000 101001111111101010111100
111011111110101010110100 010010000001000000000100 101001111111101010110000
111011111110101010110100 010010000001000000000010 101001111111101010110110
111011111110101010110100 010010000001000000000001 101001111111101010110101
111011111110101010110100 010010000000110000000000 101001111110011010110100
111011111110101010110100 010010000000101000000000 101001111110000010110100
111011111110101010110100 010010000000100100000000 101001111110001110110100
111011111110101010110100 010010000000100010000000 101001111110001000110100
111011111110101010110100 010010000000100001000000 101001111110001011110100
111011111110101010110100 010010000000100000100000 101001111110001010010100
111011111110101010110100 010010000000100000010000 101001111110001010100100
111011111110101010110100 010010000000100000001000 101001111110001010111100
111011111110101010110100 010010000000100000000100 101001111110001010110000
111011111110101010110100 010010000000100000000010 101001111110001010110110
111011111110101010110100 010010000000100000000001 101001111110001010110101
111011111110101010110100 010010000000011000000000 101001111110110010110100
111011111110101010110100 010010000000010100000000 101001111110111110110100
111011111110101010110100 010010000000010010000000 101001111110111000110100
111011111110101010110100 010010000000010001000000 101001111110111011110100
111011111110101010110100 010010000000010000100000 101001111110111010010100
111011111110101010110100 010010000000010000010000 101001111110111010100100
111011111110101010110100 010010000000010000001000 101001111110111010111100
111011111110101010110100 010010000000010000000100 101001111110111010110000
111011111110101010110100 010010000000010000000010 101001111110111010110110
111011111110101010110100 010010000000010000000001 101001111110111010110101
111011111110101010110100 010010000000001100000000 101001111110100110110100
111011111110101010110100 010010000000001010000000 101001111110100000110100
111011111110101010110100 010010000000001001000000 101001111110100011110100
111011111110101010110100 010010000000001000100000 101001111110100010010100
111011111110101010110100 010010000000001000010000 101001111110100010100100
111011111110101010110100 010010000000001000001000 101001111110100010111100
111011111110101010110100 010010000000001000000100 101001111110100010110000
111011111110101010110100 010010000000001000000010 101001111110100010110110
111011111110101010110100 010010000000001000000001 101001111110100010110101
111011111110101010110100 010010000000000110000000 101001111110101100110100
111011111110101010110100 010010000000000101000000 101001111110101111110100
111011111110101010110100 010010000000000100100000 101001111110101110010100
111011111110101010110100 010010000000000100010000 101001111110101110100100
111011111110101010110100 010010000000000100001000 101001111110101110111100
111011111110101010110100 010010000000000100000100 101001111110101110110000
111011111110101010110100 010010000000000100000010 101001111110101110110110
111011111110101010110100 010010000000000100000001 101001111110101110110101
111011111110101010110100 010010000000000011000000 101001111110101001110100
111011111110101010110100 010010000000000010100000 101001111110101000010100
111011111110101010110100 010010000000000010010000 101001111110101000100100
111011111110101010110100 010010000000000010001000 101001111110101000111100
111011111110101010110100 010010000000000010000100 101001111110101000110000
111011111110101010110100 010010000000000010000010 101001111110101000110110
111011111110101010110100 010010000000000010000001 101001111110101000110101
111011111110101010110100 010010000000000001100000 101001111110101011010100
111011111110101010110100 010010000000000001010000 101001111110101011100100
111011111110101010110100 010010000000000001001000 101001111110101011111100
111011111110101010110100 010010000000000001000100 101001111110101011110000
111011111110101010110100 010010000000000001000010 101001111110101011110110
111011111110101010110100 010010000000000001000001 101001111110101011110101
111011111110101010110100 010010000000000000110000 101001111110101010000100
111011111110101010110100 010010000000000000101000 101001111110101010011100
111011111110101010110100 010010000000000000100100 101001111110101010010000
111011111110101010110100 010010000000000000100010 101001111110101010010110
111011111110101010110100 010010000000000000100001 101001111110101010010101
111011111110101010110100 010010000000000000011000 101001111110101010101100
111011111110101010110100 010010000000000000010100 101001111110101010100000
111011111110101010110100 010010000000000000010010 101001111110101010100110
111011111110101010110100 010010000000000000010001 101001111110101010100101
111011111110101010110100 010010000000000000001100 101001111110101010111000
111011111110101010110100 010010000000000000001010 101001111110101010111110
111011111110101010110100 010010000000000000001001 101001111110101010111101
111011111110101010110100 010010000000000000000110 101001111110101010110010
111011111110101010110100 010010000000000000000101 101001111110101010110001
111011111110101010110100 010010000000000000000011 101001111110101010110111
111011111110101010110100 010001110000000000000000 101010001110101010110100
111011111110101010110100 010001101000000000000000 101010010110101010110100
111011111110101010110100 010001100100000000000000 101010011010101010110100
111011111110101010110100 010001100010000000000000 101010011100101010110100
111011111110101010110100 010001100001000000000000 101010011111101010110100
111011111110101010110100 010001100000100000000000 101010011110001010110100
111011111110101010110100 010001100000010000000000 101010011110111010110100
111011111110101010110100 010001100000001000000000 101010011110100010110100
111011111110101010110100 010001100000000100000000 101010011110101110110100
111011111110101010110100 010001100000000010000000 101010011110101000110100
111011111110101010110100 010001100000000001000000 101010011110101011110100
111011111110101010110100 010001100000000000100000 101010011110101010010100
111011111110101010110100 010001100000000000010000 101010011110101010100100
111011111110101010110100 010001100000000000001000 101010011110101010111100
111011111110101010110100 010001100000000000000100 101010011110101010110000
111011111110101010110100 010001100000000000000010 101010011110101010110110
111011111110101010110100 010001100000000000000001 101010011110101010110101
111011111110101010110100 010001011000000000000000 101010100110101010110100
111011111110101010110100 010001010100000000000000 101010101010101010110100
111011111110101010110100 010001010010000000000000 101010101100101010110100
111011111110101010110100 010001010001000000000000 101010101111101010110100
111011111110101010110100 010001010000100000000000 101010101110001010110100
111011111110101010110100 010001010000010000000000 101010101110111010110100
111011111110101010110100 010001010000001000000000 101010101110100010110100
111011111110101010110100 010001010000000100000000 101010101110101110110100
111011111110101010110100 010001010000000010000000 101010101110101000110100
111011111110101010110100 010001010000000001000000 101010101110101011110100
111011111110101010110100 010001010000000000100000 101010101110101010010100
111011111110101010110100 010001010000000000010000 101010101110101010100100
111011111110101010110100 010001010000000000001000 101010101110101010111100
111011111110101010110100 010001010000000000000100 101010101110101010110000
111011111110101010110100 010001010000000000000010 101010101110101010110110
111011111110101010110100 010001010000000000000001 101010101110101010110101
111011111110101010110100 010001001100000000000000 101010110010101010110100
111011111110101010110100 010001001010000000000000 101010110100101010110100
111011111110101010110100 010001001001000000000000 101010110111101010110100
111011111110101010110100 010001001000100000000000 101010110110001010110100
111011111110101010110100 010001001000010000000000 101010110110111010110100
111011111110101010110100 010001001000001000000000 101010110110100010110100
111011111110101010110100 010001001000000100000000 101010110110101110110100
111011111110101010110100 010001001000000010000000 101010110110101000110100
111011111110101010110100 010001001000000001000000 101010110110101011110100
111011111110101010110100 010001001000000000100000 101010110110101010010100
111011111110101010110100 010001001000000000010000 101010110110101010100100
111011111110101010110100 010001001000000000001000 101010110110101010111100
111011111110101010110100 010001001000000000000100 101010110110101010110000
111011111110101010110100 010001001000000000000010 101010110110101010110110
111011111110101010110100 010001001000000000000001 101010110110101010110101
111011111110101010110100 010001000110000000000000 101010111000101010110100
111011111110101010110100 010001000101000000000000 101010111011101010110100
111011111110101010110100 010001000100100000000000 101010111010001010110100
111011111110101010110100 010001000100010000000000 101010111010111010110100
111011111110101010110100 010001000100001000000000 101010111010100010110100
111011111110101010110100 010001000100000100000000 101010111010101110110100
111011111110101010110100 010001000100000010000000 101010111010101000110100
111011111110101010110100 010001000100000001000000 101010111010101011110100
111011111110101010110100 010001000100000000100000 101010111010101010010100
111011111110101010110100 010001000100000000010000 101010111010101010100100
111011111110101010110100 010001000100000000001000 101010111010101010111100
111011111110101010110100 010001000100000000000100 101010111010101010110000
111011111110101010110100 010001000100000000000010 101010111010101010110110
111011111110101010110100 010001000100000000000001 101010111010101010110101
111011111110101010110100 010001000011000000000000 101010111101101010110100
111011111110101010110100 010001000010100000000000 101010111100001010110100
111011111110101010110100 010001000010010000000000 101010111100111010110100
111011111110101010110100 010001000010001000000000 101010111100100010110100
111011111110101010110100 010001000010000100000000 101010111100101110110100
111011111110101010110100 010001000010000010000000 101010111100101000110100
111011111110101010110100 010001000010000001000000 101010111100101011110100
111011111110101010110100 010001000010000000100000 101010111100101010010100
111011111110101010110100 010001000010000000010000 101010111100101010100100
111011111110101010110100 010001000010000000001000 101010111100101010111100
111011111110101010110100 010001000010000000000100 101010111100101010110000
111011111110101010110100 010001000010000000000010 101010111100101010110110
111011111110101010110100 010001000010000000000001 101010111100101010110101
111011111110101010110100 010001000001100000000000 101010111111001010110100
111011111110101010110100 010001000001010000000000 101010111111111010110100
111011111110101010110100 010001000001001000000000 101010111111100010110100
111011111110101010110100 010001000001000100000000 101010111111101110110100
111011111110101010110100 010001000001000010000000 101010111111101000110100
111011111110101010110100 010001000001000001000000 101010111111101011110100
111011111110101010110100 010001000001000000100000 101010111111101010010100
111011111110101010110100 010001000001000000010000 101010111111101010100100
111011111110101010110100 010001000001000000001000 101010111111101010111100
111011111110101010110100 010001000001000000000100 101010111111101010110000
111011111110101010110100 010001000001000000000010 101010111111101010110110
111011111110101010110100 010001000001000000000001 101010111111101010110101
111011111110101010110100 010001000000110000000000 101010111110011010110100
111011111110101010110100 010001000000101000000000 101010111110000010110100
111011111110101010110100 010001000000100100000000 101010111110001110110100
111011111110101010110100 010001000000100010000000 101010111110001000110100
111011111110101010110100 010001000000100001000000 101010111110001011110100
111011111110101010110100 010001000000100000100000 101010111110001010010100
111011111110101010110100 010001000000100000010000 101010111110001010100100
111011111110101010110100 010001000000100000001000 101010111110001010111100
111011111110101010110100 010001000000100000000100 101010111110001010110000
111011111110101010110100 010001000000100000000010 101010111110001010110110
111011111110101010110100 010001000000100000000001 101010111110001010110101
111011111110101010110100 010001000000011000000000 101010111110110010110100
111011111110101010110100 010001000000010100000000 101010111110111110110100
111011111110101010110100 010001000000010010000000 101010111110111000110100
111011111110101010110100 010001000000010001000000 101010111110111011110100
111011111110101010110100 010001000000010000100000 101010111110111010010100
111011111110101010110100 010001000000010000010000 101010111110111010100100
111011111110101010110100 010001000000010000001000 101010111110111010111100
111011111110101010110100 010001000000010000000100 101010111110111010110000
111011111110101010110100 010001000000010000000010 101010111110111010110110
111011111110101010110100 010001000000010000000001 101010111110111010110101
111011111110101010110100 010001000000001100000000 101010111110100110110100
111011111110101010110100 010001000000001010000000 101010111110100000110100
111011111110101010110100 010001000000001001000000 101010111110100011110100
111011111110101010110100 010001000000001000100000 101010111110100010010100
111011111110101010110100 010001000000001000010000 101010111110100010100100
111011111110101010110100 010001000000001000001000 101010111110100010111100
111011111110101010110100 010001000000001000000100 101010111110100010110000
111011111110101010110100 010001000000001000000010 101010111110100010110110
111011111110101010110100 010001000000001000000001 101010111110100010110101
111011111110101010110100 010001000000000110000000 101010111110101100110100
111011111110101010110100 010001000000000101000000 101010111110101111110100
111011111110101010110100 010001000000000100100000 101010111110101110010100
111011111110101010110100 010001000000000100010000 101010111110101110100100
111011111110101010110100 010001000000000100001000 101010111110101110111100
111011111110101010110100 010001000000000100000100 101010111110101110110000
111011111110101010110100 010001000000000100000010 101010111110101110110110
111011111110101010110100 010001000000000100000001 101010111110101110110101
111011111110101010110100 010001000000000011000000 101010111110101001110100
111011111110101010110100 010001000000000010100000 101010111110101000010100
111011111110101010110100 010001000000000010010000 101010111110101000100100
111011111110101010110100 010001000000000010001000 101010111110101000111100
111011111110101010110100 010001000000000010000100 101010111110101000110000
111011111110101010110100 010001000000000010000010 101010111110101000110110
111011111110101010110100 010001000000000010000001 101010111110101000110101
111011111110101010110100 010001000000000001100000 101010111110101011010100
111011111110101010110100 010001000000000001010000 101010111110101011100100
111011111110101010110100 010001000000000001001000 101010111110101011111100
111011111110101010110100 010001000000000001000100 101010111110101011110000
111011111110101010110100 010001000000000001000010 101010111110101011110110
111011111110101010110100 010001000000000001000001 101010111110101011110101
111011111110101010110100 010001000000000000110000 101010111110101010000100
111011111110101010110100 010001000000000000101000 101010111110101010011100
111011111110101010110100 010001000000000000100100 101010111110101010010000
111011111110101010110100 010001000000000000100010 101010111110101010010110
111011111110101010110100 010001000000000000100001 101010111110101010010101
111011111110101010110100 010001000000000000011000 101010111110101010101100
111011111110101010110100 010001000000000000010100 101010111110101010100000
111011111110101010110100 010001000000000000010010 101010111110101010100110
111011111110101010110100 010001000000000000010001 101010111110101010100101
111011111110101010110100 010001000000000000001100 101010111110101010111000
111011111110101010110100 010001000000000000001010 101010111110101010111110
111011111110101010110100 010001000000000000001001 101010111110101010111101
111011111110101010110100 010001000000000000000110 101010111110101010110010
111011111110101010110100 010001000000000000000101 101010111110101010110001
111011111110101010110100 010001000000000000000011 101010111110101010110111
111011111110101010110100 010000111000000000000000 101011000110101010110100
111011111110101010110100 010000110100000000000000 101011001010101010110100
111011111110101010110100 010000110010000000000000 101011001100101010110100
111011111110101010110100 010000110001000000000000 101011001111101010110100
111011111110101010110100 010000110000100000000000 101011001110001010110100
111011111110101010110100 010000110000010000000000 101011001110111010110100
111011111110101010110100 010000110000001000000000 101011001110100010110100
111011111110101010110100 010000110000000100000000 101011001110101110110100
111011111110101010110100 010000110000000010000000 101011001110101000110100
111011111110101010110100 010000110000000001000000 101011001110101011110100
111011111110101010110100 010000110000000000100000 101011001110101010010100
111011111110101010110100 010000110000000000010000 101011001110101010100100
111011111110101010110100 010000110000000000001000 101011001110101010111100
111011111110101010110100 010000110000000000000100 101011001110101010110000
111011111110101010110100 010000110000000000000010 101011001110101010110110
111011111110101010110100 010000110000000000000001 101011001110101010110101
111011111110101010110100 010000101100000000000000 101011010010101010110100
111011111110101010110100 010000101010000000000000 101011010100101010110100
111011111110101010110100 010000101001000000000000 101011010111101010110100
111011111110101010110100 010000101000100000000000 101011010110001010110100
111011111110101010110100 010000101000010000000000 101011010110111010110100
111011111110101010110100 010000101000001000000000 101011010110100010110100
111011111110101010110100 010000101000000100000000 101011010110101110110100
111011111110101010110100 010000101000000010000000 101011010110101000110100
111011111110101010110100 010000101000000001000000 101011010110101011110100
111011111110101010110100 010000101000000000100000 101011010110101010010100
111011111110101010110100 010000101000000000010000 101011010110101010100100
111011111110101010110100 010000101000000000001000 101011010110101010111100
111011111110101010110100 010000101000000000000100 101011010110101010110000
111011111110101010110100 010000101000000000000010 101011010110101010110110
111011111110101010110100 010000101000000000000001 101011010110101010110101
111011111110101010110100 010000100110000000000000 101011011000101010110100
111011111110101010110100 010000100101000000000000 101011011011101010110100
111011111110101010110100 010000100100100000000000 101011011010001010110100
111011111110101010110100 010000100100010000000000 101011011010111010110100
111011111110101010110100 010000100100001000000000 101011011010100010110100
111011111110101010110100 010000100100000100000000 101011011010101110110100
111011111110101010110100 010000100100000010000000 101011011010101000110100
111011111110101010110100 010000100100000001000000 101011011010101011110100
111011111110101010110100 010000100100000000100000 101011011010101010010100
111011111110101010110100 010000100100000000010000 101011011010101010100100
111011111110101010110100 010000100100000000001000 101011011010101010111100
111011111110101010110100 010000100100000000000100 101011011010101010110000
111011111110101010110100 010000100100000000000010 101011011010101010110110
111011111110101010110100 010000100100000000000001 101011011010101010110101
111011111110101010110100 010000100011000000000000 101011011101101010110100
111011111110101010110100 010000100010100000000000 101011011100001010110100
111011111110101010110100 010000100010010000000000 101011011100111010110100
111011111110101010110100 010000100010001000000000 101011011100100010110100
111011111110101010110100 010000100010000100000000 101011011100101110110100
111011111110101010110100 010000100010000010000000 101011011100101000110100
111011111110101010110100 010000100010000001000000 101011011100101011110100
111011111110101010110100 010000100010000000100000 101011011100101010010100
111011111110101010110100 010000100010000000010000 101011011100101010100100
111011111110101010110100 010000100010000000001000 101011011100101010111100
111011111110101010110100 010000100010000000000100 101011011100101010110000
111011111110101010110100 010000100010000000000010 101011011100101010110110
111011111110101010110100 010000100010000000000001 101011011100101010110101
111011111110101010110100 010000100001100000000000 101011011111001010110100
111011111110101010110100 010000100001010000000000 101011011111111010110100
111011111110101010110100 010000100001001000000000 101011011111100010110100
111011111110101010110100 010000100001000100000000 101011011111101110110100
111011111110101010110100 010000100001000010000000 101011011111101000110100
111011111110101010110100 010000100001000001000000 101011011111101011110100
111011111110101010110100 010000100001000000100000 101011011111101010010100
111011111110101010110100 010000100001000000010000 101011011111101010100100
111011111110101010110100 010000100001000000001000 101011011111101010111100
111011111110101010110100 010000100001000000000100 101011011111101010110000
111011111110101010110100 010000100001000000000010 101011011111101010110110
111011111110101010110100 010000100001000000000001 101011011111101010110101
111011111110101010110100 010000100000110000000000 101011011110011010110100
111011111110101010110100 010000100000101000000000 101011011110000010110100
111011111110101010110100 010000100000100100000000 101011011110001110110100
111011111110101010110100 010000100000100010000000 101011011110001000110100
111011111110101010110100 010000100000100001000000 101011011110001011110100
111011111110101010110100 010000100000100000100000 101011011110001010010100
111011111110101010110100 010000100000100000010000 101011011110001010100100
111011111110101010110100 010000100000100000001000 101011011110001010111100
111011111110101010110100 010000100000100000000100 101011011110001010110000
111011111110101010110100 010000100000100000000010 101011011110001010110110
111011111110101010110100 010000100000100000000001 101011011110001010110101
111011111110101010110100 010000100000011000000000 101011011110110010110100
111011111110101010110100 010000100000010100000000 101011011110111110110100
111011111110101010110100 010000100000010010000000 101011011110111000110100
111011111110101010110100 010000100000010001000000 101011011110111011110100
111011111110101010110100 010000100000010000100000 101011011110111010010100
111011111110101010110100 010000100000010000010000 101011011110111010100100
111011111110101010110100 010000100000010000001000 101011011110111010111100
111011111110101010110100 010000100000010000000100 101011011110111010110000
111011111110101010110100 010000100000010000000010 101011011110111010110110
111011111110101010110100 010000100000010000000001 101011011110111010110101
111011111110101010110100 010000100000001100000000 101011011110100110110100
111011111110101010110100 010000100000001010000000 101011011110100000110100
111011111110101010110100 010000100000001001000000 101011011110100011110100
111011111110101010110100 010000100000001000100000 101011011110100010010100
111011111110101010110100 010000100000001000010000 101011011110100010100100
111011111110101010110100 010000100000001000001000 101011011110100010111100
111011111110101010110100 010000100000001000000100 101011011110100010110000
111011111110101010110100 010000100000001000000010 101011011110100010110110
111011111110101010110100 010000100000001000000001 101011011110100010110101
111011111110101010110100 010000100000000110000000 101011011110101100110100
111011111110101010110100 010000100000000101000000 101011011110101111110100
111011111110101010110100 010000100000000100100000 101011011110101110010100
111011111110101010110100 010000100000000100010000 101011011110101110100100
111011111110101010110100 010000100000000100001000 101011011110101110111100
111011111110101010110100 010000100000000100000100 101011011110101110110000
111011111110101010110100 010000100000000100000010 101011011110101110110110
111011111110101010110100 010000100000000100000001 101011011110101110110101
111011111110101010110100 010000100000000011000000 101011011110101001110100
111011111110101010110100 010000100000000010100000 101011011110101000010100
111011111110101010110100 010000100000000010010000 101011011110101000100100
111011111110101010110100 010000100000000010001000 101011011110101000111100
111011111110101010110100 010000100000000010000100 101011011110101000110000
111011111110101010110100 010000100000000010000010 101011011110101000110110
111011111110101010110100 010000100000000010000001 101011011110101000110101
111011111110101010110100 010000100000000001100000 101011011110101011010100
111011111110101010110100 010000100000000001010000 101011011110101011100100
111011111110101010110100 010000100000000001001000 101011011110101011111100
111011111110101010110100 010000100000000001000100 101011011110101011110000
111011111110101010110100 010000100000000001000010 101011011110101011110110
111011111110101010110100 010000100000000001000001 101011011110101011110101
111011111110101010110100 010000100000000000110000 101011011110101010000100
111011111110101010110100 010000100000000000101000 101011011110101010011100
111011111110101010110100 010000100000000000100100 101011011110101010010000
111011111110101010110100 010000100000000000100010 101011011110101010010110
111011111110101010110100 010000100000000000100001 101011011110101010010101
111011111110101010110100 010000100000000000011000 101011011110101010101100
111011111110101010110100 010000100000000000010100 101011011110101010100000
111011111110101010110100 010000100000000000010010 101011011110101010100110
111011111110101010110100 010000100000000000010001 101011011110101010100101
111011111110101010110100 010000100000000000001100 101011011110101010111000
111011111110101010110100 010000100000000000001010 101011011110101010111110
111011111110101010110100 010000100000000000001001 101011011110101010111101
111011111110101010110100 010000100000000000000110 101011011110101010110010
111011111110101010110100 010000100000000000000101 101011011110101010110001
111011111110101010110100 010000100000000000000011 101011011110101010110111
111011111110101010110100 010000011100000000000000 101011100010101010110100
111011111110101010110100 010000011010000000000000 101011100100101010110100
111011111110101010110100 010000011001000000000000 101011100111101010110100
111011111110101010110100 010000011000100000000000 101011100110001010110100
111011111110101010110100 010000011000010000000000 101011100110111010110100
111011111110101010110100 010000011000001000000000 101011100110100010110100
111011111110101010110100 010000011000000100000000 101011100110101110110100
111011111110101010110100 010000011000000010000000 101011100110101000110100
111011111110101010110100 010000011000000001000000 101011100110101011110100
111011111110101010110100 010000011000000000100000 101011100110101010010100
111011111110101010110100 010000011000000000010000 101011100110101010100100
111011111110101010110100 010000011000000000001000 101011100110101010111100
111011111110101010110100 010000011000000000000100 101011100110101010110000
111011111110101010110100 010000011000000000000010 101011100110101010110110
111011111110101010110100 010000011000000000000001 101011100110101010110101
111011111110101010110100 010000010110000000000000 101011101000101010110100
111011111110101010110100 010000010101000000000000 101011101011101010110100
111011111110101010110100 010000010100100000000000 101011101010001010110100
111011111110101010110100 010000010100010000000000 101011101010111010110100
111011111110101010110100 010000010100001000000000 101011101010100010110100
111011111110101010110100 010000010100000100000000 101011101010101110110100
111011111110101010110100 010000010100000010000000 101011101010101000110100
111011111110101010110100 010000010100000001000000 101011101010101011110100
111011111110101010110100 010000010100000000100000 101011101010101010010100
111011111110101010110100 010000010100000000010000 101011101010101010100100
111011111110101010110100 010000010100000000001000 101011101010101010111100
111011111110101010110100 010000010100000000000100 101011101010101010110000
111011111110101010110100 010000010100000000000010 101011101010101010110110
111011111110101010110100 010000010100000000000001 101011101010101010110101
111011111110101010110100 010000010011000000000000 101011101101101010110100
111011111110101010110100 010000010010100000000000 101011101100001010110100
111011111110101010110100 010000010010010000000000 101011101100111010110100
111011111110101010110100 010000010010001000000000 101011101100100010110100
111011111110101010110100 010000010010000100000000 101011101100101110110100
111011111110101010110100 010000010010000010000000 101011101100101000110100
111011111110101010110100 010000010010000001000000 101011101100101011110100
111011111110101010110100 010000010010000000100000 101011101100101010010100
111011111110101010110100 010000010010000000010000 101011101100101010100100
111011111110101010110100 010000010010000000001000 101011101100101010111100
111011111110101010110100 010000010010000000000100 101011101100101010110000
111011111110101010110100 010000010010000000000010 101011101100101010110110
111011111110101010110100 010000010010000000000001 101011101100101010110101
111011111110101010110100 010000010001100000000000 101011101111001010110100
111011111110101010110100 010000010001010000000000 101011101111111010110100
111011111110101010110100 010000010001001000000000 101011101111100010110100
111011111110101010110100 010000010001000100000000 101011101111101110110100
111011111110101010110100 010000010001000010000000 101011101111101000110100
111011111110101010110100 010000010001000001000000 101011101111101011110100
111011111110101010110100 010000010001000000100000 101011101111101010010100
111011111110101010110100 010000010001000000010000 101011101111101010100100
111011111110101010110100 010000010001000000001000 101011101111101010111100
111011111110101010110100 010000010001000000000100 101011101111101010110000
111011111110101010110100 010000010001000000000010 101011101111101010110110
111011111110101010110100 010000010001000000000001 101011101111101010110101
111011111110101010110100 010000010000110000000000 101011101110011010110100
111011111110101010110100 010000010000101000000000 101011101110000010110100
111011111110101010110100 010000010000100100000000 101011101110001110110100
111011111110101010110100 010000010000100010000000 101011101110001000110100
111011111110101010110100 010000010000100001000000 101011101110001011110100
111011111110101010110100 010000010000100000100000 101011101110001010010100
111011111110101010110100 010000010000100000010000 101011101110001010100100
111011111110101010110100 010000010000100000001000 101011101110001010111100
111011111110101010110100 010000010000100000000100 101011101110001010110000
111011111110101010110100 010000010000100000000010 101011101110001010110110
111011111110101010110100 010000010000100000000001 101011101110001010110101
111011111110101010110100 010000010000011000000000 101011101110110010110100
111011111110101010110100 010000010000010100000000 101011101110111110110100
111011111110101010110100 010000010000010010000000 101011101110111000110100
111011111110101010110100 010000010000010001000000 101011101110111011110100
111011111110101010110100 010000010000010000100000 101011101110111010010100
111011111110101010110100 010000010000010000010000 101011101110111010100100
111011111110101010110100 010000010000010000001000 101011101110111010111100
111011111110101010110100 010000010000010000000100 101011101110111010110000
111011111110101010110100 010000010000010000000010 101011101110111010110110
111011111110101010110100 010000010000010000000001 101011101110111010110101
111011111110101010110100 010000010000001100000000 101011101110100110110100
111011111110101010110100 010000010000001010000000 101011101110100000110100
111011111110101010110100 010000010000001001000000 101011101110100011110100
111011111110101010110100 010000010000001000100000 101011101110100010010100
111011111110101010110100 010000010000001000010000 101011101110100010100100
111011111110101010110100 010000010000001000001000 101011101110100010111100
111011111110101010110100 010000010000001000000100 101011101110100010110000
111011111110101010110100 010000010000001000000010 101011101110100010110110
111011111110101010110100 010000010000001000000001 101011101110100010110101
111011111110101010110100 010000010000000110000000 101011101110101100110100
111011111110101010110100 010000010000000101000000 101011101110101111110100
111011111110101010110100 010000010000000100100000 101011101110101110010100
111011111110101010110100 010000010000000100010000 101011101110101110100100
111011111110101010110100 010000010000000100001000 101011101110101110111100
111011111110101010110100 010000010000000100000100 101011101110101110110000
111011111110101010110100 010000010000000100000010 101011101110101110110110
111011111110101010110100 010000010000000100000001 101011101110101110110101
111011111110101010110100 010000010000000011000000 101011101110101001110100
111011111110101010110100 010000010000000010100000 101011101110101000010100
111011111110101010110100 010000010000000010010000 101011101110101000100100
111011111110101010110100 010000010000000010001000 101011101110101000111100
111011111110101010110100 010000010000000010000100 101011101110101000110000
111011111110101010110100 010000010000000010000010 101011101110101000110110
111011111110101010110100 010000010000000010000001 101011101110101000110101
111011111110101010110100 010000010000000001100000 101011101110101011010100
111011111110101010110100 010000010000000001010000 101011101110101011100100
111011111110101010110100 010000010000000001001000 101011101110101011111100
111011111110101010110100 010000010000000001000100 101011101110101011110000
111011111110101010110100 010000010000000001000010 101011101110101011110110
111011111110101010110100 010000010000000001000001 101011101110101011110101
111011111110101010110100 010000010000000000110000 101011101110101010000100
111011111110101010110100 010000010000000000101000 101011101110101010011100
111011111110101010110100 010000010000000000100100 101011101110101010010000
111011111110101010110100 010000010000000000100010 101011101110101010010110
111011111110101010110100 010000010000000000100001 101011101110101010010101
111011111110101010110100 010000010000000000011000 101011101110101010101100
111011111110101010110100 010000010000000000010100 101011101110101010100000
111011111110101010110100 010000010000000000010010 101011101110101010100110
111011111110101010110100 010000010000000000010001 101011101110101010100101
111011111110101010110100 010000010000000000001100 101011101110101010111000
111011111110101010110100 010000010000000000001010 101011101110101010111110
111011111110101010110100 010000010000000000001001 101011101110101010111101
111011111110101010110100 010000010000000000000110 101011101110101010110010
111011111110101010110100 010000010000000000000101 101011101110101010110001
111011111110101010110100 010000010000000000000011 101011101110101010110111
111011111110101010110100 010000001110000000000000 101011110000101010110100
111011111110101010110100 010000001101000000000000 101011110011101010110100
111011111110101010110100 010000001100100000000000 101011110010001010110100
111011111110101010110100 010000001100010000000000 101011110010111010110100
111011111110101010110100 010000001100001000000000 101011110010100010110100
111011111110101010110100 010000001100000100000000 101011110010101110110100
111011111110101010110100 010000001100000010000000 101011110010101000110100
111011111110101010110100 010000001100000001000000 101011110010101011110100
111011111110101010110100 010000001100000000100000 101011110010101010010100
111011111110101010110100 010000001100000000010000 101011110010101010100100
111011111110101010110100 010000001100000000001000 101011110010101010111100
111011111110101010110100 010000001100000000000100 101011110010101010110000
111011111110101010110100 010000001100000000000010 101011110010101010110110
111011111110101010110100 010000001100000000000001 101011110010101010110101
111011111110101010110100 010000001011000000000000 101011110101101010110100
111011111110101010110100 010000001010100000000000 101011110100001010110100
111011111110101010110100 010000001010010000000000 101011110100111010110100
111011111110101010110100 010000001010001000000000 101011110100100010110100
111011111110101010110100 010000001010000100000000 101011110100101110110100
111011111110101010110100 010000001010000010000000 101011110100101000110100
111011111110101010110100 010000001010000001000000 101011110100101011110100
111011111110101010110100 010000001010000000100000 101011110100101010010100
111011111110101010110100 010000001010000000010000 101011110100101010100100
111011111110101010110100 010000001010000000001000 101011110100101010111100
111011111110101010110100 010000001010000000000100 101011110100101010110000
111011111110101010110100 010000001010000000000010 101011110100101010110110
111011111110101010110100 010000001010000000000001 101011110100101010110101
111011111110101010110100 010000001001100000000000 101011110111001010110100
111011111110101010110100 010000001001010000000000 101011110111111010110100
111011111110101010110100 010000001001001000000000 101011110111100010110100
111011111110101010110100 010000001001000100000000 101011110111101110110100
111011111110101010110100 010000001001000010000000 101011110111101000110100
111011111110101010110100 010000001001000001000000 101011110111101011110100
111011111110101010110100 010000001001000000100000 101011110111101010010100
111011111110101010110100 010000001001000000010000 101011110111101010100100
111011111110101010110100 010000001001000000001000 101011110111101010111100
111011111110101010110100 010000001001000000000100 101011110111101010110000
111011111110101010110100 010000001001000000000010 101011110111101010110110
111011111110101010110100 010000001001000000000001 101011110111101010110101
111011111110101010110100 010000001000110000000000 101011110110011010110100
111011111110101010110100 010000001000101000000000 101011110110000010110100
111011111110101010110100 010000001000100100000000 101011110110001110110100
111011111110101010110100 010000001000100010000000 101011110110001000110100
111011111110101010110100 010000001000100001000000 101011110110001011110100
111011111110101010110100 010000001000100000100000 101011110110001010010100
111011111110101010110100 010000001000100000010000 101011110110001010100100
111011111110101010110100 010000001000100000001000 101011110110001010111100
111011111110101010110100 010000001000100000000100 101011110110001010110000
111011111110101010110100 010000001000100000000010 101011110110001010110110
111011111110101010110100 010000001000100000000001 101011110110001010110101
111011111110101010110100 010000001000011000000000 101011110110110010110100
111011111110101010110100 010000001000010100000000 101011110110111110110100
111011111110101010110100 010000001000010010000000 101011110110111000110100
111011111110101010110100 010000001000010001000000 101011110110111011110100
111011111110101010110100 010000001000010000100000 101011110110111010010100
111011111110101010110100 010000001000010000010000 101011110110111010100100
111011111110101010110100 010000001000010000001000 101011110110111010111100
111011111110101010110100 010000001000010000000100 101011110110111010110000
111011111110101010110100 010000001000010000000010 101011110110111010110110
111011111110101010110100 010000001000010000000001 101011110110111010110101
111011111110101010110100 010000001000001100000000 101011110110100110110100
111011111110101010110100 010000001000001010000000 101011110110100000110100
111011111110101010110100 010000001000001001000000 101011110110100011110100
111011111110101010110100 010000001000001000100000 101011110110100010010100
111011111110101010110100 010000001000001000010000 101011110110100010100100
111011111110101010110100 010000001000001000001000 101011110110100010111100
111011111110101010110100 010000001000001000000100 101011110110100010110000
111011111110101010110100 010000001000001000000010 101011110110100010110110
111011111110101010110100 010000001000001000000001 101011110110100010110101
111011111110101010110100 010000001000000110000000 101011110110101100110100
111011111110101010110100 010000001000000101000000 101011110110101111110100
111011111110101010110100 010000001000000100100000 101011110110101110010100
111011111110101010110100 010000001000000100010000 101011110110101110100100
111011111110101010110100 010000001000000100001000 101011110110101110111100
111011111110101010110100 010000001000000100000100 101011110110101110110000
111011111110101010110100 010000001000000100000010 101011110110101110110110
111011111110101010110100 010000001000000100000001 101011110110101110110101
111011111110101010110100 010000001000000011000000 101011110110101001110100
111011111110101010110100 010000001000000010100000 101011110110101000010100
111011111110101010110100 010000001000000010010000 101011110110101000100100
111011111110101010110100 010000001000000010001000 101011110110101000111100
111011111110101010110100 010000001000000010000100 101011110110101000110000
111011111110101010110100 010000001000000010000010 101011110110101000110110
111011111110101010110100 010000001000000010000001 101011110110101000110101
111011111110101010110100 010000001000000001100000 101011110110101011010100
111011111110101010110100 010000001000000001010000 101011110110101011100100
111011111110101010110100 010000001000000001001000 101011110110101011111100
111011111110101010110100 010000001000000001000100 101011110110101011110000
111011111110101010110100 010000001000000001000010 101011110110101011110110
111011111110101010110100 010000001000000001000001 101011110110101011110101
111011111110101010110100 010000001000000000110000 101011110110101010000100
111011111110101010110100 010000001000000000101000 101011110110101010011100
111011111110101010110100 010000001000000000100100 101011110110101010010000
111011111110101010110100 010000001000000000100010 101011110110101010010110
111011111110101010110100 010000001000000000100001 101011110110101010010101
111011111110101010110100 010000001000000000011000 101011110110101010101100
111011111110101010110100 010000001000000000010100 101011110110101010100000
111011111110101010110100 010000001000000000010010 101011110110101010100110
111011111110101010110100 010000001000000000010001 101011110110101010100101
111011111110101010110100 010000001000000000001100 101011110110101010111000
111011111110101010110100 010000001000000000001010 101011110110101010111110
111011111110101010110100 010000001000000000001001 101011110110101010111101
111011111110101010110100 010000001000000000000110 101011110110101010110010
111011111110101010110100 010000001000000000000101 101011110110101010110001
111011111110101010110100 010000001000000000000011 101011110110101010110111
111011111110101010110100 010000000111000000000000 101011111001101010110100
111011111110101010110100 010000000110100000000000 101011111000001010110100
111011111110101010110100 010000000110010000000000 101011111000111010110100
111011111110101010110100 010000000110001000000000 101011111000100010110100
111011111110101010110100 010000000110000100000000 101011111000101110110100
111011111110101010110100 010000000110000010000000 101011111000101000110100
111011111110101010110100 010000000110000001000000 101011111000101011110100
111011111110101010110100 010000000110000000100000 101011111000101010010100
111011111110101010110100 010000000110000000010000 101011111000101010100100
111011111110101010110100 010000000110000000001000 101011111000101010111100
111011111110101010110100 010000000110000000000100 101011111000101010110000
111011111110101010110100 010000000110000000000010 101011111000101010110110
111011111110101010110100 010000000110000000000001 101011111000101010110101
111011111110101010110100 010000000101100000000000 101011111011001010110100
111011111110101010110100 010000000101010000000000 101011111011111010110100
111011111110101010110100 010000000101001000000000 101011111011100010110100
111011111110101010110100 010000000101000100000000 101011111011101110110100
111011111110101010110100 010000000101000010000000 101011111011101000110100
111011111110101010110100 010000000101000001000000 101011111011101011110100
111011111110101010110100 010000000101000000100000 101011111011101010010100
111011111110101010110100 010000000101000000010000 101011111011101010100100
111011111110101010110100 010000000101000000001000 101011111011101010111100
111011111110101010110100 010000000101000000000100 101011111011101010110000
111011111110101010110100 010000000101000000000010 101011111011101010110110
111011111110101010110100 010000000101000000000001 101011111011101010110101
111011111110101010110100 010000000100110000000000 101011111010011010110100
111011111110101010110100 010000000100101000000000 101011111010000010110100
111011111110101010110100 010000000100100100000000 101011111010001110110100
111011111110101010110100 010000000100100010000000 101011111010001000110100
111011111110101010110100 010000000100100001000000 101011111010001011110100
111011111110101010110100 010000000100100000100000 101011111010001010010100
111011111110101010110100 010000000100100000010000 101011111010001010100100
111011111110101010110100 010000000100100000001000 101011111010001010111100
111011111110101010110100 010000000100100000000100 101011111010001010110000
111011111110101010110100 010000000100100000000010 101011111010001010110110
111011111110101010110100 010000000100100000000001 101011111010001010110101
111011111110101010110100 010000000100011000000000 101011111010110010110100
111011111110101010110100 010000000100010100000000 101011111010111110110100
111011111110101010110100 010000000100010010000000 101011111010111000110100
111011111110101010110100 010000000100010001000000 101011111010111011110100
111011111110101010110100 010000000100010000100000 101011111010111010010100
111011111110101010110100 010000000100010000010000 101011111010111010100100
111011111110101010110100 010000000100010000001000 101011111010111010111100
111011111110101010110100 010000000100010000000100 101011111010111010110000
111011111110101010110100 010000000100010000000010 101011111010111010110110
111011111110101010110100 010000000100010000000001 101011111010111010110101
111011111110101010110100 010000000100001100000000 101011111010100110110100
111011111110101010110100 010000000100001010000000 101011111010100000110100
111011111110101010110100 010000000100001001000000 101011111010100011110100
111011111110101010110100 010000000100001000100000 101011111010100010010100
111011111110101010110100 010000000100001000010000 101011111010100010100100
111011111110101010110100 010000000100001000001000 101011111010100010111100
111011111110101010110100 010000000100001000000100 101011111010100010110000
111011111110101010110100 010000000100001000000010 101011111010100010110110
111011111110101010110100 010000000100001000000001 101011111010100010110101
111011111110101010110100 010000000100000110000000 101011111010101100110100
111011111110101010110100 010000000100000101000000 101011111010101111110100
111011111110101010110100 010000000100000100100000 101011111010101110010100
111011111110101010110100 010000000100000100010000 101011111010101110100100
111011111110101010110100 010000000100000100001000 101011111010101110111100
111011111110101010110100 010000000100000100000100 101011111010101110110000
111011111110101010110100 010000000100000100000010 101011111010101110110110
111011111110101010110100 010000000100000100000001 101011111010101110110101
111011111110101010110100 010000000100000011000000 101011111010101001110100
111011111110101010110100 010000000100000010100000 101011111010101000010100
111011111110101010110100 010000000100000010010000 101011111010101000100100
111011111110101010110100 010000000100000010001000 101011111010101000111100
111011111110101010110100 010000000100000010000100 101011111010101000110000
111011111110101010110100 010000000100000010000010 101011111010101000110110
111011111110101010110100 010000000100000010000001 101011111010101000110101
111011111110101010110100 010000000100000001100000 101011111010101011010100
111011111110101010110100 010000000100000001010000 101011111010101011100100
111011111110101010110100 010000000100000001001000 101011111010101011111100
111011111110101010110100 010000000100000001000100 101011111010101011110000
111011111110101010110100 010000000100000001000010 101011111010101011110110
111011111110101010110100 010000000100000001000001 101011111010101011110101
111011111110101010110100 010000000100000000110000 101011111010101010000100
111011111110101010110100 010000000100000000101000 101011111010101010011100
111011111110101010110100 010000000100000000100100 101011111010101010010000
111011111110101010110100 010000000100000000100010 101011111010101010010110
111011111110101010110100 010000000100000000100001 101011111010101010010101
111011111110101010110100 010000000100000000011000 101011111010101010101100
111011111110101010110100 010000000100000000010100 101011111010101010100000
111011111110101010110100 010000000100000000010010 101011111010101010100110
111011111110101010110100 010000000100000000010001 101011111010101010100101
111011111110101010110100 010000000100000000001100 101011111010101010111000
111011111110101010110100 010000000100000000001010 101011111010101010111110
111011111110101010110100 010000000100000000001001 101011111010101010111101
111011111110101010110100 010000000100000000000110 101011111010101010110010
111011111110101010110100 010000000100000000000101 101011111010101010110001
111011111110101010110100 010000000100000000000011 101011111010101010110111
111011111110101010110100 010000000011100000000000 101011111101001010110100
111011111110101010110100 010000000011010000000000 101011111101111010110100
111011111110101010110100 010000000011001000000000 101011111101100010110100
111011111110101010110100 010000000011000100000000 101011111101101110110100
111011111110101010110100 010000000011000010000000 101011111101101000110100
111011111110101010110100 010000000011000001000000 101011111101101011110100
111011111110101010110100 010000000011000000100000 101011111101101010010100
111011111110101010110100 010000000011000000010000 101011111101101010100100
111011111110101010110100 010000000011000000001000 101011111101101010111100
111011111110101010110100 010000000011000000000100 101011111101101010110000
111011111110101010110100 010000000011000000000010 101011111101101010110110
111011111110101010110100 010000000011000000000001 101011111101101010110101
111011111110101010110100 010000000010110000000000 101011111100011010110100
111011111110101010110100 010000000010101000000000 101011111100000010110100
111011111110101010110100 010000000010100100000000 101011111100001110110100
111011111110101010110100 010000000010100010000000 101011111100001000110100
111011111110101010110100 010000000010100001000000 101011111100001011110100
111011111110101010110100 010000000010100000100000 101011111100001010010100
111011111110101010110100 010000000010100000010000 101011111100001010100100
111011111110101010110100 010000000010100000001000 101011111100001010111100
111011111110101010110100 010000000010100000000100 101011111100001010110000
111011111110101010110100 010000000010100000000010 101011111100001010110110
111011111110101010110100 010000000010100000000001 101011111100001010110101
111011111110101010110100 010000000010011000000000 101011111100110010110100
111011111110101010110100 010000000010010100000000 101011111100111110110100
111011111110101010110100 010000000010010010000000 101011111100111000110100
111011111110101010110100 010000000010010001000000 101011111100111011110100
111011111110101010110100 010000000010010000100000 101011111100111010010100
111011111110101010110100 010000000010010000010000 101011111100111010100100
111011111110101010110100 010000000010010000001000 101011111100111010111100
111011111110101010110100 010000000010010000000100 101011111100111010110000
111011111110101010110100 010000000010010000000010 101011111100111010110110
111011111110101010110100 010000000010010000000001 101011111100111010110101
111011111110101010110100 010000000010001100000000 101011111100100110110100
111011111110101010110100 010000000010001010000000 101011111100100000110100
111011111110101010110100 010000000010001001000000 101011111100100011110100
111011111110101010110100 010000000010001000100000 101011111100100010010100
111011111110101010110100 010000000010001000010000 101011111100100010100100
111011111110101010110100 010000000010001000001000 101011111100100010111100
111011111110101010110100 010000000010001000000100 101011111100100010110000
111011111110101010110100 010000000010001000000010 101011111100100010110110
111011111110101010110100 010000000010001000000001 101011111100100010110101
111011111110101010110100 010000000010000110000000 101011111100101100110100
111011111110101010110100 010000000010000101000000 101011111100101111110100
111011111110101010110100 010000000010000100100000 101011111100101110010100
111011111110101010110100 010000000010000100010000 101011111100101110100100
111011111110101010110100 010000000010000100001000 101011111100101110111100
111011111110101010110100 010000000010000100000100 101011111100101110110000
111011111110101010110100 010000000010000100000010 101011111100101110110110
111011111110101010110100 010000000010000100000001 101011111100101110110101
111011111110101010110100 010000000010000011000000 101011111100101001110100
111011111110101010110100 010000000010000010100000 101011111100101000010100
111011111110101010110100 010000000010000010010000 101011111100101000100100
111011111110101010110100 010000000010000010001000 101011111100101000111100
111011111110101010110100 010000000010000010000100 101011111100101000110000
111011111110101010110100 010000000010000010000010 101011111100101000110110
111011111110101010110100 010000000010000010000001 101011111100101000110101
111011111110101010110100 010000000010000001100000 101011111100101011010100
111011111110101010110100 010000000010000001010000 101011111100101011100100
111011111110101010110100 010000000010000001001000 101011111100101011111100
111011111110101010110100 010000000010000001000100 101011111100101011110000
111011111110101010110100 010000000010000001000010 101011111100101011110110
111011111110101010110100 010000000010000001000001 101011111100101011110101
111011111110101010110100 010000000010000000110000 101011111100101010000100
111011111110101010110100 010000000010000000101000 101011111100101010011100
111011111110101010110100 010000000010000000100100 101011111100101010010000
111011111110101010110100 010000000010000000100010 101011111100101010010110
111011111110101010110100 010000000010000000100001 101011111100101010010101
111011111110101010110100 010000000010000000011000 101011111100101010101100
111011111110101010110100 010000000010000000010100 101011111100101010100000
111011111110101010110100 010000000010000000010010 101011111100101010100110
111011111110101010110100 010000000010000000010001 101011111100101010100101
111011111110101010110100 010000000010000000001100 101011111100101010111000
111011111110101010110100 010000000010000000001010 101011111100101010111110
111011111110101010110100 010000000010000000001001 101011111100101010111101
111011111110101010110100 010000000010000000000110 101011111100101010110010
111011111110101010110100 010000000010000000000101 101011111100101010110001
111011111110101010110100 010000000010000000000011 101011111100101010110111
111011111110101010110100 010000000001110000000000 101011111111011010110100
111011111110101010110100 010000000001101000000000 101011111111000010110100
111011111110101010110100 010000000001100100000000 101011111111001110110100
111011111110101010110100 010000000001100010000000 101011111111001000110100
111011111110101010110100 010000000001100001000000 101011111111001011110100
111011111110101010110100 010000000001100000100000 101011111111001010010100
111011111110101010110100 010000000001100000010000 101011111111001010100100
111011111110101010110100 010000000001100000001000 101011111111001010111100
111011111110101010110100 010000000001100000000100 101011111111001010110000
111011111110101010110100 010000000001100000000010 101011111111001010110110
111011111110101010110100 010000000001100000000001 101011111111001010110101
111011111110101010110100 010000000001011000000000 101011111111110010110100
111011111110101010110100 010000000001010100000000 101011111111111110110100
111011111110101010110100 010000000001010010000000 101011111111111000110100
111011111110101010110100 010000000001010001000000 101011111111111011110100
111011111110101010110100 010000000001010000100000 101011111111111010010100
111011111110101010110100 010000000001010000010000 101011111111111010100100
111011111110101010110100 010000000001010000001000 101011111111111010111100
111011111110101010110100 010000000001010000000100 101011111111111010110000
111011111110101010110100 010000000001010000000010 101011111111111010110110
111011111110101010110100 010000000001010000000001 101011111111111010110101
111011111110101010110100 010000000001001100000000 101011111111100110110100
111011111110101010110100 010000000001001010000000 101011111111100000110100
111011111110101010110100 010000000001001001000000 101011111111100011110100
111011111110101010110100 010000000001001000100000 101011111111100010010100
111011111110101010110100 010000000001001000010000 101011111111100010100100
111011111110101010110100 010000000001001000001000 101011111111100010111100
111011111110101010110100 010000000001001000000100 101011111111100010110000
111011111110101010110100 010000000001001000000010 101011111111100010110110
111011111110101010110100 010000000001001000000001 101011111111100010110101
111011111110101010110100 010000000001000110000000 101011111111101100110100
111011111110101010110100 010000000001000101000000 101011111111101111110100
111011111110101010110100 010000000001000100100000 101011111111101110010100
111011111110101010110100 010000000001000100010000 101011111111101110100100
111011111110101010110100 010000000001000100001000 101011111111101110111100
111011111110101010110100 010000000001000100000100 101011111111101110110000
111011111110101010110100 010000000001000100000010 101011111111101110110110
111011111110101010110100 010000000001000100000001 101011111111101110110101
111011111110101010110100 010000000001000011000000 101011111111101001110100
111011111110101010110100 010000000001000010100000 101011111111101000010100
111011111110101010110100 010000000001000010010000 101011111111101000100100
111011111110101010110100 010000000001000010001000 101011111111101000111100
111011111110101010110100 010000000001000010000100 101011111111101000110000
111011111110101010110100 010000000001000010000010 101011111111101000110110
111011111110101010110100 010000000001000010000001 101011111111101000110101
111011111110101010110100 010000000001000001100000 101011111111101011010100
111011111110101010110100 010000000001000001010000 101011111111101011100100
111011111110101010110100 010000000001000001001000 101011111111101011111100
111011111110101010110100 010000000001000001000100 101011111111101011110000
111011111110101010110100 010000000001000001000010 101011111111101011110110
111011111110101010110100 010000000001000001000001 101011111111101011110101
111011111110101010110100 010000000001000000110000 101011111111101010000100
111011111110101010110100 010000000001000000101000 101011111111101010011100
111011111110101010110100 010000000001000000100100 101011111111101010010000
111011111110101010110100 010000000001000000100010 101011111111101010010110
111011111110101010110100 010000000001000000100001 101011111111101010010101
111011111110101010110100 010000000001000000011000 101011111111101010101100
111011111110101010110100 010000000001000000010100 101011111111101010100000
111011111110101010110100 010000000001000000010010 101011111111101010100110
111011111110101010110100 010000000001000000010001 101011111111101010100101
111011111110101010110100 010000000001000000001100 101011111111101010111000
111011111110101010110100 010000000001000000001010 101011111111101010111110
111011111110101010110100 010000000001000000001001 101011111111101010111101
111011111110101010110100 010000000001000000000110 101011111111101010110010
111011111110101010110100 010000000001000000000101 101011111111101010110001
111011111110101010110100 010000000001000000000011 101011111111101010110111
111011111110101010110100 010000000000111000000000 101011111110010010110100
111011111110101010110100 010000000000110100000000 101011111110011110110100
111011111110101010110100 010000000000110010000000 101011111110011000110100
111011111110101010110100 010000000000110001000000 101011111110011011110100
111011111110101010110100 010000000000110000100000 101011111110011010010100
111011111110101010110100 010000000000110000010000 101011111110011010100100
111011111110101010110100 010000000000110000001000 101011111110011010111100
111011111110101010110100 010000000000110000000100 101011111110011010110000
111011111110101010110100 010000000000110000000010 101011111110011010110110
111011111110101010110100 010000000000110000000001 101011111110011010110101
111011111110101010110100 010000000000101100000000 101011111110000110110100
111011111110101010110100 010000000000101010000000 101011111110000000110100
111011111110101010110100 010000000000101001000000 101011111110000011110100
111011111110101010110100 010000000000101000100000 101011111110000010010100
111011111110101010110100 010000000000101000010000 101011111110000010100100
111011111110101010110100 010000000000101000001000 101011111110000010111100
111011111110101010110100 010000000000101000000100 101011111110000010110000
111011111110101010110100 010000000000101000000010 101011111110000010110110
111011111110101010110100 010000000000101000000001 101011111110000010110101
111011111110101010110100 010000000000100110000000 101011111110001100110100
111011111110101010110100 010000000000100101000000 101011111110001111110100
111011111110101010110100 010000000000100100100000 101011111110001110010100
111011111110101010110100 010000000000100100010000 101011111110001110100100
111011111110101010110100 010000000000100100001000 101011111110001110111100
111011111110101010110100 010000000000100100000100 101011111110001110110000
111011111110101010110100 010000000000100100000010 101011111110001110110110
111011111110101010110100 010000000000100100000001 101011111110001110110101
111011111110101010110100 010000000000100011000000 101011111110001001110100
111011111110101010110100 010000000000100010100000 101011111110001000010100
111011111110101010110100 010000000000100010010000 101011111110001000100100
111011111110101010110100 010000000000100010001000 101011111110001000111100
111011111110101010110100 010000000000100010000100 101011111110001000110000
111011111110101010110100 010000000000100010000010 101011111110001000110110
111011111110101010110100 010000000000100010000001 101011111110001000110101
111011111110101010110100 010000000000100001100000 101011111110001011010100
111011111110101010110100 010000000000100001010000 101011111110001011100100
111011111110101010110100 010000000000100001001000 101011111110001011111100
111011111110101010110100 010000000000100001000100 101011111110001011110000
111011111110101010110100 010000000000100001000010 101011111110001011110110
111011111110101010110100 010000000000100001000001 101011111110001011110101
111011111110101010110100 010000000000100000110000 101011111110001010000100
111011111110101010110100 010000000000100000101000 101011111110001010011100
111011111110101010110100 010000000000100000100100 101011111110001010010000
111011111110101010110100 010000000000100000100010 101011111110001010010110
111011111110101010110100 010000000000100000100001 101011111110001010010101
111011111110101010110100 010000000000100000011000 101011111110001010101100
111011111110101010110100 010000000000100000010100 101011111110001010100000
111011111110101010110100 010000000000100000010010 101011111110001010100110
111011111110101010110100 010000000000100000010001 101011111110001010100101
111011111110101010110100 010000000000100000001100 101011111110001010111000
111011111110101010110100 010000000000100000001010 101011111110001010111110
111011111110101010110100 010000000000100000001001 101011111110001010111101
111011111110101010110100 010000000000100000000110 101011111110001010110010
111011111110101010110100 010000000000100000000101 101011111110001010110001
111011111110101010110100 010000000000100000000011 101011111110001010110111
111011111110101010110100 010000000000011100000000 101011111110110110110100
111011111110101010110100 010000000000011010000000 101011111110110000110100
111011111110101010110100 010000000000011001000000 101011111110110011110100
111011111110101010110100 010000000000011000100000 101011111110110010010100
111011111110101010110100 010000000000011000010000 101011111110110010100100
111011111110101010110100 010000000000011000001000 101011111110110010111100
111011111110101010110100 010000000000011000000100 101011111110110010110000
111011111110101010110100 010000000000011000000010 101011111110110010110110
111011111110101010110100 010000000000011000000001 101011111110110010110101
111011111110101010110100 010000000000010110000000 101011111110111100110100
111011111110101010110100 010000000000010101000000 101011111110111111110100
111011111110101010110100 010000000000010100100000 101011111110111110010100
111011111110101010110100 010000000000010100010000 101011111110111110100100
111011111110101010110100 010000000000010100001000 101011111110111110111100
111011111110101010110100 010000000000010100000100 101011111110111110110000
111011111110101010110100 010000000000010100000010 101011111110111110110110
111011111110101010110100 010000000000010100000001 101011111110111110110101
111011111110101010110100 010000000000010011000000 101011111110111001110100
111011111110101010110100 010000000000010010100000 101011111110111000010100
111011111110101010110100 010000000000010010010000 101011111110111000100100
111011111110101010110100 010000000000010010001000 101011111110111000111100
111011111110101010110100 010000000000010010000100 101011111110111000110000
111011111110101010110100 010000000000010010000010 101011111110111000110110
111011111110101010110100 010000000000010010000001 101011111110111000110101
111011111110101010110100 010000000000010001100000 101011111110111011010100
111011111110101010110100 010000000000010001010000 101011111110111011100100
111011111110101010110100 010000000000010001001000 101011111110111011111100
111011111110101010110100 010000000000010001000100 101011111110111011110000
111011111110101010110100 010000000000010001000010 101011111110111011110110
111011111110101010110100 010000000000010001000001 101011111110111011110101
111011111110101010110100 010000000000010000110000 101011111110111010000100
111011111110101010110100 010000000000010000101000 101011111110111010011100
111011111110101010110100 010000000000010000100100 101011111110111010010000
111011111110101010110100 010000000000010000100010 101011111110111010010110
111011111110101010110100 010000000000010000100001 101011111110111010010101
111011111110101010110100 010000000000010000011000 101011111110111010101100
111011111110101010110100 010000000000010000010100 101011111110111010100000
111011111110101010110100 010000000000010000010010 101011111110111010100110
111011111110101010110100 010000000000010000010001 101011111110111010100101
111011111110101010110100 010000000000010000001100 101011111110111010111000
111011111110101010110100 010000000000010000001010 101011111110111010111110
111011111110101010110100 010000000000010000001001 101011111110111010111101
111011111110101010110100 010000000000010000000110 101011111110111010110010
111011111110101010110100 010000000000010000000101 101011111110111010110001
111011111110101010110100 010000000000010000000011 101011111110111010110111
111011111110101010110100 010000000000001110000000 101011111110100100110100
111011111110101010110100 010000000000001101000000 101011111110100111110100
111011111110101010110100 010000000000001100100000 101011111110100110010100
111011111110101010110100 010000000000001100010000 101011111110100110100100
111011111110101010110100 010000000000001100001000 101011111110100110111100
111011111110101010110100 010000000000001100000100 101011111110100110110000
111011111110101010110100 010000000000001100000010 101011111110100110110110
111011111110101010110100 010000000000001100000001 101011111110100110110101
111011111110101010110100 010000000000001011000000 101011111110100001110100
111011111110101010110100 010000000000001010100000 101011111110100000010100
111011111110101010110100 010000000000001010010000 101011111110100000100100
111011111110101010110100 010000000000001010001000 101011111110100000111100
111011111110101010110100 010000000000001010000100 101011111110100000110000
111011111110101010110100 010000000000001010000010 101011111110100000110110
111011111110101010110100 010000000000001010000001 101011111110100000110101
111011111110101010110100 010000000000001001100000 101011111110100011010100
111011111110101010110100 010000000000001001010000 101011111110100011100100
111011111110101010110100 010000000000001001001000 101011111110100011111100
111011111110101010110100 010000000000001001000100 101011111110100011110000
111011111110101010110100 010000000000001001000010 101011111110100011110110
111011111110101010110100 010000000000001001000001 101011111110100011110101
111011111110101010110100 010000000000001000110000 101011111110100010000100
111011111110101010110100 010000000000001000101000 101011111110100010011100
111011111110101010110100 010000000000001000100100 101011111110100010010000
111011111110101010110100 010000000000001000100010 101011111110100010010110
111011111110101010110100 010000000000001000100001 101011111110100010010101
111011111110101010110100 010000000000001000011000 101011111110100010101100
111011111110101010110100 010000000000001000010100 101011111110100010100000
111011111110101010110100 010000000000001000010010 101011111110100010100110
111011111110101010110100 010000000000001000010001 101011111110100010100101
111011111110101010110100 010000000000001000001100 101011111110100010111000
111011111110101010110100 010000000000001000001010 101011111110100010111110
111011111110101010110100 010000000000001000001001 101011111110100010111101
111011111110101010110100 010000000000001000000110 101011111110100010110010
111011111110101010110100 010000000000001000000101 101011111110100010110001
111011111110101010110100 010000000000001000000011 101011111110100010110111
111011111110101010110100 010000000000000111000000 101011111110101101110100
111011111110101010110100 010000000000000110100000 101011111110101100010100
111011111110101010110100 010000000000000110010000 101011111110101100100100
111011111110101010110100 010000000000000110001000 101011111110101100111100
111011111110101010110100 010000000000000110000100 101011111110101100110000
111011111110101010110100 010000000000000110000010 101011111110101100110110
111011111110101010110100 010000000000000110000001 101011111110101100110101
111011111110101010110100 010000000000000101100000 101011111110101111010100
111011111110101010110100 010000000000000101010000 101011111110101111100100
111011111110101010110100 010000000000000101001000 101011111110101111111100
111011111110101010110100 010000000000000101000100 101011111110101111110000
111011111110101010110100 010000000000000101000010 101011111110101111110110
111011111110101010110100 010000000000000101000001 101011111110101111110101
111011111110101010110100 010000000000000100110000 101011111110101110000100
111011111110101010110100 010000000000000100101000 101011111110101110011100
111011111110101010110100 010000000000000100100100 101011111110101110010000
111011111110101010110100 010000000000000100100010 101011111110101110010110
111011111110101010110100 010000000000000100100001 101011111110101110010101
111011111110101010110100 010000000000000100011000 101011111110101110101100
111011111110101010110100 010000000000000100010100 101011111110101110100000
111011111110101010110100 010000000000000100010010 101011111110101110100110
111011111110101010110100 010000000000000100010001 101011111110101110100101
111011111110101010110100 010000000000000100001100 101011111110101110111000
111011111110101010110100 010000000000000100001010 101011111110101110111110
111011111110101010110100 010000000000000100001001 101011111110101110111101
111011111110101010110100 010000000000000100000110 101011111110101110110010
111011111110101010110100 010000000000000100000101 101011111110101110110001
111011111110101010110100 010000000000000100000011 101011111110101110110111
111011111110101010110100 010000000000000011100000 101011111110101001010100
111011111110101010110100 010000000000000011010000 101011111110101001100100
111011111110101010110100 010000000000000011001000 101011111110101001111100
111011111110101010110100 010000000000000011000100 101011111110101001110000
111011111110101010110100 010000000000000011000010 101011111110101001110110
111011111110101010110100 010000000000000011000001 101011111110101001110101
111011111110101010110100 010000000000000010110000 101011111110101000000100
111011111110101010110100 010000000000000010101000 101011111110101000011100
111011111110101010110100 010000000000000010100100 101011111110101000010000
111011111110101010110100 010000000000000010100010 101011111110101000010110
111011111110101010110100 010000000000000010100001 101011111110101000010101
111011111110101010110100 010000000000000010011000 101011111110101000101100
111011111110101010110100 010000000000000010010100 101011111110101000100000
111011111110101010110100 010000000000000010010010 101011111110101000100110
111011111110101010110100 010000000000000010010001 101011111110101000100101
111011111110101010110100 010000000000000010001100 101011111110101000111000
111011111110101010110100 010000000000000010001010 101011111110101000111110
111011111110101010110100 010000000000000010001001 101011111110101000111101
111011111110101010110100 010000000000000010000110 101011111110101000110010
111011111110101010110100 010000000000000010000101 101011111110101000110001
111011111110101010110100 010000000000000010000011 101011111110101000110111
111011111110101010110100 010000000000000001110000 101011111110101011000100
111011111110101010110100 010000000000000001101000 101011111110101011011100
111011111110101010110100 010000000000000001100100 101011111110101011010000
111011111110101010110100 010000000000000001100010 101011111110101011010110
111011111110101010110100 010000000000000001100001 101011111110101011010101
111011111110101010110100 010000000000000001011000 101011111110101011101100
111011111110101010110100 010000000000000001010100 101011111110101011100000
111011111110101010110100 010000000000000001010010 101011111110101011100110
111011111110101010110100 010000000000000001010001 101011111110101011100101
111011111110101010110100 010000000000000001001100 101011111110101011111000
111011111110101010110100 010000000000000001001010 101011111110101011111110
111011111110101010110100 010000000000000001001001 101011111110101011111101
111011111110101010110100 010000000000000001000110 101011111110101011110010
111011111110101010110100 010000000000000001000101 101011111110101011110001
111011111110101010110100 010000000000000001000011 101011111110101011110111
111011111110101010110100 010000000000000000111000 101011111110101010001100
111011111110101010110100 010000000000000000110100 101011111110101010000000
111011111110101010110100 010000000000000000110010 101011111110101010000110
111011111110101010110100 010000000000000000110001 101011111110101010000101
111011111110101010110100 010000000000000000101100 101011111110101010011000
111011111110101010110100 010000000000000000101010 101011111110101010011110
111011111110101010110100 010000000000000000101001 101011111110101010011101
111011111110101010110100 010000000000000000100110 101011111110101010010010
111011111110101010110100 010000000000000000100101 101011111110101010010001
111011111110101010110100 010000000000000000100011 101011111110101010010111
111011111110101010110100 010000000000000000011100 101011111110101010101000
111011111110101010110100 010000000000000000011010 101011111110101010101110
111011111110101010110100 010000000000000000011001 101011111110101010101101
111011111110101010110100 010000000000000000010110 101011111110101010100010
111011111110101010110100 010000000000000000010101 101011111110101010100001
111011111110101010110100 010000000000000000010011 101011111110101010100111
111011111110101010110100 010000000000000000001110 101011111110101010111010
111011111110101010110100 010000000000000000001101 101011111110101010111001
111011111110101010110100 010000000000000000001011 101011111110101010111111
111011111110101010110100 010000000000000000000111 101011111110101010110011
111011111110101010110100 001111000000000000000000 110100111110101010110100
111011111110101010110100 001110100000000000000000 110101011110101010110100
111011111110101010110100 001110010000000000000000 110101101110101010110100
111011111110101010110100 001110001000000000000000 110101110110101010110100
111011111110101010110100 001110000100000000000000 110101111010101010110100
111011111110101010110100 001110000010000000000000 110101111100101010110100
111011111110101010110100 001110000001000000000000 110101111111101010110100
111011111110101010110100 001110000000100000000000 110101111110001010110100
111011111110101010110100 001110000000010000000000 110101111110111010110100
111011111110101010110100 001110000000001000000000 110101111110100010110100
111011111110101010110100 001110000000000100000000 110101111110101110110100
111011111110101010110100 001110000000000010000000 110101111110101000110100
111011111110101010110100 001110000000000001000000 110101111110101011110100
111011111110101010110100 001110000000000000100000 110101111110101010010100
111011111110101010110100 001110000000000000010000 110101111110101010100100
111011111110101010110100 001110000000000000001000 110101111110101010111100
111011111110101010110100 001110000000000000000100 110101111110101010110000
111011111110101010110100 001110000000000000000010 110101111110101010110110
111011111110101010110100 001110000000000000000001 110101111110101010110101
111011111110101010110100 001101100000000000000000 110110011110101010110100
111011111110101010110100 001101010000000000000000 110110101110101010110100
111011111110101010110100 001101001000000000000000 110110110110101010110100
111011111110101010110100 001101000100000000000000 110110111010101010110100
111011111110101010110100 001101000010000000000000 110110111100101010110100
111011111110101010110100 001101000001000000000000 110110111111101010110100
111011111110101010110100 001101000000100000000000 110110111110001010110100
111011111110101010110100 001101000000010000000000 110110111110111010110100
111011111110101010110100 001101000000001000000000 110110111110100010110100
111011111110101010110100 001101000000000100000000 110110111110101110110100
111011111110101010110100 001101000000000010000000 110110111110101000110100
111011111110101010110100 001101000000000001000000 110110111110101011110100
111011111110101010110100 001101000000000000100000 110110111110101010010100
111011111110101010110100 001101000000000000010000 110110111110101010100100
111011111110101010110100 001101000000000000001000 110110111110101010111100
111011111110101010110100 001101000000000000000100 110110111110101010110000
111011111110101010110100 001101000000000000000010 110110111110101010110110
111011111110101010110100 001101000000000000000001 110110111110101010110101
111011111110101010110100 001100110000000000000000 110111001110101010110100
111011111110101010110100 001100101000000000000000 110111010110101010110100
111011111110101010110100 001100100100000000000000 110111011010101010110100
111011111110101010110100 001100100010000000000000 110111011100101010110100
111011111110101010110100 001100100001000000000000 110111011111101010110100
111011111110101010110100 001100100000100000000000 110111011110001010110100
111011111110101010110100 001100100000010000000000 110111011110111010110100
111011111110101010110100 001100100000001000000000 110111011110100010110100
111011111110101010110100 001100100000000100000000 110111011110101110110100
111011111110101010110100 001100100000000010000000 110111011110101000110100
111011111110101010110100 001100100000000001000000 110111011110101011110100
111011111110101010110100 001100100000000000100000 110111011110101010010100
111011111110101010110100 001100100000000000010000 110111011110101010100100
111011111110101010110100 001100100000000000001000 110111011110101010111100
111011111110101010110100 001100100000000000000100 110111011110101010110000
111011111110101010110100 001100100000000000000010 110111011110101010110110
111011111110101010110100 001100100000000000000001 110111011110101010110101
111011111110101010110100 001100011000000000000000 110111100110101010110100
111011111110101010110100 001100010100000000000000 110111101010101010110100
111011111110101010110100 001100010010000000000000 110111101100101010110100
111011111110101010110100 001100010001000000000000 110111101111101010110100
111011111110101010110100 001100010000100000000000 110111101110001010110100
111011111110101010110100 001100010000010000000000 110111101110111010110100
111011111110101010110100 001100010000001000000000 110111101110100010110100
111011111110101010110100 001100010000000100000000 110111101110101110110100
111011111110101010110100 001100010000000010000000 110111101110101000110100
111011111110101010110100 001100010000000001000000 110111101110101011110100
111011111110101010110100 001100010000000000100000 110111101110101010010100
111011111110101010110100 001100010000000000010000 110111101110101010100100
111011111110101010110100 001100010000000000001000 110111101110101010111100
111011111110101010110100 001100010000000000000100 110111101110101010110000
111011111110101010110100 001100010000000000000010 110111101110101010110110
111011111110101010110100 001100010000000000000001 110111101110101010110101
111011111110101010110100 001100001100000000000000 110111110010101010110100
111011111110101010110100 001100001010000000000000 110111110100101010110100
111011111110101010110100 001100001001000000000000 110111110111101010110100
111011111110101010110100 001100001000100000000000 110111110110001010110100
111011111110101010110100 001100001000010000000000 110111110110111010110100
111011111110101010110100 001100001000001000000000 110111110110100010110100
111011111110101010110100 001100001000000100000000 110111110110101110110100
111011111110101010110100 001100001000000010000000 110111110110101000110100
111011111110101010110100 001100001000000001000000 110111110110101011110100
111011111110101010110100 001100001000000000100000 110111110110101010010100
111011111110101010110100 001100001000000000010000 110111110110101010100100
111011111110101010110100 001100001000000000001000 110111110110101010111100
111011111110101010110100 001100001000000000000100 110111110110101010110000
111011111110101010110100 001100001000000000000010 110111110110101010110110
111011111110101010110100 001100001000000000000001 110111110110101010110101
111011111110101010110100 001100000110000000000000 110111111000101010110100
111011111110101010110100 001100000101000000000000 110111111011101010110100
111011111110101010110100 001100000100100000000000 110111111010001010110100
111011111110101010110100 001100000100010000000000 110111111010111010110100
111011111110101010110100 001100000100001000000000 110111111010100010110100
111011111110101010110100 001100000100000100000000 110111111010101110110100
111011111110101010110100 001100000100000010000000 110111111010101000110100
111011111110101010110100 001100000100000001000000 110111111010101011110100
111011111110101010110100 001100000100000000100000 110111111010101010010100
111011111110101010110100 001100000100000000010000 110111111010101010100100
111011111110101010110100 001100000100000000001000 110111111010101010111100
111011111110101010110100 001100000100000000000100 110111111010101010110000
111011111110101010110100 001100000100000000000010 110111111010101010110110
111011111110101010110100 001100000100000000000001 110111111010101010110101
111011111110101010110100 001100000011000000000000 110111111101101010110100
111011111110101010110100 001100000010100000000000 110111111100001010110100
111011111110101010110100 001100000010010000000000 110111111100111010110100
111011111110101010110100 001100000010001000000000 110111111100100010110100
111011111110101010110100 001100000010000100000000 110111111100101110110100
111011111110101010110100 001100000010000010000000 110111111100101000110100
111011111110101010110100 001100000010000001000000 110111111100101011110100
111011111110101010110100 001100000010000000100000 110111111100101010010100
111011111110101010110100 001100000010000000010000 110111111100101010100100
111011111110101010110100 001100000010000000001000 110111111100101010111100
111011111110101010110100 001100000010000000000100 110111111100101010110000
111011111110101010110100 001100000010000000000010 110111111100101010110110
111011111110101010110100 001100000010000000000001 110111111100101010110101
111011111110101010110100 001100000001100000000000 110111111111001010110100
111011111110101010110100 001100000001010000000000 110111111111111010110100
111011111110101010110100 001100000001001000000000 110111111111100010110100
111011111110101010110100 001100000001000100000000 110111111111101110110100
111011111110101010110100 001100000001000010000000 110111111111101000110100
111011111110101010110100 001100000001000001000000 110111111111101011110100
111011111110101010110100 001100000001000000100000 110111111111101010010100
111011111110101010110100 001100000001000000010000 110111111111101010100100
111011111110101010110100 001100000001000000001000 110111111111101010111100
111011111110101010110100 001100000001000000000100 110111111111101010110000
111011111110101010110100 001100000001000000000010 110111111111101010110110
111011111110101010110100 001100000001000000000001 110111111111101010110101
111011111110101010110100 001100000000110000000000 110111111110011010110100
111011111110101010110100 001100000000101000000000 110111111110000010110100
111011111110101010110100 001100000000100100000000 110111111110001110110100
111011111110101010110100 001100000000100010000000 110111111110001000110100
111011111110101010110100 001100000000100001000000 110111111110001011110100
111011111110101010110100 001100000000100000100000 110111111110001010010100
111011111110101010110100 001100000000100000010000 110111111110001010100100
111011111110101010110100 001100000000100000001000 110111111110001010111100
111011111110101010110100 001100000000100000000100 110111111110001010110000
111011111110101010110100 001100000000100000000010 110111111110001010110110
111011111110101010110100 001100000000100000000001 110111111110001010110101
111011111110101010110100 001100000000011000000000 110111111110110010110100
111011111110101010110100 001100000000010100000000 110111111110111110110100
111011111110101010110100 001100000000010010000000 110111111110111000110100
111011111110101010110100 001100000000010001000000 110111111110111011110100
111011111110101010110100 001100000000010000100000 110111111110111010010100
111011111110101010110100 001100000000010000010000 110111111110111010100100
111011111110101010110100 001100000000010000001000 110111111110111010111100
111011111110101010110100 001100000000010000000100 110111111110111010110000
111011111110101010110100 001100000000010000000010 110111111110111010110110
111011111110101010110100 001100000000010000000001 110111111110111010110101
111011111110101010110100 001100000000001100000000 110111111110100110110100
111011111110101010110100 001100000000001010000000 110111111110100000110100
111011111110101010110100 001100000000001001000000 110111111110100011110100
111011111110101010110100 001100000000001000100000 110111111110100010010100
111011111110101010110100 001100000000001000010000 110111111110100010100100
111011111110101010110100 001100000000001000001000 110111111110100010111100
111011111110101010110100 001100000000001000000100 110111111110100010110000
111011111110101010110100 001100000000001000000010 110111111110100010110110
111011111110101010110100 001100000000001000000001 110111111110100010110101
111011111110101010110100 001100000000000110000000 110111111110101100110100
111011111110101010110100 001100000000000101000000 110111111110101111110100
111011111110101010110100 001100000000000100100000 110111111110101110010100
111011111110101010110100 001100000000000100010000 110111111110101110100100
111011111110101010110100 001100000000000100001000 110111111110101110111100
111011111110101010110100 001100000000000100000100 110111111110101110110000
111011111110101010110100 001100000000000100000010 110111111110101110110110
111011111110101010110100 001100000000000100000001 110111111110101110110101
111011111110101010110100 001100000000000011000000 110111111110101001110100
111011111110101010110100 001100000000000010100000 110111111110101000010100
111011111110101010110100 001100000000000010010000 110111111110101000100100
111011111110101010110100 001100000000000010001000 110111111110101000111100
111011111110101010110100 001100000000000010000100 110111111110101000110000
111011111110101010110100 001100000000000010000010 110111111110101000110110
111011111110101010110100 001100000000000010000001 110111111110101000110101
111011111110101010110100 001100000000000001100000 110111111110101011010100
111011111110101010110100 001100000000000001010000 110111111110101011100100
111011111110101010110100 001100000000000001001000 110111111110101011111100
111011111110101010110100 001100000000000001000100 110111111110101011110000
111011111110101010110100 001100000000000001000010 110111111110101011110110
111011111110101010110100 001100000000000001000001 110111111110101011110101
111011111110101010110100 001100000000000000110000 110111111110101010000100
111011111110101010110100 001100000000000000101000 110111111110101010011100
111011111110101010110100 001100000000000000100100 110111111110101010010000
111011111110101010110100 001100000000000000100010 110111111110101010010110
111011111110101010110100 001100000000000000100001 110111111110101010010101
111011111110101010110100 001100000000000000011000 110111111110101010101100
111011111110101010110100 001100000000000000010100 110111111110101010100000
111011111110101010110100 001100000000000000010010 110111111110101010100110
111011111110101010110100 001100000000000000010001 110111111110101010100101
111011111110101010110100 001100000000000000001100 110111111110101010111000
111011111110101010110100 001100000000000000001010 110111111110101010111110
111011111110101010110100 001100000000000000001001 110111111110101010111101
111011111110101010110100 001100000000000000000110 110111111110101010110010
111011111110101010110100 001100000000000000000101 110111111110101010110001
111011111110101010110100 001100000000000000000011 110111111110101010110111
111011111110101010110100 001011100000000000000000 110000011110101010110100
111011111110101010110100 001011010000000000000000 110000101110101010110100
111011111110101010110100 001011001000000000000000 110000110110101010110100
111011111110101010110100 001011000100000000000000 110000111010101010110100
111011111110101010110100 001011000010000000000000 110000111100101010110100
111011111110101010110100 001011000001000000000000 110000111111101010110100
111011111110101010110100 001011000000100000000000 110000111110001010110100
111011111110101010110100 001011000000010000000000 110000111110111010110100
111011111110101010110100 001011000000001000000000 110000111110100010110100
111011111110101010110100 001011000000000100000000 110000111110101110110100
111011111110101010110100 001011000000000010000000 110000111110101000110100
111011111110101010110100 001011000000000001000000 110000111110101011110100
111011111110101010110100 001011000000000000100000 110000111110101010010100
111011111110101010110100 001011000000000000010000 110000111110101010100100
111011111110101010110100 001011000000000000001000 110000111110101010111100
111011111110101010110100 001011000000000000000100 110000111110101010110000
111011111110101010110100 001011000000000000000010 110000111110101010110110
111011111110101010110100 001011000000000000000001 110000111110101010110101
111011111110101010110100 001010110000000000000000 110001001110101010110100
111011111110101010110100 001010101000000000000000 110001010110101010110100
111011111110101010110100 001010100100000000000000 110001011010101010110100
111011111110101010110100 001010100010000000000000 110001011100101010110100
111011111110101010110100 001010100001000000000000 110001011111101010110100
111011111110101010110100 001010100000100000000000 110001011110001010110100
111011111110101010110100 001010100000010000000000 110001011110111010110100
111011111110101010110100 001010100000001000000000 110001011110100010110100
111011111110101010110100 001010100000000100000000 110001011110101110110100
111011111110101010110100 001010100000000010000000 110001011110101000110100
111011111110101010110100 001010100000000001000000 110001011110101011110100
111011111110101010110100 001010100000000000100000 110001011110101010010100
111011111110101010110100 001010100000000000010000 110001011110101010100100
111011111110101010110100 001010100000000000001000 110001011110101010111100
111011111110101010110100 001010100000000000000100 110001011110101010110000
111011111110101010110100 001010100000000000000010 110001011110101010110110
111011111110101010110100 001010100000000000000001 110001011110101010110101
111011111110101010110100 001010011000000000000000 110001100110101010110100
111011111110101010110100 001010010100000000000000 110001101010101010110100
111011111110101010110100 001010010010000000000000 110001101100101010110100
111011111110101010110100 001010010001000000000000 110001101111101010110100
111011111110101010110100 001010010000100000000000 110001101110001010110100
111011111110101010110100 001010010000010000000000 110001101110111010110100
111011111110101010110100 001010010000001000000000 110001101110100010110100
111011111110101010110100 001010010000000100000000 110001101110101110110100
111011111110101010110100 001010010000000010000000 110001101110101000110100
111011111110101010110100 001010010000000001000000 110001101110101011110100
111011111110101010110100 001010010000000000100000 110001101110101010010100
111011111110101010110100 001010010000000000010000 110001101110101010100100
111011111110101010110100 001010010000000000001000 110001101110101010111100
111011111110101010110100 001010010000000000000100 110001101110101010110000
111011111110101010110100 001010010000000000000010 110001101110101010110110
111011111110101010110100 001010010000000000000001 110001101110101010110101
111011111110101010110100 001010001100000000000000 110001110010101010110100
111011111110101010110100 001010001010000000000000 110001110100101010110100
111011111110101010110100 001010001001000000000000 110001110111101010110100
111011111110101010110100 001010001000100000000000 110001110110001010110100
111011111110101010110100 001010001000010000000000 110001110110111010110100
111011111110101010110100 001010001000001000000000 110001110110100010110100
111011111110101010110100 001010001000000100000000 110001110110101110110100
111011111110101010110100 001010001000000010000000 110001110110101000110100
111011111110101010110100 001010001000000001000000 110001110110101011110100
111011111110101010110100 001010001000000000100000 110001110110101010010100
111011111110101010110100 001010001000000000010000 110001110110101010100100
111011111110101010110100 001010001000000000001000 110001110110101010111100
111011111110101010110100 001010001000000000000100 110001110110101010110000
111011111110101010110100 001010001000000000000010 110001110110101010110110
111011111110101010110100 001010001000000000000001 110001110110101010110101
111011111110101010110100 001010000110000000000000 110001111000101010110100
111011111110101010110100 001010000101000000000000 110001111011101010110100
111011111110101010110100 001010000100100000000000 110001111010001010110100
111011111110101010110100 001010000100010000000000 110001111010111010110100
111011111110101010110100 001010000100001000000000 110001111010100010110100
111011111110101010110100 001010000100000100000000 110001111010101110110100
111011111110101010110100 001010000100000010000000 110001111010101000110100
111011111110101010110100 001010000100000001000000 110001111010101011110100
111011111110101010110100 001010000100000000100000 110001111010101010010100
111011111110101010110100 001010000100000000010000 110001111010101010100100
111011111110101010110100 001010000100000000001000 110001111010101010111100
111011111110101010110100 001010000100000000000100 110001111010101010110000
111011111110101010110100 001010000100000000000010 110001111010101010110110
111011111110101010110100 001010000100000000000001 110001111010101010110101
111011111110101010110100 001010000011000000000000 110001111101101010110100
111011111110101010110100 001010000010100000000000 110001111100001010110100
111011111110101010110100 001010000010010000000000 110001111100111010110100
111011111110101010110100 001010000010001000000000 110001111100100010110100
111011111110101010110100 001010000010000100000000 110001111100101110110100
111011111110101010110100 001010000010000010000000 110001111100101000110100
111011111110101010110100 001010000010000001000000 110001111100101011110100
111011111110101010110100 001010000010000000100000 110001111100101010010100
111011111110101010110100 001010000010000000010000 110001111100101010100100
111011111110101010110100 001010000010000000001000 110001111100101010111100
111011111110101010110100 001010000010000000000100 110001111100101010110000
111011111110101010110100 001010000010000000000010 110001111100101010110110
111011111110101010110100 001010000010000000000001 110001111100101010110101
111011111110101010110100 001010000001100000000000 110001111111001010110100
111011111110101010110100 001010000001010000000000 110001111111111010110100
111011111110101010110100 001010000001001000000000 110001111111100010110100
111011111110101010110100 001010000001000100000000 110001111111101110110100
111011111110101010110100 001010000001000010000000 110001111111101000110100
111011111110101010110100 001010000001000001000000 110001111111101011110100
111011111110101010110100 001010000001000000100000 110001111111101010010100
111011111110101010110100 001010000001000000010000 110001111111101010100100
111011111110101010110100 001010000001000000001000 110001111111101010111100
111011111110101010110100 001010000001000000000100 110001111111101010110000
111011111110101010110100 001010000001000000000010 110001111111101010110110
111011111110101010110100 001010000001000000000001 110001111111101010110101
111011111110101010110100 001010000000110000000000 110001111110011010110100
111011111110101010110100 001010000000101000000000 110001111110000010110100
111011111110101010110100 001010000000100100000000 110001111110001110110100
111011111110101010110100 001010000000100010000000 110001111110001000110100
111011111110101010110100 001010000000100001000000 110001111110001011110100
111011111110101010110100 001010000000100000100000 110001111110001010010100
111011111110101010110100 001010000000100000010000 110001111110001010100100
111011111110101010110100 001010000000100000001000 110001111110001010111100
111011111110101010110100 001010000000100000000100 110001111110001010110000
111011111110101010110100 001010000000100000000010 110001111110001010110110
111011111110101010110100 001010000000100000000001 110001111110001010110101
111011111110101010110100 001010000000011000000000 110001111110110010110100
111011111110101010110100 001010000000010100000000 110001111110111110110100
111011111110101010110100 001010000000010010000000 110001111110111000110100
111011111110101010110100 001010000000010001000000 110001111110111011110100
111011111110101010110100 001010000000010000100000 110001111110111010010100
111011111110101010110100 001010000000010000010000 110001111110111010100100
111011111110101010110100 001010000000010000001000 110001111110111010111100
111011111110101010110100 001010000000010000000100 110001111110111010110000
111011111110101010110100 001010000000010000000010 110001111110111010110110
111011111110101010110100 001010000000010000000001 110001111110111010110101
111011111110101010110100 001010000000001100000000 110001111110100110110100
111011111110101010110100 001010000000001010000000 110001111110100000110100
111011111110101010110100 001010000000001001000000 110001111110100011110100
111011111110101010110100 001010000000001000100000 110001111110100010010100
111011111110101010110100 001010000000001000010000 110001111110100010100100
111011111110101010110100 001010000000001000001000 110001111110100010111100
111011111110101010110100 001010000000001000000100 110001111110100010110000
111011111110101010110100 001010000000001000000010 110001111110100010110110
111011111110101010110100 001010000000001000000001 110001111110100010110101
111011111110101010110100 001010000000000110000000 110001111110101100110100
111011111110101010110100 001010000000000101000000 110001111110101111110100
111011111110101010110100 001010000000000100100000 110001111110101110010100
111011111110101010110100 001010000000000100010000 110001111110101110100100
111011111110101010110100 001010000000000100001000 110001111110101110111100
111011111110101010110100 001010000000000100000100 110001111110101110110000
111011111110101010110100 001010000000000100000010 110001111110101110110110
111011111110101010110100 001010000000000100000001 110001111110101110110101
111011111110101010110100 001010000000000011000000 110001111110101001110100
111011111110101010110100 001010000000000010100000 110001111110101000010100
111011111110101010110100 001010000000000010010000 110001111110101000100100
111011111110101010110100 001010000000000010001000 110001111110101000111100
111011111110101010110100 001010000000000010000100 110001111110101000110000
111011111110101010110100 001010000000000010000010 110001111110101000110110
111011111110101010110100 001010000000000010000001 110001111110101000110101
111011111110101010110100 001010000000000001100000 110001111110101011010100
111011111110101010110100 001010000000000001010000 110001111110101011100100
111011111110101010110100 001010000000000001001000 110001111110101011111100
111011111110101010110100 001010000000000001000100 110001111110101011110000
111011111110101010110100 001010000000000001000010 110001111110101011110110
111011111110101010110100 001010000000000001000001 110001111110101011110101
111011111110101010110100 001010000000000000110000 110001111110101010000100
111011111110101010110100 001010000000000000101000 110001111110101010011100
111011111110101010110100 001010000000000000100100 110001111110101010010000
111011111110101010110100 001010000000000000100010 110001111110101010010110
111011111110101010110100 001010000000000000100001 110001111110101010010101
111011111110101010110100 001010000000000000011000 110001111110101010101100
111011111110101010110100 001010000000000000010100 110001111110101010100000
111011111110101010110100 001010000000000000010010 110001111110101010100110
111011111110101010110100 001010000000000000010001 110001111110101010100101
111011111110101010110100 001010000000000000001100 110001111110101010111000
111011111110101010110100 001010000000000000001010 110001111110101010111110
111011111110101010110100 001010000000000000001001 110001111110101010111101
111011111110101010110100 001010000000000000000110 110001111110101010110010
111011111110101010110100 001010000000000000000101 110001111110101010110001
111011111110101010110100 001010000000000000000011 110001111110101010110111
111011111110101010110100 001001110000000000000000 110010001110101010110100
111011111110101010110100 001001101000000000000000 110010010110101010110100
111011111110101010110100 001001100100000000000000 110010011010101010110100
111011111110101010110100 001001100010000000000000 110010011100101010110100
111011111110101010110100 001001100001000000000000 110010011111101010110100
111011111110101010110100 001001100000100000000000 110010011110001010110100
111011111110101010110100 001001100000010000000000 110010011110111010110100
111011111110101010110100 001001100000001000000000 110010011110100010110100
111011111110101010110100 001001100000000100000000 110010011110101110110100
111011111110101010110100 001001100000000010000000 110010011110101000110100
111011111110101010110100 001001100000000001000000 110010011110101011110100
111011111110101010110100 001001100000000000100000 110010011110101010010100
111011111110101010110100 001001100000000000010000 110010011110101010100100
111011111110101010110100 001001100000000000001000 110010011110101010111100
111011111110101010110100 001001100000000000000100 110010011110101010110000
111011111110101010110100 001001100000000000000010 110010011110101010110110
111011111110101010110100 001001100000000000000001 110010011110101010110101
111011111110101010110100 001001011000000000000000 110010100110101010110100
111011111110101010110100 001001010100000000000000 110010101010101010110100
111011111110101010110100 001001010010000000000000 110010101100101010110100
111011111110101010110100 001001010001000000000000 110010101111101010110100
111011111110101010110100 001001010000100000000000 110010101110001010110100
111011111110101010110100 001001010000010000000000 110010101110111010110100
111011111110101010110100 001001010000001000000000 110010101110100010110100
111011111110101010110100 001001010000000100000000 110010101110101110110100
111011111110101010110100 001001010000000010000000 110010101110101000110100
111011111110101010110100 001001010000000001000000 110010101110101011110100
111011111110101010110100 001001010000000000100000 110010101110101010010100
111011111110101010110100 001001010000000000010000 110010101110101010100100
111011111110101010110100 001001010000000000001000 110010101110101010111100
111011111110101010110100 001001010000000000000100 110010101110101010110000
111011111110101010110100 001001010000000000000010 110010101110101010110110
111011111110101010110100 001001010000000000000001 110010101110101010110101
111011111110101010110100 001001001100000000000000 110010110010101010110100
111011111110101010110100 001001001010000000000000 110010110100101010110100
111011111110101010110100 001001001001000000000000 110010110111101010110100
111011111110101010110100 001001001000100000000000 110010110110001010110100
111011111110101010110100 001001001000010000000000 110010110110111010110100
111011111110101010110100 001001001000001000000000 110010110110100010110100
111011111110101010110100 001001001000000100000000 110010110110101110110100
111011111110101010110100 001001001000000010000000 110010110110101000110100
111011111110101010110100 001001001000000001000000 110010110110101011110100
111011111110101010110100 001001001000000000100000 110010110110101010010100
111011111110101010110100 001001001000000000010000 110010110110101010100100
111011111110101010110100 001001001000000000001000 110010110110101010111100
111011111110101010110100 001001001000000000000100 110010110110101010110000
111011111110101010110100 001001001000000000000010 110010110110101010110110
111011111110101010110100 001001001000000000000001 110010110110101010110101
111011111110101010110100 001001000110000000000000 110010111000101010110100
111011111110101010110100 001001000101000000000000 110010111011101010110100
111011111110101010110100 001001000100100000000000 110010111010001010110100
111011111110101010110100 001001000100010000000000 110010111010111010110100
111011111110101010110100 001001000100001000000000 110010111010100010110100
111011111110101010110100 001001000100000100000000 110010111010101110110100
111011111110101010110100 001001000100000010000000 110010111010101000110100
111011111110101010110100 001001000100000001000000 110010111010101011110100
111011111110101010110100 001001000100000000100000 110010111010101010010100
111011111110101010110100 001001000100000000010000 110010111010101010100100
111011111110101010110100 001001000100000000001000 110010111010101010111100
111011111110101010110100 001001000100000000000100 110010111010101010110000
111011111110101010110100 001001000100000000000010 110010111010101010110110
111011111110101010110100 001001000100000000000001 110010111010101010110101
111011111110101010110100 001001000011000000000000 110010111101101010110100
111011111110101010110100 001001000010100000000000 110010111100001010110100
111011111110101010110100 001001000010010000000000 110010111100111010110100
111011111110101010110100 001001000010001000000000 110010111100100010110100
111011111110101010110100 001001000010000100000000 110010111100101110110100
111011111110101010110100 001001000010000010000000 110010111100101000110100
111011111110101010110100 001001000010000001000000 110010111100101011110100
111011111110101010110100 001001000010000000100000 110010111100101010010100
111011111110101010110100 001001000010000000010000 110010111100101010100100
111011111110101010110100 001001000010000000001000 110010111100101010111100
111011111110101010110100 001001000010000000000100 110010111100101010110000
111011111110101010110100 001001000010000000000010 110010111100101010110110
111011111110101010110100 001001000010000000000001 110010111100101010110101
111011111110101010110100 001001000001100000000000 110010111111001010110100
111011111110101010110100 001001000001010000000000 110010111111111010110100
111011111110101010110100 001001000001001000000000 110010111111100010110100
111011111110101010110100 001001000001000100000000 110010111111101110110100
111011111110101010110100 001001000001000010000000 110010111111101000110100
111011111110101010110100 001001000001000001000000 110010111111101011110100
111011111110101010110100 001001000001000000100000 110010111111101010010100
111011111110101010110100 001001000001000000010000 110010111111101010100100
111011111110101010110100 001001000001000000001000 110010111111101010111100
111011111110101010110100 001001000001000000000100 110010111111101010110000
111011111110101010110100 001001000001000000000010 110010111111101010110110
111011111110101010110100 001001000001000000000001 110010111111101010110101
111011111110101010110100 001001000000110000000000 110010111110011010110100
111011111110101010110100 001001000000101000000000 110010111110000010110100
111011111110101010110100 001001000000100100000000 110010111110001110110100
111011111110101010110100 001001000000100010000000 110010111110001000110100
111011111110101010110100 001001000000100001000000 110010111110001011110100
111011111110101010110100 001001000000100000100000 110010111110001010010100
111011111110101010110100 001001000000100000010000 110010111110001010100100
111011111110101010110100 001001000000100000001000 110010111110001010111100
111011111110101010110100 001001000000100000000100 110010111110001010110000
111011111110101010110100 001001000000100000000010 110010111110001010110110
111011111110101010110100 001001000000100000000001 110010111110001010110101
111011111110101010110100 001001000000011000000000 110010111110110010110100
111011111110101010110100 001001000000010100000000 110010111110111110110100
111011111110101010110100 001001000000010010000000 110010111110111000110100
111011111110101010110100 001001000000010001000000 110010111110111011110100
111011111110101010110100 001001000000010000100000 110010111110111010010100
111011111110101010110100 001001000000010000010000 110010111110111010100100
111011111110101010110100 001001000000010000001000 110010111110111010111100
111011111110101010110100 001001000000010000000100 110010111110111010110000
111011111110101010110100 001001000000010000000010 110010111110111010110110
111011111110101010110100 001001000000010000000001 110010111110111010110101
111011111110101010110100 001001000000001100000000 110010111110100110110100
111011111110101010110100 001001000000001010000000 110010111110100000110100
111011111110101010110100 001001000000001001000000 110010111110100011110100
111011111110101010110100 001001000000001000100000 110010111110100010010100
111011111110101010110100 001001000000001000010000 110010111110100010100100
111011111110101010110100 001001000000001000001000 110010111110100010111100
111011111110101010110100 001001000000001000000100 110010111110100010110000
111011111110101010110100 001001000000001000000010 110010111110100010110110
111011111110101010110100 001001000000001000000001 110010111110100010110101
111011111110101010110100 001001000000000110000000 110010111110101100110100
111011111110101010110100 001001000000000101000000 110010111110101111110100
111011111110101010110100 001001000000000100100000 110010111110101110010100
111011111110101010110100 001001000000000100010000 110010111110101110100100
111011111110101010110100 001001000000000100001000 110010111110101110111100
111011111110101010110100 001001000000000100000100 110010111110101110110000
111011111110101010110100 001001000000000100000010 110010111110101110110110
111011111110101010110100 001001000000000100000001 110010111110101110110101
111011111110101010110100 001001000000000011000000 110010111110101001110100
111011111110101010110100 001001000000000010100000 110010111110101000010100
111011111110101010110100 001001000000000010010000 110010111110101000100100
111011111110101010110100 001001000000000010001000 110010111110101000111100
111011111110101010110100 001001000000000010000100 110010111110101000110000
111011111110101010110100 001001000000000010000010 110010111110101000110110
111011111110101010110100 001001000000000010000001 110010111110101000110101
111011111110101010110100 001001000000000001100000 110010111110101011010100
111011111110101010110100 001001000000000001010000 110010111110101011100100
111011111110101010110100 001001000000000001001000 110010111110101011111100
111011111110101010110100 001001000000000001000100 110010111110101011110000
111011111110101010110100 001001000000000001000010 110010111110101011110110
111011111110101010110100 001001000000000001000001 110010111110101011110101
111011111110101010110100 001001000000000000110000 110010111110101010000100
111011111110101010110100 001001000000000000101000 110010111110101010011100
111011111110101010110100 001001000000000000100100 110010111110101010010000
111011111110101010110100 001001000000000000100010 110010111110101010010110
111011111110101010110100 001001000000000000100001 110010111110101010010101
111011111110101010110100 001001000000000000011000 110010111110101010101100
111011111110101010110100 001001000000000000010100 110010111110101010100000
111011111110101010110100 001001000000000000010010 110010111110101010100110
111011111110101010110100 001001000000000000010001 110010111110101010100101
111011111110101010110100 001001000000000000001100 110010111110101010111000
111011111110101010110100 001001000000000000001010 110010111110101010111110
111011111110101010110100 001001000000000000001001 110010111110101010111101
111011111110101010110100 001001000000000000000110 110010111110101010110010
111011111110101010110100 001001000000000000000101 110010111110101010110001
111011111110101010110100 001001000000000000000011 110010111110101010110111
111011111110101010110100 001000111000000000000000 110011000110101010110100
111011111110101010110100 001000110100000000000000 110011001010101010110100
111011111110101010110100 001000110010000000000000 110011001100101010110100
111011111110101010110100 001000110001000000000000 110011001111101010110100
111011111110101010110100 001000110000100000000000 110011001110001010110100
111011111110101010110100 001000110000010000000000 110011001110111010110100
111011111110101010110100 001000110000001000000000 110011001110100010110100
111011111110101010110100 001000110000000100000000 110011001110101110110100
111011111110101010110100 001000110000000010000000 110011001110101000110100
111011111110101010110100 001000110000000001000000 110011001110101011110100
111011111110101010110100 001000110000000000100000 110011001110101010010100
111011111110101010110100 001000110000000000010000 110011001110101010100100
111011111110101010110100 001000110000000000001000 110011001110101010111100
111011111110101010110100 001000110000000000000100 110011001110101010110000
111011111110101010110100 001000110000000000000010 110011001110101010110110
111011111110101010110100 001000110000000000000001 110011001110101010110101
111011111110101010110100 001000101100000000000000 110011010010101010110100
111011111110101010110100 001000101010000000000000 110011010100101010110100
111011111110101010110100 001000101001000000000000 110011010111101010110100
111011111110101010110100 001000101000100000000000 110011010110001010110100
111011111110101010110100 001000101000010000000000 110011010110111010110100
111011111110101010110100 001000101000001000000000 110011010110100010110100
111011111110101010110100 001000101000000100000000 110011010110101110110100
111011111110101010110100 001000101000000010000000 110011010110101000110100
111011111110101010110100 001000101000000001000000 110011010110101011110100
111011111110101010110100 001000101000000000100000 110011010110101010010100
111011111110101010110100 001000101000000000010000 110011010110101010100100
111011111110101010110100 001000101000000000001000 110011010110101010111100
111011111110101010110100 001000101000000000000100 110011010110101010110000
111011111110101010110100 001000101000000000000010 110011010110101010110110
111011111110101010110100 001000101000000000000001 110011010110101010110101
111011111110101010110100 001000100110000000000000 110011011000101010110100
111011111110101010110100 001000100101000000000000 110011011011101010110100
111011111110101010110100 001000100100100000000000 110011011010001010110100
111011111110101010110100 001000100100010000000000 110011011010111010110100
111011111110101010110100 001000100100001000000000 110011011010100010110100
111011111110101010110100 001000100100000100000000 110011011010101110110100
111011111110101010110100 001000100100000010000000 110011011010101000110100
111011111110101010110100 001000100100000001000000 110011011010101011110100
111011111110101010110100 001000100100000000100000 110011011010101010010100
111011111110101010110100 001000100100000000010000 110011011010101010100100
111011111110101010110100 001000100100000000001000 110011011010101010111100
111011111110101010110100 001000100100000000000100 110011011010101010110000
111011111110101010110100 001000100100000000000010 110011011010101010110110
111011111110101010110100 001000100100000000000001 110011011010101010110101
111011111110101010110100 001000100011000000000000 110011011101101010110100
111011111110101010110100 001000100010100000000000 110011011100001010110100
111011111110101010110100 001000100010010000000000 110011011100111010110100
111011111110101010110100 001000100010001000000000 110011011100100010110100
111011111110101010110100 001000100010000100000000 110011011100101110110100
111011111110101010110100 001000100010000010000000 110011011100101000110100
111011111110101010110100 001000100010000001000000 110011011100101011110100
111011111110101010110100 001000100010000000100000 110011011100101010010100
111011111110101010110100 001000100010000000010000 110011011100101010100100
111011111110101010110100 001000100010000000001000 110011011100101010111100
111011111110101010110100 001000100010000000000100 110011011100101010110000
111011111110101010110100 001000100010000000000010 110011011100101010110110
111011111110101010110100 001000100010000000000001 110011011100101010110101
111011111110101010110100 001000100001100000000000 110011011111001010110100
111011111110101010110100 001000100001010000000000 110011011111111010110100
111011111110101010110100 001000100001001000000000 110011011111100010110100
111011111110101010110100 001000100001000100000000 110011011111101110110100
111011111110101010110100 001000100001000010000000 110011011111101000110100
111011111110101010110100 001000100001000001000000 110011011111101011110100
111011111110101010110100 001000100001000000100000 110011011111101010010100
111011111110101010110100 001000100001000000010000 110011011111101010100100
111011111110101010110100 001000100001000000001000 110011011111101010111100
111011111110101010110100 001000100001000000000100 110011011111101010110000
111011111110101010110100 001000100001000000000010 110011011111101010110110
111011111110101010110100 001000100001000000000001 110011011111101010110101
111011111110101010110100 001000100000110000000000 110011011110011010110100
111011111110101010110100 001000100000101000000000 110011011110000010110100
111011111110101010110100 001000100000100100000000 110011011110001110110100
111011111110101010110100 001000100000100010000000 110011011110001000110100
111011111110101010110100 001000100000100001000000 110011011110001011110100
111011111110101010110100 001000100000100000100000 110011011110001010010100
111011111110101010110100 001000100000100000010000 110011011110001010100100
111011111110101010110100 001000100000100000001000 110011011110001010111100
111011111110101010110100 001000100000100000000100 110011011110001010110000
111011111110101010110100 001000100000100000000010 110011011110001010110110
111011111110101010110100 001000100000100000000001 110011011110001010110101
111011111110101010110100 001000100000011000000000 110011011110110010110100
111011111110101010110100 001000100000010100000000 110011011110111110110100
111011111110101010110100 001000100000010010000000 110011011110111000110100
111011111110101010110100 001000100000010001000000 110011011110111011110100
111011111110101010110100 001000100000010000100000 110011011110111010010100
111011111110101010110100 001000100000010000010000 110011011110111010100100
111011111110101010110100 001000100000010000001000 110011011110111010111100
111011111110101010110100 001000100000010000000100 110011011110111010110000
111011111110101010110100 001000100000010000000010 110011011110111010110110
111011111110101010110100 001000100000010000000001 110011011110111010110101
111011111110101010110100 001000100000001100000000 110011011110100110110100
111011111110101010110100 001000100000001010000000 110011011110100000110100
111011111110101010110100 001000100000001001000000 110011011110100011110100
111011111110101010110100 001000100000001000100000 110011011110100010010100
111011111110101010110100 001000100000001000010000 110011011110100010100100
111011111110101010110100 001000100000001000001000 110011011110100010111100
111011111110101010110100 001000100000001000000100 110011011110100010110000
111011111110101010110100 001000100000001000000010 110011011110100010110110
111011111110101010110100 001000100000001000000001 110011011110100010110101
111011111110101010110100 001000100000000110000000 110011011110101100110100
111011111110101010110100 001000100000000101000000 110011011110101111110100
111011111110101010110100 001000100000000100100000 110011011110101110010100
111011111110101010110100 001000100000000100010000 110011011110101110100100
111011111110101010110100 001000100000000100001000 110011011110101110111100
111011111110101010110100 001000100000000100000100 110011011110101110110000
111011111110101010110100 001000100000000100000010 110011011110101110110110
111011111110101010110100 001000100000000100000001 110011011110101110110101
111011111110101010110100 001000100000000011000000 110011011110101001110100
111011111110101010110100 001000100000000010100000 110011011110101000010100
111011111110101010110100 001000100000000010010000 110011011110101000100100
111011111110101010110100 001000100000000010001000 110011011110101000111100
111011111110101010110100 001000100000000010000100 110011011110101000110000
111011111110101010110100 001000100000000010000010 110011011110101000110110
111011111110101010110100 001000100000000010000001 110011011110101000110101
111011111110101010110100 001000100000000001100000 110011011110101011010100
111011111110101010110100 001000100000000001010000 110011011110101011100100
111011111110101010110100 001000100000000001001000 110011011110101011111100
111011111110101010110100 001000100000000001000100 110011011110101011110000
111011111110101010110100 001000100000000001000010 110011011110101011110110
111011111110101010110100 001000100000000001000001 110011011110101011110101
111011111110101010110100 001000100000000000110000 110011011110101010000100
111011111110101010110100 001000100000000000101000 110011011110101010011100
111011111110101010110100 001000100000000000100100 110011011110101010010000
111011111110101010110100 001000100000000000100010 110011011110101010010110
111011111110101010110100 001000100000000000100001 110011011110101010010101
111011111110101010110100 001000100000000000011000 110011011110101010101100
111011111110101010110100 001000100000000000010100 110011011110101010100000
111011111110101010110100 001000100000000000010010 110011011110101010100110
111011111110101010110100 001000100000000000010001 110011011110101010100101
111011111110101010110100 001000100000000000001100 110011011110101010111000
111011111110101010110100 001000100000000000001010 110011011110101010111110
111011111110101010110100 001000100000000000001001 110011011110101010111101
111011111110101010110100 001000100000000000000110 110011011110101010110010
111011111110101010110100 001000100000000000000101 110011011110101010110001
111011111110101010110100 001000100000000000000011 110011011110101010110111
111011111110101010110100 001000011100000000000000 110011100010101010110100
111011111110101010110100 001000011010000000000000 110011100100101010110100
111011111110101010110100 001000011001000000000000 110011100111101010110100
111011111110101010110100 001000011000100000000000 110011100110001010110100
111011111110101010110100 001000011000010000000000 110011100110111010110100
111011111110101010110100 001000011000001000000000 110011100110100010110100
111011111110101010110100 001000011000000100000000 110011100110101110110100
111011111110101010110100 001000011000000010000000 110011100110101000110100
111011111110101010110100 001000011000000001000000 110011100110101011110100
111011111110101010110100 001000011000000000100000 110011100110101010010100
111011111110101010110100 001000011000000000010000 110011100110101010100100
111011111110101010110100 001000011000000000001000 110011100110101010111100
111011111110101010110100 001000011000000000000100 110011100110101010110000
111011111110101010110100 001000011000000000000010 110011100110101010110110
111011111110101010110100 001000011000000000000001 110011100110101010110101
111011111110101010110100 001000010110000000000000 110011101000101010110100
111011111110101010110100 001000010101000000000000 110011101011101010110100
111011111110101010110100 001000010100100000000000 110011101010001010110100
111011111110101010110100 001000010100010000000000 110011101010111010110100
111011111110101010110100 001000010100001000000000 110011101010100010110100
111011111110101010110100 001000010100000100000000 110011101010101110110100
111011111110101010110100 001000010100000010000000 110011101010101000110100
111011111110101010110100 001000010100000001000000 110011101010101011110100
111011111110101010110100 001000010100000000100000 110011101010101010010100
111011111110101010110100 001000010100000000010000 110011101010101010100100
111011111110101010110100 001000010100000000001000 110011101010101010111100
111011111110101010110100 001000010100000000000100 110011101010101010110000
111011111110101010110100 001000010100000000000010 110011101010101010110110
111011111110101010110100 001000010100000000000001 110011101010101010110101
111011111110101010110100 001000010011000000000000 110011101101101010110100
111011111110101010110100 001000010010100000000000 110011101100001010110100
111011111110101010110100 001000010010010000000000 110011101100111010110100
111011111110101010110100 001000010010001000000000 110011101100100010110100
111011111110101010110100 001000010010000100000000 110011101100101110110100
111011111110101010110100 001000010010000010000000 110011101100101000110100
111011111110101010110100 001000010010000001000000 110011101100101011110100
111011111110101010110100 001000010010000000100000 110011101100101010010100
111011111110101010110100 001000010010000000010000 110011101100101010100100
111011111110101010110100 001000010010000000001000 110011101100101010111100
111011111110101010110100 001000010010000000000100 110011101100101010110000
111011111110101010110100 001000010010000000000010 110011101100101010110110
111011111110101010110100 001000010010000000000001 110011101100101010110101
111011111110101010110100 001000010001100000000000 110011101111001010110100
111011111110101010110100 001000010001010000000000 110011101111111010110100
111011111110101010110100 001000010001001000000000 110011101111100010110100
111011111110101010110100 001000010001000100000000 110011101111101110110100
111011111110101010110100 001000010001000010000000 110011101111101000110100
111011111110101010110100 001000010001000001000000 110011101111101011110100
111011111110101010110100 001000010001000000100000 110011101111101010010100
111011111110101010110100 001000010001000000010000 110011101111101010100100
111011111110101010110100 001000010001000000001000 110011101111101010111100
111011111110101010110100 001000010001000000000100 110011101111101010110000
111011111110101010110100 001000010001000000000010 110011101111101010110110
111011111110101010110100 001000010001000000000001 110011101111101010110101
111011111110101010110100 001000010000110000000000 110011101110011010110100
111011111110101010110100 001000010000101000000000 110011101110000010110100
111011111110101010110100 001000010000100100000000 110011101110001110110100
111011111110101010110100 001000010000100010000000 110011101110001000110100
111011111110101010110100 001000010000100001000000 110011101110001011110100
111011111110101010110100 001000010000100000100000 110011101110001010010100
111011111110101010110100 001000010000100000010000 110011101110001010100100
111011111110101010110100 001000010000100000001000 110011101110001010111100
111011111110101010110100 001000010000100000000100 110011101110001010110000
111011111110101010110100 001000010000100000000010 110011101110001010110110
111011111110101010110100 001000010000100000000001 110011101110001010110101
111011111110101010110100 001000010000011000000000 110011101110110010110100
111011111110101010110100 001000010000010100000000 110011101110111110110100
111011111110101010110100 001000010000010010000000 110011101110111000110100
111011111110101010110100 001000010000010001000000 110011101110111011110100
111011111110101010110100 001000010000010000100000 110011101110111010010100
111011111110101010110100 001000010000010000010000 110011101110111010100100
111011111110101010110100 001000010000010000001000 110011101110111010111100
111011111110101010110100 001000010000010000000100 110011101110111010110000
111011111110101010110100 001000010000010000000010 110011101110111010110110
111011111110101010110100 001000010000010000000001 110011101110111010110101
111011111110101010110100 001000010000001100000000 110011101110100110110100
111011111110101010110100 001000010000001010000000 110011101110100000110100
111011111110101010110100 001000010000001001000000 110011101110100011110100
111011111110101010110100 001000010000001000100000 110011101110100010010100
111011111110101010110100 001000010000001000010000 110011101110100010100100
111011111110101010110100 001000010000001000001000 110011101110100010111100
111011111110101010110100 001000010000001000000100 110011101110100010110000
111011111110101010110100 001000010000001000000010 110011101110100010110110
111011111110101010110100 001000010000001000000001 110011101110100010110101
111011111110101010110100 001000010000000110000000 110011101110101100110100
111011111110101010110100 001000010000000101000000 110011101110101111110100
111011111110101010110100 001000010000000100100000 110011101110101110010100
111011111110101010110100 001000010000000100010000 110011101110101110100100
111011111110101010110100 001000010000000100001000 110011101110101110111100
111011111110101010110100 001000010000000100000100 110011101110101110110000
111011111110101010110100 001000010000000100000010 110011101110101110110110
111011111110101010110100 001000010000000100000001 110011101110101110110101
111011111110101010110100 001000010000000011000000 110011101110101001110100
111011111110101010110100 001000010000000010100000 110011101110101000010100
111011111110101010110100 001000010000000010010000 110011101110101000100100
111011111110101010110100 001000010000000010001000 110011101110101000111100
111011111110101010110100 001000010000000010000100 110011101110101000110000
111011111110101010110100 001000010000000010000010 110011101110101000110110
111011111110101010110100 001000010000000010000001 110011101110101000110101
111011111110101010110100 001000010000000001100000 110011101110101011010100
111011111110101010110100 001000010000000001010000 110011101110101011100100
111011111110101010110100 001000010000000001001000 110011101110101011111100
111011111110101010110100 001000010000000001000100 110011101110101011110000
111011111110101010110100 001000010000000001000010 110011101110101011110110
111011111110101010110100 001000010000000001000001 110011101110101011110101
111011111110101010110100 001000010000000000110000 110011101110101010000100
111011111110101010110100 001000010000000000101000 110011101110101010011100
111011111110101010110100 001000010000000000100100 110011101110101010010000
111011111110101010110100 001000010000000000100010 110011101110101010010110
111011111110101010110100 001000010000000000100001 110011101110101010010101
111011111110101010110100 001000010000000000011000 110011101110101010101100
111011111110101010110100 001000010000000000010100 110011101110101010100000
111011111110101010110100 001000010000000000010010 110011101110101010100110
111011111110101010110100 001000010000000000010001 110011101110101010100101
111011111110101010110100 001000010000000000001100 110011101110101010111000
111011111110101010110100 001000010000000000001010 110011101110101010111110
111011111110101010110100 001000010000000000001001 110011101110101010111101
111011111110101010110100 001000010000000000000110 110011101110101010110010
111011111110101010110100 001000010000000000000101 110011101110101010110001
111011111110101010110100 001000010000000000000011 110011101110101010110111
111011111110101010110100 001000001110000000000000 110011110000101010110100
111011111110101010110100 001000001101000000000000 110011110011101010110100
111011111110101010110100 001000001100100000000000 110011110010001010110100
111011111110101010110100 001000001100010000000000 110011110010111010110100
111011111110101010110100 001000001100001000000000 110011110010100010110100
111011111110101010110100 001000001100000100000000 110011110010101110110100
111011111110101010110100 001000001100000010000000 110011110010101000110100
111011111110101010110100 001000001100000001000000 110011110010101011110100
111011111110101010110100 001000001100000000100000 110011110010101010010100
111011111110101010110100 001000001100000000010000 110011110010101010100100
111011111110101010110100 001000001100000000001000 110011110010101010111100
111011111110101010110100 001000001100000000000100 110011110010101010110000
111011111110101010110100 001000001100000000000010 110011110010101010110110
111011111110101010110100 001000001100000000000001 110011110010101010110101
111011111110101010110100 001000001011000000000000 110011110101101010110100
111011111110101010110100 001000001010100000000000 110011110100001010110100
111011111110101010110100 001000001010010000000000 110011110100111010110100
111011111110101010110100 001000001010001000000000 110011110100100010110100
111011111110101010110100 001000001010000100000000 110011110100101110110100
111011111110101010110100 001000001010000010000000 110011110100101000110100
111011111110101010110100 001000001010000001000000 110011110100101011110100
111011111110101010110100 001000001010000000100000 110011110100101010010100
111011111110101010110100 001000001010000000010000 110011110100101010100100
111011111110101010110100 001000001010000000001000 110011110100101010111100
111011111110101010110100 001000001010000000000100 110011110100101010110000
111011111110101010110100 001000001010000000000010 110011110100101010110110
111011111110101010110100 001000001010000000000001 110011110100101010110101
111011111110101010110100 001000001001100000000000 110011110111001010110100
111011111110101010110100 001000001001010000000000 110011110111111010110100
111011111110101010110100 001000001001001000000000 110011110111100010110100
111011111110101010110100 001000001001000100000000 110011110111101110110100
111011111110101010110100 001000001001000010000000 110011110111101000110100
111011111110101010110100 001000001001000001000000 110011110111101011110100
111011111110101010110100 001000001001000000100000 110011110111101010010100
111011111110101010110100 001000001001000000010000 110011110111101010100100
111011111110101010110100 001000001001000000001000 110011110111101010111100
111011111110101010110100 001000001001000000000100 110011110111101010110000
111011111110101010110100 001000001001000000000010 110011110111101010110110
111011111110101010110100 001000001001000000000001 110011110111101010110101
111011111110101010110100 001000001000110000000000 110011110110011010110100
111011111110101010110100 001000001000101000000000 110011110110000010110100
111011111110101010110100 001000001000100100000000 110011110110001110110100
111011111110101010110100 001000001000100010000000 110011110110001000110100
111011111110101010110100 001000001000100001000000 110011110110001011110100
111011111110101010110100 001000001000100000100000 110011110110001010010100
111011111110101010110100 001000001000100000010000 110011110110001010100100
111011111110101010110100 001000001000100000001000 110011110110001010111100
111011111110101010110100 001000001000100000000100 110011110110001010110000
111011111110101010110100 001000001000100000000010 110011110110001010110110
111011111110101010110100 001000001000100000000001 110011110110001010110101
111011111110101010110100 001000001000011000000000 110011110110110010110100
111011111110101010110100 001000001000010100000000 110011110110111110110100
111011111110101010110100 001000001000010010000000 110011110110111000110100
111011111110101010110100 001000001000010001000000 110011110110111011110100
111011111110101010110100 001000001000010000100000 110011110110111010010100
111011111110101010110100 001000001000010000010000 110011110110111010100100
111011111110101010110100 001000001000010000001000 110011110110111010111100
111011111110101010110100 001000001000010000000100 110011110110111010110000
111011111110101010110100 001000001000010000000010 110011110110111010110110
111011111110101010110100 001000001000010000000001 110011110110111010110101
111011111110101010110100 001000001000001100000000 110011110110100110110100
111011111110101010110100 001000001000001010000000 110011110110100000110100
111011111110101010110100 001000001000001001000000 110011110110100011110100
111011111110101010110100 001000001000001000100000 110011110110100010010100
111011111110101010110100 001000001000001000010000 110011110110100010100100
111011111110101010110100 001000001000001000001000 110011110110100010111100
111011111110101010110100 001000001000001000000100 110011110110100010110000
111011111110101010110100 001000001000001000000010 110011110110100010110110
111011111110101010110100 001000001000001000000001 110011110110100010110101
111011111110101010110100 001000001000000110000000 110011110110101100110100
111011111110101010110100 001000001000000101000000 110011110110101111110100
111011111110101010110100 001000001000000100100000 110011110110101110010100
111011111110101010110100 001000001000000100010000 110011110110101110100100
111011111110101010110100 001000001000000100001000 110011110110101110111100
111011111110101010110100 001000001000000100000100 110011110110101110110000
111011111110101010110100 001000001000000100000010 110011110110101110110110
111011111110101010110100 001000001000000100000001 110011110110101110110101
111011111110101010110100 001000001000000011000000 110011110110101001110100
111011111110101010110100 001000001000000010100000 110011110110101000010100
111011111110101010110100 001000001000000010010000 110011110110101000100100
111011111110101010110100 001000001000000010001000 110011110110101000111100
111011111110101010110100 001000001000000010000100 110011110110101000110000
111011111110101010110100 001000001000000010000010 110011110110101000110110
111011111110101010110100 001000001000000010000001 110011110110101000110101
111011111110101010110100 001000001000000001100000 110011110110101011010100
111011111110101010110100 001000001000000001010000 110011110110101011100100
111011111110101010110100 001000001000000001001000 110011110110101011111100
111011111110101010110100 001000001000000001000100 110011110110101011110000
111011111110101010110100 001000001000000001000010 110011110110101011110110
111011111110101010110100 001000001000000001000001 110011110110101011110101
111011111110101010110100 001000001000000000110000 110011110110101010000100
111011111110101010110100 001000001000000000101000 110011110110101010011100
111011111110101010110100 001000001000000000100100 110011110110101010010000
111011111110101010110100 001000001000000000100010 110011110110101010010110
111011111110101010110100 001000001000000000100001 110011110110101010010101
111011111110101010110100 001000001000000000011000 110011110110101010101100
111011111110101010110100 001000001000000000010100 110011110110101010100000
111011111110101010110100 001000001000000000010010 110011110110101010100110
111011111110101010110100 001000001000000000010001 110011110110101010100101
111011111110101010110100 001000001000000000001100 110011110110101010111000
111011111110101010110100 001000001000000000001010 110011110110101010111110
111011111110101010110100 001000001000000000001001 110011110110101010111101
111011111110101010110100 001000001000000000000110 110011110110101010110010
111011111110101010110100 001000001000000000000101 110011110110101010110001
111011111110101010110100 001000001000000000000011 110011110110101010110111
111011111110101010110100 001000000111000000000000 110011111001101010110100
111011111110101010110100 001000000110100000000000 110011111000001010110100
111011111110101010110100 001000000110010000000000 110011111000111010110100
111011111110101010110100 001000000110001000000000 110011111000100010110100
111011111110101010110100 001000000110000100000000 110011111000101110110100
111011111110101010110100 001000000110000010000000 110011111000101000110100
111011111110101010110100 001000000110000001000000 110011111000101011110100
111011111110101010110100 001000000110000000100000 110011111000101010010100
111011111110101010110100 001000000110000000010000 110011111000101010100100
111011111110101010110100 001000000110000000001000 110011111000101010111100
111011111110101010110100 001000000110000000000100 110011111000101010110000
111011111110101010110100 001000000110000000000010 110011111000101010110110
111011111110101010110100 001000000110000000000001 110011111000101010110101
111011111110101010110100 001000000101100000000000 110011111011001010110100
111011111110101010110100 001000000101010000000000 110011111011111010110100
111011111110101010110100 001000000101001000000000 110011111011100010110100
111011111110101010110100 001000000101000100000000 110011111011101110110100
111011111110101010110100 001000000101000010000000 110011111011101000110100
111011111110101010110100 001000000101000001000000 110011111011101011110100
111011111110101010110100 001000000101000000100000 110011111011101010010100
111011111110101010110100 001000000101000000010000 110011111011101010100100
111011111110101010110100 001000000101000000001000 110011111011101010111100
111011111110101010110100 001000000101000000000100 110011111011101010110000
111011111110101010110100 001000000101000000000010 110011111011101010110110
111011111110101010110100 001000000101000000000001 110011111011101010110101
111011111110101010110100 001000000100110000000000 110011111010011010110100
111011111110101010110100 001000000100101000000000 110011111010000010110100
111011111110101010110100 001000000100100100000000 110011111010001110110100
111011111110101010110100 001000000100100010000000 110011111010001000110100
111011111110101010110100 001000000100100001000000 110011111010001011110100
111011111110101010110100 001000000100100000100000 110011111010001010010100
111011111110101010110100 001000000100100000010000 110011111010001010100100
111011111110101010110100 001000000100100000001000 110011111010001010111100
111011111110101010110100 001000000100100000000100 110011111010001010110000
111011111110101010110100 001000000100100000000010 110011111010001010110110
111011111110101010110100 001000000100100000000001 110011111010001010110101
111011111110101010110100 001000000100011000000000 110011111010110010110100
111011111110101010110100 001000000100010100000000 110011111010111110110100
111011111110101010110100 001000000100010010000000 110011111010111000110100
111011111110101010110100 001000000100010001000000 110011111010111011110100
111011111110101010110100 001000000100010000100000 110011111010111010010100
111011111110101010110100 001000000100010000010000 110011111010111010100100
111011111110101010110100 001000000100010000001000 110011111010111010111100
111011111110101010110100 001000000100010000000100 110011111010111010110000
111011111110101010110100 001000000100010000000010 110011111010111010110110
111011111110101010110100 001000000100010000000001 110011111010111010110101
111011111110101010110100 001000000100001100000000 110011111010100110110100
111011111110101010110100 001000000100001010000000 110011111010100000110100
111011111110101010110100 001000000100001001000000 110011111010100011110100
111011111110101010110100 001000000100001000100000 110011111010100010010100
111011111110101010110100 001000000100001000010000 110011111010100010100100
111011111110101010110100 001000000100001000001000 110011111010100010111100
111011111110101010110100 001000000100001000000100 110011111010100010110000
111011111110101010110100 001000000100001000000010 110011111010100010110110
111011111110101010110100 001000000100001000000001 110011111010100010110101
111011111110101010110100 001000000100000110000000 110011111010101100110100
111011111110101010110100 001000000100000101000000 110011111010101111110100
111011111110101010110100 001000000100000100100000 110011111010101110010100
111011111110101010110100 001000000100000100010000 110011111010101110100100
111011111110101010110100 001000000100000100001000 110011111010101110111100
111011111110101010110100 001000000100000100000100 110011111010101110110000
111011111110101010110100 001000000100000100000010 110011111010101110110110
111011111110101010110100 001000000100000100000001 110011111010101110110101
111011111110101010110100 001000000100000011000000 110011111010101001110100
111011111110101010110100 001000000100000010100000 110011111010101000010100
111011111110101010110100 001000000100000010010000 110011111010101000100100
111011111110101010110100 001000000100000010001000 110011111010101000111100
111011111110101010110100 001000000100000010000100 110011111010101000110000
111011111110101010110100 001000000100000010000010 110011111010101000110110
111011111110101010110100 001000000100000010000001 110011111010101000110101
111011111110101010110100 001000000100000001100000 110011111010101011010100
111011111110101010110100 001000000100000001010000 110011111010101011100100
111011111110101010110100 001000000100000001001000 110011111010101011111100
111011111110101010110100 001000000100000001000100 110011111010101011110000
111011111110101010110100 001000000100000001000010 110011111010101011110110
111011111110101010110100 001000000100000001000001 110011111010101011110101
111011111110101010110100 001000000100000000110000 110011111010101010000100
111011111110101010110100 001000000100000000101000 110011111010101010011100
111011111110101010110100 001000000100000000100100 110011111010101010010000
111011111110101010110100 001000000100000000100010 110011111010101010010110
111011111110101010110100 001000000100000000100001 110011111010101010010101
111011111110101010110100 001000000100000000011000 110011111010101010101100
111011111110101010110100 001000000100000000010100 110011111010101010100000
111011111110101010110100 001000000100000000010010 110011111010101010100110
111011111110101010110100 001000000100000000010001 110011111010101010100101
111011111110101010110100 001000000100000000001100 110011111010101010111000
111011111110101010110100 001000000100000000001010 110011111010101010111110
111011111110101010110100 001000000100000000001001 110011111010101010111101
111011111110101010110100 001000000100000000000110 110011111010101010110010
111011111110101010110100 001000000100000000000101 110011111010101010110001
111011111110101010110100 001000000100000000000011 110011111010101010110111
111011111110101010110100 001000000011100000000000 110011111101001010110100
111011111110101010110100 001000000011010000000000 110011111101111010110100
111011111110101010110100 001000000011001000000000 110011111101100010110100
111011111110101010110100 001000000011000100000000 110011111101101110110100
111011111110101010110100 001000000011000010000000 110011111101101000110100
111011111110101010110100 001000000011000001000000 110011111101101011110100
111011111110101010110100 001000000011000000100000 110011111101101010010100
111011111110101010110100 001000000011000000010000 110011111101101010100100
111011111110101010110100 001000000011000000001000 110011111101101010111100
111011111110101010110100 001000000011000000000100 110011111101101010110000
111011111110101010110100 001000000011000000000010 110011111101101010110110
111011111110101010110100 001000000011000000000001 110011111101101010110101
111011111110101010110100 001000000010110000000000 110011111100011010110100
111011111110101010110100 001000000010101000000000 110011111100000010110100
111011111110101010110100 001000000010100100000000 110011111100001110110100
111011111110101010110100 001000000010100010000000 110011111100001000110100
111011111110101010110100 001000000010100001000000 110011111100001011110100
111011111110101010110100 001000000010100000100000 110011111100001010010100
111011111110101010110100 001000000010100000010000 110011111100001010100100
111011111110101010110100 001000000010100000001000 110011111100001010111100
111011111110101010110100 001000000010100000000100 110011111100001010110000
111011111110101010110100 001000000010100000000010 110011111100001010110110
111011111110101010110100 001000000010100000000001 110011111100001010110101
111011111110101010110100 001000000010011000000000 110011111100110010110100
111011111110101010110100 001000000010010100000000 110011111100111110110100
111011111110101010110100 001000000010010010000000 110011111100111000110100
111011111110101010110100 001000000010010001000000 110011111100111011110100
111011111110101010110100 001000000010010000100000 110011111100111010010100
111011111110101010110100 001000000010010000010000 110011111100111010100100
111011111110101010110100 001000000010010000001000 110011111100111010111100
111011111110101010110100 001000000010010000000100 110011111100111010110000
111011111110101010110100 001000000010010000000010 110011111100111010110110
111011111110101010110100 001000000010010000000001 110011111100111010110101
111011111110101010110100 001000000010001100000000 110011111100100110110100
111011111110101010110100 001000000010001010000000 110011111100100000110100
111011111110101010110100 001000000010001001000000 110011111100100011110100
111011111110101010110100 001000000010001000100000 110011111100100010010100
111011111110101010110100 001000000010001000010000 110011111100100010100100
111011111110101010110100 001000000010001000001000 110011111100100010111100
111011111110101010110100 001000000010001000000100 110011111100100010110000
111011111110101010110100 001000000010001000000010 110011111100100010110110
111011111110101010110100 001000000010001000000001 110011111100100010110101
111011111110101010110100 001000000010000110000000 110011111100101100110100
111011111110101010110100 001000000010000101000000 110011111100101111110100
111011111110101010110100 001000000010000100100000 110011111100101110010100
111011111110101010110100 001000000010000100010000 110011111100101110100100
111011111110101010110100 001000000010000100001000 110011111100101110111100
111011111110101010110100 001000000010000100000100 110011111100101110110000
111011111110101010110100 001000000010000100000010 110011111100101110110110
111011111110101010110100 001000000010000100000001 110011111100101110110101
111011111110101010110100 001000000010000011000000 110011111100101001110100
111011111110101010110100 001000000010000010100000 110011111100101000010100
111011111110101010110100 001000000010000010010000 110011111100101000100100
111011111110101010110100 001000000010000010001000 110011111100101000111100
111011111110101010110100 001000000010000010000100 110011111100101000110000
111011111110101010110100 001000000010000010000010 110011111100101000110110
111011111110101010110100 001000000010000010000001 110011111100101000110101
111011111110101010110100 001000000010000001100000 110011111100101011010100
111011111110101010110100 001000000010000001010000 110011111100101011100100
111011111110101010110100 001000000010000001001000 110011111100101011111100
111011111110101010110100 001000000010000001000100 110011111100101011110000
111011111110101010110100 001000000010000001000010 110011111100101011110110
111011111110101010110100 001000000010000001000001 110011111100101011110101
111011111110101010110100 001000000010000000110000 110011111100101010000100
111011111110101010110100 001000000010000000101000 110011111100101010011100
111011111110101010110100 001000000010000000100100 110011111100101010010000
111011111110101010110100 001000000010000000100010 110011111100101010010110
111011111110101010110100 001000000010000000100001 110011111100101010010101
111011111110101010110100 001000000010000000011000 110011111100101010101100
111011111110101010110100 001000000010000000010100 110011111100101010100000
111011111110101010110100 001000000010000000010010 110011111100101010100110
111011111110101010110100 001000000010000000010001 110011111100101010100101
111011111110101010110100 001000000010000000001100 110011111100101010111000
111011111110101010110100 001000000010000000001010 110011111100101010111110
111011111110101010110100 001000000010000000001001 110011111100101010111101
111011111110101010110100 001000000010000000000110 110011111100101010110010
111011111110101010110100 001000000010000000000101 110011111100101010110001
111011111110101010110100 001000000010000000000011 110011111100101010110111
111011111110101010110100 001000000001110000000000 110011111111011010110100
111011111110101010110100 001000000001101000000000 110011111111000010110100
111011111110101010110100 001000000001100100000000 110011111111001110110100
111011111110101010110100 001000000001100010000000 110011111111001000110100
111011111110101010110100 001000000001100001000000 110011111111001011110100
111011111110101010110100 001000000001100000100000 110011111111001010010100
111011111110101010110100 001000000001100000010000 110011111111001010100100
111011111110101010110100 001000000001100000001000 110011111111001010111100
111011111110101010110100 001000000001100000000100 110011111111001010110000
111011111110101010110100 001000000001100000000010 110011111111001010110110
111011111110101010110100 001000000001100000000001 110011111111001010110101
111011111110101010110100 001000000001011000000000 110011111111110010110100
111011111110101010110100 001000000001010100000000 110011111111111110110100
111011111110101010110100 001000000001010010000000 110011111111111000110100
111011111110101010110100 001000000001010001000000 110011111111111011110100
111011111110101010110100 001000000001010000100000 110011111111111010010100
111011111110101010110100 001000000001010000010000 110011111111111010100100
111011111110101010110100 001000000001010000001000 110011111111111010111100
111011111110101010110100 001000000001010000000100 110011111111111010110000
111011111110101010110100 001000000001010000000010 110011111111111010110110
111011111110101010110100 001000000001010000000001 110011111111111010110101
111011111110101010110100 001000000001001100000000 110011111111100110110100
111011111110101010110100 001000000001001010000000 110011111111100000110100
111011111110101010110100 001000000001001001000000 110011111111100011110100
111011111110101010110100 001000000001001000100000 110011111111100010010100
111011111110101010110100 001000000001001000010000 110011111111100010100100
111011111110101010110100 001000000001001000001000 110011111111100010111100
111011111110101010110100 001000000001001000000100 110011111111100010110000
111011111110101010110100 001000000001001000000010 110011111111100010110110
111011111110101010110100 001000000001001000000001 110011111111100010110101
111011111110101010110100 001000000001000110000000 110011111111101100110100
111011111110101010110100 001000000001000101000000 110011111111101111110100
111011111110101010110100 001000000001000100100000 110011111111101110010100
111011111110101010110100 001000000001000100010000 110011111111101110100100
111011111110101010110100 001000000001000100001000 110011111111101110111100
111011111110101010110100 001000000001000100000100 110011111111101110110000
111011111110101010110100 001000000001000100000010 110011111111101110110110
111011111110101010110100 001000000001000100000001 110011111111101110110101
111011111110101010110100 001000000001000011000000 110011111111101001110100
111011111110101010110100 001000000001000010100000 110011111111101000010100
111011111110101010110100 001000000001000010010000 110011111111101000100100
111011111110101010110100 001000000001000010001000 110011111111101000111100
111011111110101010110100 001000000001000010000100 110011111111101000110000
111011111110101010110100 001000000001000010000010 110011111111101000110110
111011111110101010110100 001000000001000010000001 110011111111101000110101
111011111110101010110100 001000000001000001100000 110011111111101011010100
111011111110101010110100 001000000001000001010000 110011111111101011100100
111011111110101010110100 001000000001000001001000 110011111111101011111100
111011111110101010110100 001000000001000001000100 110011111111101011110000
111011111110101010110100 001000000001000001000010 110011111111101011110110
111011111110101010110100 001000000001000001000001 110011111111101011110101
111011111110101010110100 001000000001000000110000 110011111111101010000100
111011111110101010110100 001000000001000000101000 110011111111101010011100
111011111110101010110100 001000000001000000100100 110011111111101010010000
111011111110101010110100 001000000001000000100010 110011111111101010010110
111011111110101010110100 001000000001000000100001 110011111111101010010101
111011111110101010110100 001000000001000000011000 110011111111101010101100
111011111110101010110100 001000000001000000010100 110011111111101010100000
111011111110101010110100 001000000001000000010010 110011111111101010100110
111011111110101010110100 001000000001000000010001 110011111111101010100101
111011111110101010110100 001000000001000000001100 110011111111101010111000
111011111110101010110100 001000000001000000001010 110011111111101010111110
111011111110101010110100 001000000001000000001001 110011111111101010111101
111011111110101010110100 001000000001000000000110 110011111111101010110010
111011111110101010110100 001000000001000000000101 110011111111101010110001
111011111110101010110100 001000000001000000000011 110011111111101010110111
111011111110101010110100 001000000000111000000000 110011111110010010110100
111011111110101010110100 001000000000110100000000 110011111110011110110100
111011111110101010110100 001000000000110010000000 110011111110011000110100
111011111110101010110100 001000000000110001000000 110011111110011011110100
111011111110101010110100 001000000000110000100000 110011111110011010010100
111011111110101010110100 001000000000110000010000 110011111110011010100100
111011111110101010110100 001000000000110000001000 110011111110011010111100
111011111110101010110100 001000000000110000000100 110011111110011010110000
111011111110101010110100 001000000000110000000010 110011111110011010110110
111011111110101010110100 001000000000110000000001 110011111110011010110101
111011111110101010110100 001000000000101100000000 110011111110000110110100
111011111110101010110100 001000000000101010000000 110011111110000000110100
111011111110101010110100 001000000000101001000000 110011111110000011110100
111011111110101010110100 001000000000101000100000 110011111110000010010100
111011111110101010110100 001000000000101000010000 110011111110000010100100
111011111110101010110100 001000000000101000001000 110011111110000010111100
111011111110101010110100 001000000000101000000100 110011111110000010110000
111011111110101010110100 001000000000101000000010 110011111110000010110110
111011111110101010110100 001000000000101000000001 110011111110000010110101
111011111110101010110100 001000000000100110000000 110011111110001100110100
111011111110101010110100 001000000000100101000000 110011111110001111110100
111011111110101010110100 001000000000100100100000 110011111110001110010100
111011111110101010110100 001000000000100100010000 110011111110001110100100
111011111110101010110100 001000000000100100001000 110011111110001110111100
111011111110101010110100 001000000000100100000100 110011111110001110110000
111011111110101010110100 001000000000100100000010 110011111110001110110110
111011111110101010110100 001000000000100100000001 110011111110001110110101
111011111110101010110100 001000000000100011000000 110011111110001001110100
111011111110101010110100 001000000000100010100000 110011111110001000010100
111011111110101010110100 001000000000100010010000 110011111110001000100100
111011111110101010110100 001000000000100010001000 110011111110001000111100
111011111110101010110100 001000000000100010000100 110011111110001000110000
111011111110101010110100 001000000000100010000010 110011111110001000110110
111011111110101010110100 001000000000100010000001 110011111110001000110101
111011111110101010110100 001000000000100001100000 110011111110001011010100
111011111110101010110100 001000000000100001010000 110011111110001011100100
111011111110101010110100 001000000000100001001000 110011111110001011111100
111011111110101010110100 001000000000100001000100 110011111110001011110000
111011111110101010110100 001000000000100001000010 110011111110001011110110
111011111110101010110100 001000000000100001000001 110011111110001011110101
111011111110101010110100 001000000000100000110000 110011111110001010000100
111011111110101010110100 001000000000100000101000 110011111110001010011100
111011111110101010110100 001000000000100000100100 110011111110001010010000
111011111110101010110100 001000000000100000100010 110011111110001010010110
111011111110101010110100 001000000000100000100001 110011111110001010010101
111011111110101010110100 001000000000100000011000 110011111110001010101100
111011111110101010110100 001000000000100000010100 110011111110001010100000
111011111110101010110100 001000000000100000010010 110011111110001010100110
111011111110101010110100 001000000000100000010001 110011111110001010100101
111011111110101010110100 001000000000100000001100 110011111110001010111000
111011111110101010110100 001000000000100000001010 110011111110001010111110
111011111110101010110100 001000000000100000001001 110011111110001010111101
111011111110101010110100 001000000000100000000110 110011111110001010110010
111011111110101010110100 001000000000100000000101 110011111110001010110001
111011111110101010110100 001000000000100000000011 110011111110001010110111
111011111110101010110100 001000000000011100000000 110011111110110110110100
111011111110101010110100 001000000000011010000000 110011111110110000110100
111011111110101010110100 001000000000011001000000 110011111110110011110100
111011111110101010110100 001000000000011000100000 110011111110110010010100
111011111110101010110100 001000000000011000010000 110011111110110010100100
111011111110101010110100 001000000000011000001000 110011111110110010111100
111011111110101010110100 001000000000011000000100 110011111110110010110000
111011111110101010110100 001000000000011000000010 110011111110110010110110
111011111110101010110100 001000000000011000000001 110011111110110010110101
111011111110101010110100 001000000000010110000000 110011111110111100110100
111011111110101010110100 001000000000010101000000 110011111110111111110100
111011111110101010110100 001000000000010100100000 110011111110111110010100
111011111110101010110100 001000000000010100010000 110011111110111110100100
111011111110101010110100 001000000000010100001000 110011111110111110111100
111011111110101010110100 001000000000010100000100 110011111110111110110000
111011111110101010110100 001000000000010100000010 110011111110111110110110
111011111110101010110100 001000000000010100000001 110011111110111110110101
111011111110101010110100 001000000000010011000000 110011111110111001110100
111011111110101010110100 001000000000010010100000 110011111110111000010100
111011111110101010110100 001000000000010010010000 110011111110111000100100
111011111110101010110100 001000000000010010001000 110011111110111000111100
111011111110101010110100 001000000000010010000100 110011111110111000110000
111011111110101010110100 001000000000010010000010 110011111110111000110110
111011111110101010110100 001000000000010010000001 110011111110111000110101
111011111110101010110100 001000000000010001100000 110011111110111011010100
111011111110101010110100 001000000000010001010000 110011111110111011100100
111011111110101010110100 001000000000010001001000 110011111110111011111100
111011111110101010110100 001000000000010001000100 110011111110111011110000
111011111110101010110100 001000000000010001000010 110011111110111011110110
111011111110101010110100 001000000000010001000001 110011111110111011110101
111011111110101010110100 001000000000010000110000 110011111110111010000100
111011111110101010110100 001000000000010000101000 110011111110111010011100
111011111110101010110100 001000000000010000100100 110011111110111010010000
111011111110101010110100 001000000000010000100010 110011111110111010010110
111011111110101010110100 001000000000010000100001 110011111110111010010101
111011111110101010110100 001000000000010000011000 110011111110111010101100
111011111110101010110100 001000000000010000010100 110011111110111010100000
111011111110101010110100 001000000000010000010010 110011111110111010100110
111011111110101010110100 001000000000010000010001 110011111110111010100101
111011111110101010110100 001000000000010000001100 110011111110111010111000
111011111110101010110100 001000000000010000001010 110011111110111010111110
111011111110101010110100 001000000000010000001001 110011111110111010111101
111011111110101010110100 001000000000010000000110 110011111110111010110010
111011111110101010110100 001000000000010000000101 110011111110111010110001
111011111110101010110100 001000000000010000000011 110011111110111010110111
111011111110101010110100 001000000000001110000000 110011111110100100110100
111011111110101010110100 001000000000001101000000 110011111110100111110100
111011111110101010110100 001000000000001100100000 110011111110100110010100
111011111110101010110100 001000000000001100010000 110011111110100110100100
111011111110101010110100 001000000000001100001000 110011111110100110111100
111011111110101010110100 001000000000001100000100 110011111110100110110000
111011111110101010110100 001000000000001100000010 110011111110100110110110
111011111110101010110100 001000000000001100000001 110011111110100110110101
111011111110101010110100 001000000000001011000000 110011111110100001110100
111011111110101010110100 001000000000001010100000 110011111110100000010100
111011111110101010110100 001000000000001010010000 110011111110100000100100
111011111110101010110100 001000000000001010001000 110011111110100000111100
111011111110101010110100 001000000000001010000100 110011111110100000110000
111011111110101010110100 001000000000001010000010 110011111110100000110110
111011111110101010110100 001000000000001010000001 110011111110100000110101
111011111110101010110100 001000000000001001100000 110011111110100011010100
111011111110101010110100 001000000000001001010000 110011111110100011100100
111011111110101010110100 001000000000001001001000 110011111110100011111100
111011111110101010110100 001000000000001001000100 110011111110100011110000
111011111110101010110100 001000000000001001000010 110011111110100011110110
111011111110101010110100 001000000000001001000001 110011111110100011110101
111011111110101010110100 001000000000001000110000 110011111110100010000100
111011111110101010110100 001000000000001000101000 110011111110100010011100
111011111110101010110100 001000000000001000100100 110011111110100010010000
111011111110101010110100 001000000000001000100010 110011111110100010010110
111011111110101010110100 001000000000001000100001 110011111110100010010101
111011111110101010110100 001000000000001000011000 110011111110100010101100
111011111110101010110100 001000000000001000010100 110011111110100010100000
111011111110101010110100 001000000000001000010010 110011111110100010100110
111011111110101010110100 001000000000001000010001 110011111110100010100101
111011111110101010110100 001000000000001000001100 110011111110100010111000
111011111110101010110100 001000000000001000001010 110011111110100010111110
111011111110101010110100 001000000000001000001001 110011111110100010111101
111011111110101010110100 001000000000001000000110 110011111110100010110010
111011111110101010110100 001000000000001000000101 110011111110100010110001
111011111110101010110100 001000000000001000000011 110011111110100010110111
111011111110101010110100 001000000000000111000000 110011111110101101110100
111011111110101010110100 001000000000000110100000 110011111110101100010100
111011111110101010110100 001000000000000110010000 110011111110101100100100
111011111110101010110100 001000000000000110001000 110011111110101100111100
111011111110101010110100 001000000000000110000100 110011111110101100110000
111011111110101010110100 001000000000000110000010 110011111110101100110110
111011111110101010110100 001000000000000110000001 110011111110101100110101
111011111110101010110100 001000000000000101100000 110011111110101111010100
111011111110101010110100 001000000000000101010000 110011111110101111100100
111011111110101010110100 001000000000000101001000 110011111110101111111100
111011111110101010110100 001000000000000101000100 110011111110101111110000
111011111110101010110100 001000000000000101000010 110011111110101111110110
111011111110101010110100 001000000000000101000001 110011111110101111110101
111011111110101010110100 001000000000000100110000 110011111110101110000100
111011111110101010110100 001000000000000100101000 110011111110101110011100
111011111110101010110100 001000000000000100100100 110011111110101110010000
111011111110101010110100 001000000000000100100010 110011111110101110010110
111011111110101010110100 001000000000000100100001 110011111110101110010101
111011111110101010110100 001000000000000100011000 110011111110101110101100
111011111110101010110100 001000000000000100010100 110011111110101110100000
111011111110101010110100 001000000000000100010010 110011111110101110100110
111011111110101010110100 001000000000000100010001 110011111110101110100101
111011111110101010110100 001000000000000100001100 110011111110101110111000
111011111110101010110100 001000000000000100001010 110011111110101110111110
111011111110101010110100 001000000000000100001001 110011111110101110111101
111011111110101010110100 001000000000000100000110 110011111110101110110010
111011111110101010110100 001000000000000100000101 110011111110101110110001
111011111110101010110100 001000000000000100000011 110011111110101110110111
111011111110101010110100 001000000000000011100000 110011111110101001010100
111011111110101010110100 001000000000000011010000 110011111110101001100100
111011111110101010110100 001000000000000011001000 110011111110101001111100
111011111110101010110100 001000000000000011000100 110011111110101001110000
111011111110101010110100 001000000000000011000010 110011111110101001110110
111011111110101010110100 001000000000000011000001 110011111110101001110101
111011111110101010110100 001000000000000010110000 110011111110101000000100
111011111110101010110100 001000000000000010101000 110011111110101000011100
111011111110101010110100 001000000000000010100100 110011111110101000010000
111011111110101010110100 001000000000000010100010 110011111110101000010110
111011111110101010110100 001000000000000010100001 110011111110101000010101
111011111110101010110100 001000000000000010011000 110011111110101000101100
111011111110101010110100 001000000000000010010100 110011111110101000100000
111011111110101010110100 001000000000000010010010 110011111110101000100110
111011111110101010110100 001000000000000010010001 110011111110101000100101
111011111110101010110100 001000000000000010001100 110011111110101000111000
111011111110101010110100 001000000000000010001010 110011111110101000111110
111011111110101010110100 001000000000000010001001 110011111110101000111101
111011111110101010110100 001000000000000010000110 110011111110101000110010
111011111110101010110100 001000000000000010000101 110011111110101000110001
111011111110101010110100 001000000000000010000011 110011111110101000110111
111011111110101010110100 001000000000000001110000 110011111110101011000100
111011111110101010110100 001000000000000001101000 110011111110101011011100
111011111110101010110100 001000000000000001100100 110011111110101011010000
111011111110101010110100 001000000000000001100010 110011111110101011010110
111011111110101010110100 001000000000000001100001 110011111110101011010101
111011111110101010110100 001000000000000001011000 110011111110101011101100
111011111110101010110100 001000000000000001010100 110011111110101011100000
111011111110101010110100 001000000000000001010010 110011111110101011100110
111011111110101010110100 001000000000000001010001 110011111110101011100101
111011111110101010110100 001000000000000001001100 110011111110101011111000
111011111110101010110100 001000000000000001001010 110011111110101011111110
111011111110101010110100 001000000000000001001001 110011111110101011111101
111011111110101010110100 001000000000000001000110 110011111110101011110010
111011111110101010110100 001000000000000001000101 110011111110101011110001
111011111110101010110100 001000000000000001000011 110011111110101011110111
111011111110101010110100 001000000000000000111000 110011111110101010001100
111011111110101010110100 001000000000000000110100 110011111110101010000000
111011111110101010110100 001000000000000000110010 110011111110101010000110
111011111110101010110100 001000000000000000110001 110011111110101010000101
111011111110101010110100 001000000000000000101100 110011111110101010011000
111011111110101010110100 001000000000000000101010 110011111110101010011110
111011111110101010110100 001000000000000000101001 110011111110101010011101
111011111110101010110100 001000000000000000100110 110011111110101010010010
111011111110101010110100 001000000000000000100101 110011111110101010010001
111011111110101010110100 001000000000000000100011 110011111110101010010111
111011111110101010110100 001000000000000000011100 110011111110101010101000
111011111110101010110100 001000000000000000011010 110011111110101010101110
111011111110101010110100 001000000000000000011001 110011111110101010101101
111011111110101010110100 001000000000000000010110 110011111110101010100010
111011111110101010110100 001000000000000000010101 110011111110101010100001
111011111110101010110100 001000000000000000010011 110011111110101010100111
111011111110101010110100 001000000000000000001110 110011111110101010111010
111011111110101010110100 001000000000000000001101 110011111110101010111001
111011111110101010110100 001000000000000000001011 110011111110101010111111
111011111110101010110100 001000000000000000000111 110011111110101010110011
111011111110101010110100 000111100000000000000000 111100011110101010110100
111011111110101010110100 000111010000000000000000 111100101110101010110100
111011111110101010110100 000111001000000000000000 111100110110101010110100
111011111110101010110100 000111000100000000000000 111100111010101010110100
111011111110101010110100 000111000010000000000000 111100111100101010110100
111011111110101010110100 000111000001000000000000 111100111111101010110100
111011111110101010110100 000111000000100000000000 111100111110001010110100
111011111110101010110100 000111000000010000000000 111100111110111010110100
111011111110101010110100 000111000000001000000000 111100111110100010110100
111011111110101010110100 000111000000000100000000 111100111110101110110100
111011111110101010110100 000111000000000010000000 111100111110101000110100
111011111110101010110100 000111000000000001000000 111100111110101011110100
111011111110101010110100 000111000000000000100000 111100111110101010010100
111011111110101010110100 000111000000000000010000 111100111110101010100100
111011111110101010110100 000111000000000000001000 111100111110101010111100
111011111110101010110100 000111000000000000000100 111100111110101010110000
111011111110101010110100 000111000000000000000010 111100111110101010110110
111011111110101010110100 000111000000000000000001 111100111110101010110101
111011111110101010110100 000110110000000000000000 111101001110101010110100
111011111110101010110100 000110101000000000000000 111101010110101010110100
111011111110101010110100 000110100100000000000000 111101011010101010110100
111011111110101010110100 000110100010000000000000 111101011100101010110100
111011111110101010110100 000110100001000000000000 111101011111101010110100
111011111110101010110100 000110100000100000000000 111101011110001010110100
111011111110101010110100 000110100000010000000000 111101011110111010110100
111011111110101010110100 000110100000001000000000 111101011110100010110100
111011111110101010110100 000110100000000100000000 111101011110101110110100
111011111110101010110100 000110100000000010000000 111101011110101000110100
111011111110101010110100 000110100000000001000000 111101011110101011110100
111011111110101010110100 000110100000000000100000 111101011110101010010100
111011111110101010110100 000110100000000000010000 111101011110101010100100
111011111110101010110100 000110100000000000001000 111101011110101010111100
111011111110101010110100 000110100000000000000100 111101011110101010110000
111011111110101010110100 000110100000000000000010 111101011110101010110110
111011111110101010110100 000110100000000000000001 111101011110101010110101
111011111110101010110100 000110011000000000000000 111101100110101010110100
111011111110101010110100 000110010100000000000000 111101101010101010110100
111011111110101010110100 000110010010000000000000 111101101100101010110100
111011111110101010110100 000110010001000000000000 111101101111101010110100
111011111110101010110100 000110010000100000000000 111101101110001010110100
111011111110101010110100 000110010000010000000000 111101101110111010110100
111011111110101010110100 000110010000001000000000 111101101110100010110100
111011111110101010110100 000110010000000100000000 111101101110101110110100
111011111110101010110100 000110010000000010000000 111101101110101000110100
111011111110101010110100 000110010000000001000000 111101101110101011110100
111011111110101010110100 000110010000000000100000 111101101110101010010100
111011111110101010110100 000110010000000000010000 111101101110101010100100
111011111110101010110100 000110010000000000001000 111101101110101010111100
111011111110101010110100 000110010000000000000100 111101101110101010110000
111011111110101010110100 000110010000000000000010 111101101110101010110110
111011111110101010110100 000110010000000000000001 111101101110101010110101
111011111110101010110100 000110001100000000000000 111101110010101010110100
111011111110101010110100 000110001010000000000000 111101110100101010110100
111011111110101010110100 000110001001000000000000 111101110111101010110100
111011111110101010110100 000110001000100000000000 111101110110001010110100
111011111110101010110100 000110001000010000000000 111101110110111010110100
111011111110101010110100 000110001000001000000000 111101110110100010110100
111011111110101010110100 000110001000000100000000 111101110110101110110100
111011111110101010110100 000110001000000010000000 111101110110101000110100
111011111110101010110100 000110001000000001000000 111101110110101011110100
111011111110101010110100 000110001000000000100000 111101110110101010010100
111011111110101010110100 000110001000000000010000 111101110110101010100100
111011111110101010110100 000110001000000000001000 111101110110101010111100
111011111110101010110100 000110001000000000000100 111101110110101010110000
111011111110101010110100 000110001000000000000010 111101110110101010110110
111011111110101010110100 000110001000000000000001 111101110110101010110101
111011111110101010110100 000110000110000000000000 111101111000101010110100
111011111110101010110100 000110000101000000000000 111101111011101010110100
111011111110101010110100 000110000100100000000000 111101111010001010110100
111011111110101010110100 000110000100010000000000 111101111010111010110100
111011111110101010110100 000110000100001000000000 111101111010100010110100
111011111110101010110100 000110000100000100000000 111101111010101110110100
111011111110101010110100 000110000100000010000000 111101111010101000110100
111011111110101010110100 000110000100000001000000 111101111010101011110100
111011111110101010110100 000110000100000000100000 111101111010101010010100
111011111110101010110100 000110000100000000010000 111101111010101010100100
111011111110101010110100 000110000100000000001000 111101111010101010111100
111011111110101010110100 000110000100000000000100 111101111010101010110000
111011111110101010110100 000110000100000000000010 111101111010101010110110
111011111110101010110100 000110000100000000000001 111101111010101010110101
111011111110101010110100 000110000011000000000000 111101111101101010110100
111011111110101010110100 000110000010100000000000 111101111100001010110100
111011111110101010110100 000110000010010000000000 111101111100111010110100
111011111110101010110100 000110000010001000000000 111101111100100010110100
111011111110101010110100 000110000010000100000000 111101111100101110110100
111011111110101010110100 000110000010000010000000 111101111100101000110100
111011111110101010110100 000110000010000001000000 111101111100101011110100
111011111110101010110100 000110000010000000100000 111101111100101010010100
111011111110101010110100 000110000010000000010000 111101111100101010100100
111011111110101010110100 000110000010000000001000 111101111100101010111100
111011111110101010110100 000110000010000000000100 111101111100101010110000
111011111110101010110100 000110000010000000000010 111101111100101010110110
111011111110101010110100 000110000010000000000001 111101111100101010110101
111011111110101010110100 000110000001100000000000 111101111111001010110100
111011111110101010110100 000110000001010000000000 111101111111111010110100
111011111110101010110100 000110000001001000000000 111101111111100010110100
111011111110101010110100 000110000001000100000000 111101111111101110110100
111011111110101010110100 000110000001000010000000 111101111111101000110100
111011111110101010110100 000110000001000001000000 111101111111101011110100
111011111110101010110100 000110000001000000100000 111101111111101010010100
111011111110101010110100 000110000001000000010000 111101111111101010100100
111011111110101010110100 000110000001000000001000 111101111111101010111100
111011111110101010110100 000110000001000000000100 111101111111101010110000
111011111110101010110100 000110000001000000000010 111101111111101010110110
111011111110101010110100 000110000001000000000001 111101111111101010110101
111011111110101010110100 000110000000110000000000 111101111110011010110100
111011111110101010110100 000110000000101000000000 111101111110000010110100
111011111110101010110100 000110000000100100000000 111101111110001110110100
111011111110101010110100 000110000000100010000000 111101111110001000110100
111011111110101010110100 000110000000100001000000 111101111110001011110100
111011111110101010110100 000110000000100000100000 111101111110001010010100
111011111110101010110100 000110000000100000010000 111101111110001010100100
111011111110101010110100 000110000000100000001000 111101111110001010111100
111011111110101010110100 000110000000100000000100 111101111110001010110000
111011111110101010110100 000110000000100000000010 111101111110001010110110
111011111110101010110100 000110000000100000000001 111101111110001010110101
111011111110101010110100 000110000000011000000000 111101111110110010110100
111011111110101010110100 000110000000010100000000 111101111110111110110100
111011111110101010110100 000110000000010010000000 111101111110111000110100
111011111110101010110100 000110000000010001000000 111101111110111011110100
111011111110101010110100 000110000000010000100000 111101111110111010010100
111011111110101010110100 000110000000010000010000 111101111110111010100100
111011111110101010110100 000110000000010000001000 111101111110111010111100
111011111110101010110100 000110000000010000000100 111101111110111010110000
111011111110101010110100 000110000000010000000010 111101111110111010110110
111011111110101010110100 000110000000010000000001 111101111110111010110101
111011111110101010110100 000110000000001100000000 111101111110100110110100
111011111110101010110100 000110000000001010000000 111101111110100000110100
111011111110101010110100 000110000000001001000000 111101111110100011110100
111011111110101010110100 000110000000001000100000 111101111110100010010100
111011111110101010110100 000110000000001000010000 111101111110100010100100
111011111110101010110100 000110000000001000001000 111101111110100010111100
111011111110101010110100 000110000000001000000100 111101111110100010110000
111011111110101010110100 000110000000001000000010 111101111110100010110110
111011111110101010110100 000110000000001000000001 111101111110100010110101
111011111110101010110100 000110000000000110000000 111101111110101100110100
111011111110101010110100 000110000000000101000000 111101111110101111110100
111011111110101010110100 000110000000000100100000 111101111110101110010100
111011111110101010110100 000110000000000100010000 111101111110101110100100
111011111110101010110100 000110000000000100001000 111101111110101110111100
111011111110101010110100 000110000000000100000100 111101111110101110110000
111011111110101010110100 000110000000000100000010 111101111110101110110110
111011111110101010110100 000110000000000100000001 111101111110101110110101
111011111110101010110100 000110000000000011000000 111101111110101001110100
111011111110101010110100 000110000000000010100000 111101111110101000010100
111011111110101010110100 000110000000000010010000 111101111110101000100100
111011111110101010110100 000110000000000010001000 111101111110101000111100
111011111110101010110100 000110000000000010000100 111101111110101000110000
111011111110101010110100 000110000000000010000010 111101111110101000110110
111011111110101010110100 000110000000000010000001 111101111110101000110101
111011111110101010110100 000110000000000001100000 111101111110101011010100
111011111110101010110100 000110000000000001010000 111101111110101011100100
111011111110101010110100 000110000000000001001000 111101111110101011111100
111011111110101010110100 000110000000000001000100 111101111110101011110000
111011111110101010110100 000110000000000001000010 111101111110101011110110
111011111110101010110100 000110000000000001000001 111101111110101011110101
111011111110101010110100 000110000000000000110000 111101111110101010000100
111011111110101010110100 000110000000000000101000 111101111110101010011100
111011111110101010110100 000110000000000000100100 111101111110101010010000
111011111110101010110100 000110000000000000100010 111101111110101010010110
111011111110101010110100 000110000000000000100001 111101111110101010010101
111011111110101010110100 000110000000000000011000 111101111110101010101100
111011111110101010110100 000110000000000000010100 111101111110101010100000
111011111110101010110100 000110000000000000010010 111101111110101010100110
111011111110101010110100 000110000000000000010001 111101111110101010100101
111011111110101010110100 000110000000000000001100 111101111110101010111000
111011111110101010110100 000110000000000000001010 111101111110101010111110
111011111110101010110100 000110000000000000001001 111101111110101010111101
111011111110101010110100 000110000000000000000110 111101111110101010110010
111011111110101010110100 000110000000000000000101 111101111110101010110001
111011111110101010110100 000110000000000000000011 111101111110101010110111
111011111110101010110100 000101110000000000000000 111110001110101010110100
111011111110101010110100 000101101000000000000000 111110010110101010110100
111011111110101010110100 000101100100000000000000 111110011010101010110100
111011111110101010110100 000101100010000000000000 111110011100101010110100
111011111110101010110100 000101100001000000000000 111110011111101010110100
111011111110101010110100 000101100000100000000000 111110011110001010110100
111011111110101010110100 000101100000010000000000 111110011110111010110100
111011111110101010110100 000101100000001000000000 111110011110100010110100
111011111110101010110100 000101100000000100000000 111110011110101110110100
111011111110101010110100 000101100000000010000000 111110011110101000110100
111011111110101010110100 000101100000000001000000 111110011110101011110100
111011111110101010110100 000101100000000000100000 111110011110101010010100
111011111110101010110100 000101100000000000010000 111110011110101010100100
111011111110101010110100 000101100000000000001000 111110011110101010111100
111011111110101010110100 000101100000000000000100 111110011110101010110000
111011111110101010110100 000101100000000000000010 111110011110101010110110
111011111110101010110100 000101100000000000000001 111110011110101010110101
111011111110101010110100 000101011000000000000000 111110100110101010110100
111011111110101010110100 000101010100000000000000 111110101010101010110100
111011111110101010110100 000101010010000000000000 111110101100101010110100
111011111110101010110100 000101010001000000000000 111110101111101010110100
111011111110101010110100 000101010000100000000000 111110101110001010110100
111011111110101010110100 000101010000010000000000 111110101110111010110100
111011111110101010110100 000101010000001000000000 111110101110100010110100
111011111110101010110100 000101010000000100000000 111110101110101110110100
111011111110101010110100 000101010000000010000000 111110101110101000110100
111011111110101010110100 000101010000000001000000 111110101110101011110100
111011111110101010110100 000101010000000000100000 111110101110101010010100
111011111110101010110100 000101010000000000010000 111110101110101010100100
111011111110101010110100 000101010000000000001000 111110101110101010111100
111011111110101010110100 000101010000000000000100 111110101110101010110000
111011111110101010110100 000101010000000000000010 111110101110101010110110
111011111110101010110100 000101010000000000000001 111110101110101010110101
111011111110101010110100 000101001100000000000000 111110110010101010110100
111011111110101010110100 000101001010000000000000 111110110100101010110100
111011111110101010110100 000101001001000000000000 111110110111101010110100
111011111110101010110100 000101001000100000000000 111110110110001010110100
111011111110101010110100 000101001000010000000000 111110110110111010110100
111011111110101010110100 000101001000001000000000 111110110110100010110100
111011111110101010110100 000101001000000100000000 111110110110101110110100
111011111110101010110100 000101001000000010000000 111110110110101000110100
111011111110101010110100 000101001000000001000000 111110110110101011110100
111011111110101010110100 000101001000000000100000 111110110110101010010100
111011111110101010110100 000101001000000000010000 111110110110101010100100
111011111110101010110100 000101001000000000001000 111110110110101010111100
111011111110101010110100 000101001000000000000100 111110110110101010110000
111011111110101010110100 000101001000000000000010 111110110110101010110110
111011111110101010110100 000101001000000000000001 111110110110101010110101
111011111110101010110100 000101000110000000000000 111110111000101010110100
111011111110101010110100 000101000101000000000000 111110111011101010110100
111011111110101010110100 000101000100100000000000 111110111010001010110100
111011111110101010110100 000101000100010000000000 111110111010111010110100
111011111110101010110100 000101000100001000000000 111110111010100010110100
111011111110101010110100 000101000100000100000000 111110111010101110110100
111011111110101010110100 000101000100000010000000 111110111010101000110100
111011111110101010110100 000101000100000001000000 111110111010101011110100
111011111110101010110100 000101000100000000100000 111110111010101010010100
111011111110101010110100 000101000100000000010000 111110111010101010100100
111011111110101010110100 000101000100000000001000 111110111010101010111100
111011111110101010110100 000101000100000000000100 111110111010101010110000
111011111110101010110100 000101000100000000000010 111110111010101010110110
111011111110101010110100 000101000100000000000001 111110111010101010110101
111011111110101010110100 000101000011000000000000 111110111101101010110100
111011111110101010110100 000101000010100000000000 111110111100001010110100
111011111110101010110100 000101000010010000000000 111110111100111010110100
111011111110101010110100 000101000010001000000000 111110111100100010110100
111011111110101010110100 000101000010000100000000 111110111100101110110100
111011111110101010110100 000101000010000010000000 111110111100101000110100
111011111110101010110100 000101000010000001000000 111110111100101011110100
111011111110101010110100 000101000010000000100000 111110111100101010010100
111011111110101010110100 000101000010000000010000 111110111100101010100100
111011111110101010110100 000101000010000000001000 111110111100101010111100
111011111110101010110100 000101000010000000000100 111110111100101010110000
111011111110101010110100 000101000010000000000010 111110111100101010110110
111011111110101010110100 000101000010000000000001 111110111100101010110101
111011111110101010110100 000101000001100000000000 111110111111001010110100
111011111110101010110100 000101000001010000000000 111110111111111010110100
111011111110101010110100 000101000001001000000000 111110111111100010110100
111011111110101010110100 000101000001000100000000 111110111111101110110100
111011111110101010110100 000101000001000010000000 111110111111101000110100
111011111110101010110100 000101000001000001000000 111110111111101011110100
111011111110101010110100 000101000001000000100000 111110111111101010010100
111011111110101010110100 000101000001000000010000 111110111111101010100100
111011111110101010110100 000101000001000000001000 111110111111101010111100
111011111110101010110100 000101000001000000000100 111110111111101010110000
111011111110101010110100 000101000001000000000010 111110111111101010110110
111011111110101010110100 000101000001000000000001 111110111111101010110101
111011111110101010110100 000101000000110000000000 111110111110011010110100
111011111110101010110100 000101000000101000000000 111110111110000010110100
111011111110101010110100 000101000000100100000000 111110111110001110110100
111011111110101010110100 000101000000100010000000 111110111110001000110100
111011111110101010110100 000101000000100001000000 111110111110001011110100
111011111110101010110100 000101000000100000100000 111110111110001010010100
111011111110101010110100 000101000000100000010000 111110111110001010100100
111011111110101010110100 000101000000100000001000 111110111110001010111100
111011111110101010110100 000101000000100000000100 111110111110001010110000
111011111110101010110100 000101000000100000000010 111110111110001010110110
111011111110101010110100 000101000000100000000001 111110111110001010110101
111011111110101010110100 000101000000011000000000 111110111110110010110100
111011111110101010110100 000101000000010100000000 111110111110111110110100
111011111110101010110100 000101000000010010000000 111110111110111000110100
111011111110101010110100 000101000000010001000000 111110111110111011110100
111011111110101010110100 000101000000010000100000 111110111110111010010100
111011111110101010110100 000101000000010000010000 111110111110111010100100
111011111110101010110100 000101000000010000001000 111110111110111010111100
111011111110101010110100 000101000000010000000100 111110111110111010110000
111011111110101010110100 000101000000010000000010 111110111110111010110110
111011111110101010110100 000101000000010000000001 111110111110111010110101
111011111110101010110100 000101000000001100000000 111110111110100110110100
111011111110101010110100 000101000000001010000000 111110111110100000110100
111011111110101010110100 000101000000001001000000 111110111110100011110100
111011111110101010110100 000101000000001000100000 111110111110100010010100
111011111110101010110100 000101000000001000010000 111110111110100010100100
111011111110101010110100 000101000000001000001000 111110111110100010111100
111011111110101010110100 000101000000001000000100 111110111110100010110000
111011111110101010110100 000101000000001000000010 111110111110100010110110
111011111110101010110100 000101000000001000000001 111110111110100010110101
111011111110101010110100 000101000000000110000000 111110111110101100110100
111011111110101010110100 000101000000000101000000 111110111110101111110100
111011111110101010110100 000101000000000100100000 111110111110101110010100
111011111110101010110100 000101000000000100010000 111110111110101110100100
111011111110101010110100 000101000000000100001000 111110111110101110111100
111011111110101010110100 000101000000000100000100 111110111110101110110000
111011111110101010110100 000101000000000100000010 111110111110101110110110
111011111110101010110100 000101000000000100000001 111110111110101110110101
111011111110101010110100 000101000000000011000000 111110111110101001110100
111011111110101010110100 000101000000000010100000 111110111110101000010100
111011111110101010110100 000101000000000010010000 111110111110101000100100
111011111110101010110100 000101000000000010001000 111110111110101000111100
111011111110101010110100 000101000000000010000100 111110111110101000110000
111011111110101010110100 000101000000000010000010 111110111110101000110110
111011111110101010110100 000101000000000010000001 111110111110101000110101
111011111110101010110100 000101000000000001100000 111110111110101011010100
111011111110101010110100 000101000000000001010000 111110111110101011100100
111011111110101010110100 000101000000000001001000 111110111110101011111100
111011111110101010110100 000101000000000001000100 111110111110101011110000
111011111110101010110100 000101000000000001000010 111110111110101011110110
111011111110101010110100 000101000000000001000001 111110111110101011110101
111011111110101010110100 000101000000000000110000 111110111110101010000100
111011111110101010110100 000101000000000000101000 111110111110101010011100
111011111110101010110100 000101000000000000100100 111110111110101010010000
111011111110101010110100 000101000000000000100010 111110111110101010010110
111011111110101010110100 000101000000000000100001 111110111110101010010101
111011111110101010110100 000101000000000000011000 111110111110101010101100
111011111110101010110100 000101000000000000010100 111110111110101010100000
111011111110101010110100 000101000000000000010010 111110111110101010100110
111011111110101010110100 000101000000000000010001 111110111110101010100101
111011111110101010110100 000101000000000000001100 111110111110101010111000
111011111110101010110100 000101000000000000001010 111110111110101010111110
111011111110101010110100 000101000000000000001001 111110111110101010111101
111011111110101010110100 000101000000000000000110 111110111110101010110010
111011111110101010110100 000101000000000000000101 111110111110101010110001
111011111110101010110100 000101000000000000000011 111110111110101010110111
111011111110101010110100 000100111000000000000000 111111000110101010110100
111011111110101010110100 000100110100000000000000 111111001010101010110100
111011111110101010110100 000100110010000000000000 111111001100101010110100
111011111110101010110100 000100110001000000000000 111111001111101010110100
111011111110101010110100 000100110000100000000000 111111001110001010110100
111011111110101010110100 000100110000010000000000 111111001110111010110100
111011111110101010110100 000100110000001000000000 111111001110100010110100
111011111110101010110100 000100110000000100000000 111111001110101110110100
111011111110101010110100 000100110000000010000000 111111001110101000110100
111011111110101010110100 000100110000000001000000 111111001110101011110100
111011111110101010110100 000100110000000000100000 111111001110101010010100
111011111110101010110100 000100110000000000010000 111111001110101010100100
111011111110101010110100 000100110000000000001000 111111001110101010111100
111011111110101010110100 000100110000000000000100 111111001110101010110000
111011111110101010110100 000100110000000000000010 111111001110101010110110
111011111110101010110100 000100110000000000000001 111111001110101010110101
111011111110101010110100 000100101100000000000000 111111010010101010110100
111011111110101010110100 000100101010000000000000 111111010100101010110100
111011111110101010110100 000100101001000000000000 111111010111101010110100
111011111110101010110100 000100101000100000000000 111111010110001010110100
111011111110101010110100 000100101000010000000000 111111010110111010110100
111011111110101010110100 000100101000001000000000 111111010110100010110100
111011111110101010110100 000100101000000100000000 111111010110101110110100
111011111110101010110100 000100101000000010000000 111111010110101000110100
111011111110101010110100 000100101000000001000000 111111010110101011110100
111011111110101010110100 000100101000000000100000 111111010110101010010100
111011111110101010110100 000100101000000000010000 111111010110101010100100
111011111110101010110100 000100101000000000001000 111111010110101010111100
111011111110101010110100 000100101000000000000100 111111010110101010110000
111011111110101010110100 000100101000000000000010 111111010110101010110110
111011111110101010110100 000100101000000000000001 111111010110101010110101
111011111110101010110100 000100100110000000000000 111111011000101010110100
111011111110101010110100 000100100101000000000000 111111011011101010110100
111011111110101010110100 000100100100100000000000 111111011010001010110100
111011111110101010110100 000100100100010000000000 111111011010111010110100
111011111110101010110100 000100100100001000000000 111111011010100010110100
111011111110101010110100 000100100100000100000000 111111011010101110110100
111011111110101010110100 000100100100000010000000 111111011010101000110100
111011111110101010110100 000100100100000001000000 111111011010101011110100
111011111110101010110100 000100100100000000100000 111111011010101010010100
111011111110101010110100 000100100100000000010000 111111011010101010100100
111011111110101010110100 000100100100000000001000 111111011010101010111100
111011111110101010110100 000100100100000000000100 111111011010101010110000
111011111110101010110100 000100100100000000000010 111111011010101010110110
111011111110101010110100 000100100100000000000001 111111011010101010110101
111011111110101010110100 000100100011000000000000 111111011101101010110100
111011111110101010110100 000100100010100000000000 111111011100001010110100
111011111110101010110100 000100100010010000000000 111111011100111010110100
111011111110101010110100 000100100010001000000000 111111011100100010110100
111011111110101010110100 000100100010000100000000 111111011100101110110100
111011111110101010110100 000100100010000010000000 111111011100101000110100
111011111110101010110100 000100100010000001000000 111111011100101011110100
111011111110101010110100 000100100010000000100000 111111011100101010010100
111011111110101010110100 000100100010000000010000 111111011100101010100100
111011111110101010110100 000100100010000000001000 111111011100101010111100
111011111110101010110100 000100100010000000000100 111111011100101010110000
111011111110101010110100 000100100010000000000010 111111011100101010110110
111011111110101010110100 000100100010000000000001 111111011100101010110101
111011111110101010110100 000100100001100000000000 111111011111001010110100
111011111110101010110100 000100100001010000000000 111111011111111010110100
111011111110101010110100 000100100001001000000000 111111011111100010110100
111011111110101010110100 000100100001000100000000 111111011111101110110100
111011111110101010110100 000100100001000010000000 111111011111101000110100
111011111110101010110100 000100100001000001000000 111111011111101011110100
111011111110101010110100 000100100001000000100000 111111011111101010010100
111011111110101010110100 000100100001000000010000 111111011111101010100100
111011111110101010110100 000100100001000000001000 111111011111101010111100
111011111110101010110100 000100100001000000000100 111111011111101010110000
111011111110101010110100 000100100001000000000010 111111011111101010110110
111011111110101010110100 000100100001000000000001 111111011111101010110101
111011111110101010110100 000100100000110000000000 111111011110011010110100
111011111110101010110100 000100100000101000000000 111111011110000010110100
111011111110101010110100 000100100000100100000000 111111011110001110110100
111011111110101010110100 000100100000100010000000 111111011110001000110100
111011111110101010110100 000100100000100001000000 111111011110001011110100
111011111110101010110100 000100100000100000100000 111111011110001010010100
111011111110101010110100 000100100000100000010000 111111011110001010100100
111011111110101010110100 000100100000100000001000 111111011110001010111100
111011111110101010110100 000100100000100000000100 111111011110001010110000
111011111110101010110100 000100100000100000000010 111111011110001010110110
111011111110101010110100 000100100000100000000001 111111011110001010110101
111011111110101010110100 000100100000011000000000 111111011110110010110100
111011111110101010110100 000100100000010100000000 111111011110111110110100
111011111110101010110100 000100100000010010000000 111111011110111000110100
111011111110101010110100 000100100000010001000000 111111011110111011110100
111011111110101010110100 000100100000010000100000 111111011110111010010100
111011111110101010110100 000100100000010000010000 111111011110111010100100
111011111110101010110100 000100100000010000001000 111111011110111010111100
111011111110101010110100 000100100000010000000100 111111011110111010110000
111011111110101010110100 000100100000010000000010 111111011110111010110110
111011111110101010110100 000100100000010000000001 111111011110111010110101
111011111110101010110100 000100100000001100000000 111111011110100110110100
111011111110101010110100 000100100000001010000000 111111011110100000110100
111011111110101010110100 000100100000001001000000 111111011110100011110100
111011111110101010110100 000100100000001000100000 111111011110100010010100
111011111110101010110100 000100100000001000010000 111111011110100010100100
111011111110101010110100 000100100000001000001000 111111011110100010111100
111011111110101010110100 000100100000001000000100 111111011110100010110000
111011111110101010110100 000100100000001000000010 111111011110100010110110
111011111110101010110100 000100100000001000000001 111111011110100010110101
111011111110101010110100 000100100000000110000000 111111011110101100110100
111011111110101010110100 000100100000000101000000 111111011110101111110100
111011111110101010110100 000100100000000100100000 111111011110101110010100
111011111110101010110100 000100100000000100010000 111111011110101110100100
111011111110101010110100 000100100000000100001000 111111011110101110111100
111011111110101010110100 000100100000000100000100 111111011110101110110000
111011111110101010110100 000100100000000100000010 111111011110101110110110
111011111110101010110100 000100100000000100000001 111111011110101110110101
111011111110101010110100 000100100000000011000000 111111011110101001110100
111011111110101010110100 000100100000000010100000 111111011110101000010100
111011111110101010110100 000100100000000010010000 111111011110101000100100
111011111110101010110100 000100100000000010001000 111111011110101000111100
111011111110101010110100 000100100000000010000100 111111011110101000110000
111011111110101010110100 000100100000000010000010 111111011110101000110110
111011111110101010110100 000100100000000010000001 111111011110101000110101
111011111110101010110100 000100100000000001100000 111111011110101011010100
111011111110101010110100 000100100000000001010000 111111011110101011100100
111011111110101010110100 000100100000000001001000 111111011110101011111100
111011111110101010110100 000100100000000001000100 111111011110101011110000
111011111110101010110100 000100100000000001000010 111111011110101011110110
111011111110101010110100 000100100000000001000001 111111011110101011110101
111011111110101010110100 000100100000000000110000 111111011110101010000100
111011111110101010110100 000100100000000000101000 111111011110101010011100
111011111110101010110100 000100100000000000100100 111111011110101010010000
111011111110101010110100 000100100000000000100010 111111011110101010010110
111011111110101010110100 000100100000000000100001 111111011110101010010101
111011111110101010110100 000100100000000000011000 111111011110101010101100
111011111110101010110100 000100100000000000010100 111111011110101010100000
111011111110101010110100 000100100000000000010010 111111011110101010100110
111011111110101010110100 000100100000000000010001 111111011110101010100101
111011111110101010110100 000100100000000000001100 111111011110101010111000
111011111110101010110100 000100100000000000001010 111111011110101010111110
111011111110101010110100 000100100000000000001001 111111011110101010111101
111011111110101010110100 000100100000000000000110 111111011110101010110010
111011111110101010110100 000100100000000000000101 111111011110101010110001
111011111110101010110100 000100100000000000000011 111111011110101010110111
111011111110101010110100 000100011100000000000000 111111100010101010110100
111011111110101010110100 000100011010000000000000 111111100100101010110100
111011111110101010110100 000100011001000000000000 111111100111101010110100
111011111110101010110100 000100011000100000000000 111111100110001010110100
111011111110101010110100 000100011000010000000000 111111100110111010110100
111011111110101010110100 000100011000001000000000 111111100110100010110100
111011111110101010110100 000100011000000100000000 111111100110101110110100
111011111110101010110100 000100011000000010000000 111111100110101000110100
111011111110101010110100 000100011000000001000000 111111100110101011110100
111011111110101010110100 000100011000000000100000 111111100110101010010100
111011111110101010110100 000100011000000000010000 111111100110101010100100
111011111110101010110100 000100011000000000001000 111111100110101010111100
111011111110101010110100 000100011000000000000100 111111100110101010110000
111011111110101010110100 000100011000000000000010 111111100110101010110110
111011111110101010110100 000100011000000000000001 111111100110101010110101
111011111110101010110100 000100010110000000000000 111111101000101010110100
111011111110101010110100 000100010101000000000000 111111101011101010110100
111011111110101010110100 000100010100100000000000 111111101010001010110100
111011111110101010110100 000100010100010000000000 111111101010111010110100
111011111110101010110100 000100010100001000000000 111111101010100010110100
111011111110101010110100 000100010100000100000000 111111101010101110110100
111011111110101010110100 000100010100000010000000 111111101010101000110100
111011111110101010110100 000100010100000001000000 111111101010101011110100
111011111110101010110100 000100010100000000100000 111111101010101010010100
111011111110101010110100 000100010100000000010000 111111101010101010100100
111011111110101010110100 000100010100000000001000 111111101010101010111100
111011111110101010110100 000100010100000000000100 111111101010101010110000
111011111110101010110100 000100010100000000000010 111111101010101010110110
111011111110101010110100 000100010100000000000001 111111101010101010110101
111011111110101010110100 000100010011000000000000 111111101101101010110100
111011111110101010110100 000100010010100000000000 111111101100001010110100
111011111110101010110100 000100010010010000000000 111111101100111010110100
111011111110101010110100 000100010010001000000000 111111101100100010110100
111011111110101010110100 000100010010000100000000 111111101100101110110100
111011111110101010110100 000100010010000010000000 111111101100101000110100
111011111110101010110100 000100010010000001000000 111111101100101011110100
111011111110101010110100 000100010010000000100000 111111101100101010010100
111011111110101010110100 000100010010000000010000 111111101100101010100100
111011111110101010110100 000100010010000000001000 111111101100101010111100
111011111110101010110100 000100010010000000000100 111111101100101010110000
111011111110101010110100 000100010010000000000010 111111101100101010110110
111011111110101010110100 000100010010000000000001 111111101100101010110101
111011111110101010110100 000100010001100000000000 111111101111001010110100
111011111110101010110100 000100010001010000000000 111111101111111010110100
111011111110101010110100 000100010001001000000000 111111101111100010110100
111011111110101010110100 000100010001000100000000 111111101111101110110100
111011111110101010110100 000100010001000010000000 111111101111101000110100
111011111110101010110100 000100010001000001000000 111111101111101011110100
111011111110101010110100 000100010001000000100000 111111101111101010010100
111011111110101010110100 000100010001000000010000 111111101111101010100100
111011111110101010110100 000100010001000000001000 111111101111101010111100
111011111110101010110100 000100010001000000000100 111111101111101010110000
111011111110101010110100 000100010001000000000010 111111101111101010110110
111011111110101010110100 000100010001000000000001 111111101111101010110101
111011111110101010110100 000100010000110000000000 111111101110011010110100
111011111110101010110100 000100010000101000000000 111111101110000010110100
111011111110101010110100 000100010000100100000000 111111101110001110110100
111011111110101010110100 000100010000100010000000 111111101110001000110100
111011111110101010110100 000100010000100001000000 111111101110001011110100
111011111110101010110100 000100010000100000100000 111111101110001010010100
111011111110101010110100 000100010000100000010000 111111101110001010100100
111011111110101010110100 000100010000100000001000 111111101110001010111100
111011111110101010110100 000100010000100000000100 111111101110001010110000
111011111110101010110100 000100010000100000000010 111111101110001010110110
111011111110101010110100 000100010000100000000001 111111101110001010110101
111011111110101010110100 000100010000011000000000 111111101110110010110100
111011111110101010110100 000100010000010100000000 111111101110111110110100
111011111110101010110100 000100010000010010000000 111111101110111000110100
111011111110101010110100 000100010000010001000000 111111101110111011110100
111011111110101010110100 000100010000010000100000 111111101110111010010100
111011111110101010110100 000100010000010000010000 111111101110111010100100
111011111110101010110100 000100010000010000001000 111111101110111010111100
111011111110101010110100 000100010000010000000100 111111101110111010110000
111011111110101010110100 000100010000010000000010 111111101110111010110110
111011111110101010110100 000100010000010000000001 111111101110111010110101
111011111110101010110100 000100010000001100000000 111111101110100110110100
111011111110101010110100 000100010000001010000000 111111101110100000110100
111011111110101010110100 000100010000001001000000 111111101110100011110100
111011111110101010110100 000100010000001000100000 111111101110100010010100
111011111110101010110100 000100010000001000010000 111111101110100010100100
111011111110101010110100 000100010000001000001000 111111101110100010111100
111011111110101010110100 000100010000001000000100 111111101110100010110000
111011111110101010110100 000100010000001000000010 111111101110100010110110
111011111110101010110100 000100010000001000000001 111111101110100010110101
111011111110101010110100 000100010000000110000000 111111101110101100110100
111011111110101010110100 000100010000000101000000 111111101110101111110100
111011111110101010110100 000100010000000100100000 111111101110101110010100
111011111110101010110100 000100010000000100010000 111111101110101110100100
111011111110101010110100 000100010000000100001000 111111101110101110111100
111011111110101010110100 000100010000000100000100 111111101110101110110000
111011111110101010110100 000100010000000100000010 111111101110101110110110
111011111110101010110100 000100010000000100000001 111111101110101110110101
111011111110101010110100 000100010000000011000000 111111101110101001110100
111011111110101010110100 000100010000000010100000 111111101110101000010100
111011111110101010110100 000100010000000010010000 111111101110101000100100
111011111110101010110100 000100010000000010001000 111111101110101000111100
111011111110101010110100 000100010000000010000100 111111101110101000110000
111011111110101010110100 000100010000000010000010 111111101110101000110110
111011111110101010110100 000100010000000010000001 111111101110101000110101
111011111110101010110100 000100010000000001100000 111111101110101011010100
111011111110101010110100 000100010000000001010000 111111101110101011100100
111011111110101010110100 000100010000000001001000 111111101110101011111100
111011111110101010110100 000100010000000001000100 111111101110101011110000
111011111110101010110100 000100010000000001000010 111111101110101011110110
111011111110101010110100 000100010000000001000001 111111101110101011110101
111011111110101010110100 000100010000000000110000 111111101110101010000100
111011111110101010110100 000100010000000000101000 111111101110101010011100
111011111110101010110100 000100010000000000100100 111111101110101010010000
111011111110101010110100 000100010000000000100010 111111101110101010010110
111011111110101010110100 000100010000000000100001 111111101110101010010101
111011111110101010110100 000100010000000000011000 111111101110101010101100
111011111110101010110100 000100010000000000010100 111111101110101010100000
111011111110101010110100 000100010000000000010010 111111101110101010100110
111011111110101010110100 000100010000000000010001 111111101110101010100101
111011111110101010110100 000100010000000000001100 111111101110101010111000
111011111110101010110100 000100010000000000001010 111111101110101010111110
111011111110101010110100 000100010000000000001001 111111101110101010111101
111011111110101010110100 000100010000000000000110 111111101110101010110010
111011111110101010110100 000100010000000000000101 111111101110101010110001
111011111110101010110100 000100010000000000000011 111111101110101010110111
111011111110101010110100 000100001110000000000000 111111110000101010110100
111011111110101010110100 000100001101000000000000 111111110011101010110100
111011111110101010110100 000100001100100000000000 111111110010001010110100
111011111110101010110100 000100001100010000000000 111111110010111010110100
111011111110101010110100 000100001100001000000000 111111110010100010110100
111011111110101010110100 000100001100000100000000 111111110010101110110100
111011111110101010110100 000100001100000010000000 111111110010101000110100
111011111110101010110100 000100001100000001000000 111111110010101011110100
111011111110101010110100 000100001100000000100000 111111110010101010010100
111011111110101010110100 000100001100000000010000 111111110010101010100100
111011111110101010110100 000100001100000000001000 111111110010101010111100
111011111110101010110100 000100001100000000000100 111111110010101010110000
111011111110101010110100 000100001100000000000010 111111110010101010110110
111011111110101010110100 000100001100000000000001 111111110010101010110101
111011111110101010110100 000100001011000000000000 111111110101101010110100
111011111110101010110100 000100001010100000000000 111111110100001010110100
111011111110101010110100 000100001010010000000000 111111110100111010110100
111011111110101010110100 000100001010001000000000 111111110100100010110100
111011111110101010110100 000100001010000100000000 111111110100101110110100
111011111110101010110100 000100001010000010000000 111111110100101000110100
111011111110101010110100 000100001010000001000000 111111110100101011110100
111011111110101010110100 000100001010000000100000 111111110100101010010100
111011111110101010110100 000100001010000000010000 111111110100101010100100
111011111110101010110100 000100001010000000001000 111111110100101010111100
111011111110101010110100 000100001010000000000100 111111110100101010110000
111011111110101010110100 000100001010000000000010 111111110100101010110110
111011111110101010110100 000100001010000000000001 111111110100101010110101
111011111110101010110100 000100001001100000000000 111111110111001010110100
111011111110101010110100 000100001001010000000000 111111110111111010110100
111011111110101010110100 000100001001001000000000 111111110111100010110100
111011111110101010110100 000100001001000100000000 111111110111101110110100
111011111110101010110100 000100001001000010000000 111111110111101000110100
111011111110101010110100 000100001001000001000000 111111110111101011110100
111011111110101010110100 000100001001000000100000 111111110111101010010100
111011111110101010110100 000100001001000000010000 111111110111101010100100
111011111110101010110100 000100001001000000001000 111111110111101010111100
111011111110101010110100 000100001001000000000100 111111110111101010110000
111011111110101010110100 000100001001000000000010 111111110111101010110110
111011111110101010110100 000100001001000000000001 111111110111101010110101
111011111110101010110100 000100001000110000000000 111111110110011010110100
111011111110101010110100 000100001000101000000000 111111110110000010110100
111011111110101010110100 000100001000100100000000 111111110110001110110100
111011111110101010110100 000100001000100010000000 111111110110001000110100
111011111110101010110100 000100001000100001000000 111111110110001011110100
111011111110101010110100 000100001000100000100000 111111110110001010010100
111011111110101010110100 000100001000100000010000 111111110110001010100100
111011111110101010110100 000100001000100000001000 111111110110001010111100
111011111110101010110100 000100001000100000000100 111111110110001010110000
111011111110101010110100 000100001000100000000010 111111110110001010110110
111011111110101010110100 000100001000100000000001 111111110110001010110101
111011111110101010110100 000100001000011000000000 111111110110110010110100
111011111110101010110100 000100001000010100000000 111111110110111110110100
111011111110101010110100 000100001000010010000000 111111110110111000110100
111011111110101010110100 000100001000010001000000 111111110110111011110100
111011111110101010110100 000100001000010000100000 111111110110111010010100
111011111110101010110100 000100001000010000010000 111111110110111010100100
111011111110101010110100 000100001000010000001000 111111110110111010111100
111011111110101010110100 000100001000010000000100 111111110110111010110000
111011111110101010110100 000100001000010000000010 111111110110111010110110
111011111110101010110100 000100001000010000000001 111111110110111010110101
111011111110101010110100 000100001000001100000000 111111110110100110110100
111011111110101010110100 000100001000001010000000 111111110110100000110100
111011111110101010110100 000100001000001001000000 111111110110100011110100
111011111110101010110100 000100001000001000100000 111111110110100010010100
111011111110101010110100 000100001000001000010000 111111110110100010100100
111011111110101010110100 000100001000001000001000 111111110110100010111100
111011111110101010110100 000100001000001000000100 111111110110100010110000
111011111110101010110100 000100001000001000000010 111111110110100010110110
111011111110101010110100 000100001000001000000001 111111110110100010110101
111011111110101010110100 000100001000000110000000 111111110110101100110100
111011111110101010110100 000100001000000101000000 111111110110101111110100
111011111110101010110100 000100001000000100100000 111111110110101110010100
111011111110101010110100 000100001000000100010000 111111110110101110100100
111011111110101010110100 000100001000000100001000 111111110110101110111100
111011111110101010110100 000100001000000100000100 111111110110101110110000
111011111110101010110100 000100001000000100000010 111111110110101110110110
111011111110101010110100 000100001000000100000001 111111110110101110110101
111011111110101010110100 000100001000000011000000 111111110110101001110100
111011111110101010110100 000100001000000010100000 111111110110101000010100
111011111110101010110100 000100001000000010010000 111111110110101000100100
111011111110101010110100 000100001000000010001000 111111110110101000111100
111011111110101010110100 000100001000000010000100 111111110110101000110000
111011111110101010110100 000100001000000010000010 111111110110101000110110
111011111110101010110100 000100001000000010000001 111111110110101000110101
111011111110101010110100 000100001000000001100000 111111110110101011010100
111011111110101010110100 000100001000000001010000 111111110110101011100100
111011111110101010110100 000100001000000001001000 111111110110101011111100
111011111110101010110100 000100001000000001000100 111111110110101011110000
111011111110101010110100 000100001000000001000010 111111110110101011110110
111011111110101010110100 000100001000000001000001 111111110110101011110101
111011111110101010110100 000100001000000000110000 111111110110101010000100
111011111110101010110100 000100001000000000101000 111111110110101010011100
111011111110101010110100 000100001000000000100100 111111110110101010010000
111011111110101010110100 000100001000000000100010 111111110110101010010110
111011111110101010110100 000100001000000000100001 111111110110101010010101
111011111110101010110100 000100001000000000011000 111111110110101010101100
111011111110101010110100 000100001000000000010100 111111110110101010100000
111011111110101010110100 000100001000000000010010 111111110110101010100110
111011111110101010110100 000100001000000000010001 111111110110101010100101
111011111110101010110100 000100001000000000001100 111111110110101010111000
111011111110101010110100 000100001000000000001010 111111110110101010111110
111011111110101010110100 000100001000000000001001 111111110110101010111101
111011111110101010110100 000100001000000000000110 111111110110101010110010
111011111110101010110100 000100001000000000000101 111111110110101010110001
111011111110101010110100 000100001000000000000011 111111110110101010110111
111011111110101010110100 000100000111000000000000 111111111001101010110100
111011111110101010110100 000100000110100000000000 111111111000001010110100
111011111110101010110100 000100000110010000000000 111111111000111010110100
111011111110101010110100 000100000110001000000000 111111111000100010110100
111011111110101010110100 000100000110000100000000 111111111000101110110100
111011111110101010110100 000100000110000010000000 111111111000101000110100
111011111110101010110100 000100000110000001000000 111111111000101011110100
111011111110101010110100 000100000110000000100000 111111111000101010010100
111011111110101010110100 000100000110000000010000 111111111000101010100100
111011111110101010110100 000100000110000000001000 111111111000101010111100
111011111110101010110100 000100000110000000000100 111111111000101010110000
111011111110101010110100 000100000110000000000010 111111111000101010110110
111011111110101010110100 000100000110000000000001 111111111000101010110101
111011111110101010110100 000100000101100000000000 111111111011001010110100
111011111110101010110100 000100000101010000000000 111111111011111010110100
111011111110101010110100 000100000101001000000000 111111111011100010110100
111011111110101010110100 000100000101000100000000 111111111011101110110100
111011111110101010110100 000100000101000010000000 111111111011101000110100
111011111110101010110100 000100000101000001000000 111111111011101011110100
111011111110101010110100 000100000101000000100000 111111111011101010010100
111011111110101010110100 000100000101000000010000 111111111011101010100100
111011111110101010110100 000100000101000000001000 111111111011101010111100
111011111110101010110100 000100000101000000000100 111111111011101010110000
111011111110101010110100 000100000101000000000010 111111111011101010110110
111011111110101010110100 000100000101000000000001 111111111011101010110101
111011111110101010110100 000100000100110000000000 111111111010011010110100
111011111110101010110100 000100000100101000000000 111111111010000010110100
111011111110101010110100 000100000100100100000000 111111111010001110110100
111011111110101010110100 000100000100100010000000 111111111010001000110100
111011111110101010110100 000100000100100001000000 111111111010001011110100
111011111110101010110100 000100000100100000100000 111111111010001010010100
111011111110101010110100 000100000100100000010000 111111111010001010100100
111011111110101010110100 000100000100100000001000 111111111010001010111100
111011111110101010110100 000100000100100000000100 111111111010001010110000
111011111110101010110100 000100000100100000000010 111111111010001010110110
111011111110101010110100 000100000100100000000001 111111111010001010110101
111011111110101010110100 000100000100011000000000 111111111010110010110100
111011111110101010110100 000100000100010100000000 111111111010111110110100
111011111110101010110100 000100000100010010000000 111111111010111000110100
111011111110101010110100 000100000100010001000000 111111111010111011110100
111011111110101010110100 000100000100010000100000 111111111010111010010100
111011111110101010110100 000100000100010000010000 111111111010111010100100
111011111110101010110100 000100000100010000001000 111111111010111010111100
111011111110101010110100 000100000100010000000100 111111111010111010110000
111011111110101010110100 000100000100010000000010 111111111010111010110110
111011111110101010110100 000100000100010000000001 111111111010111010110101
111011111110101010110100 000100000100001100000000 111111111010100110110100
111011111110101010110100 000100000100001010000000 111111111010100000110100
111011111110101010110100 000100000100001001000000 111111111010100011110100
111011111110101010110100 000100000100001000100000 111111111010100010010100
111011111110101010110100 000100000100001000010000 111111111010100010100100
111011111110101010110100 000100000100001000001000 111111111010100010111100
111011111110101010110100 000100000100001000000100 111111111010100010110000
111011111110101010110100 000100000100001000000010 111111111010100010110110
111011111110101010110100 000100000100001000000001 111111111010100010110101
111011111110101010110100 000100000100000110000000 111111111010101100110100
111011111110101010110100 000100000100000101000000 111111111010101111110100
111011111110101010110100 000100000100000100100000 111111111010101110010100
111011111110101010110100 000100000100000100010000 111111111010101110100100
111011111110101010110100 000100000100000100001000 111111111010101110111100
111011111110101010110100 000100000100000100000100 111111111010101110110000
111011111110101010110100 000100000100000100000010 111111111010101110110110
111011111110101010110100 000100000100000100000001 111111111010101110110101
111011111110101010110100 000100000100000011000000 111111111010101001110100
111011111110101010110100 000100000100000010100000 111111111010101000010100
111011111110101010110100 000100000100000010010000 111111111010101000100100
111011111110101010110100 000100000100000010001000 111111111010101000111100
111011111110101010110100 000100000100000010000100 111111111010101000110000
111011111110101010110100 000100000100000010000010 111111111010101000110110
111011111110101010110100 000100000100000010000001 111111111010101000110101
111011111110101010110100 000100000100000001100000 111111111010101011010100
111011111110101010110100 000100000100000001010000 111111111010101011100100
111011111110101010110100 000100000100000001001000 111111111010101011111100
111011111110101010110100 000100000100000001000100 111111111010101011110000
111011111110101010110100 000100000100000001000010 111111111010101011110110
111011111110101010110100 000100000100000001000001 111111111010101011110101
111011111110101010110100 000100000100000000110000 111111111010101010000100
111011111110101010110100 000100000100000000101000 111111111010101010011100
111011111110101010110100 000100000100000000100100 111111111010101010010000
111011111110101010110100 000100000100000000100010 111111111010101010010110
111011111110101010110100 000100000100000000100001 111111111010101010010101
111011111110101010110100 000100000100000000011000 111111111010101010101100
111011111110101010110100 000100000100000000010100 111111111010101010100000
111011111110101010110100 000100000100000000010010 111111111010101010100110
111011111110101010110100 000100000100000000010001 111111111010101010100101
111011111110101010110100 000100000100000000001100 111111111010101010111000
111011111110101010110100 000100000100000000001010 111111111010101010111110
111011111110101010110100 000100000100000000001001 111111111010101010111101
111011111110101010110100 000100000100000000000110 111111111010101010110010
111011111110101010110100 000100000100000000000101 111111111010101010110001
111011111110101010110100 000100000100000000000011 111111111010101010110111
111011111110101010110100 000100000011100000000000 111111111101001010110100
111011111110101010110100 000100000011010000000000 111111111101111010110100
111011111110101010110100 000100000011001000000000 111111111101100010110100
111011111110101010110100 000100000011000100000000 111111111101101110110100
111011111110101010110100 000100000011000010000000 111111111101101000110100
111011111110101010110100 000100000011000001000000 111111111101101011110100
111011111110101010110100 000100000011000000100000 111111111101101010010100
111011111110101010110100 000100000011000000010000 111111111101101010100100
111011111110101010110100 000100000011000000001000 111111111101101010111100
111011111110101010110100 000100000011000000000100 111111111101101010110000
111011111110101010110100 000100000011000000000010 111111111101101010110110
111011111110101010110100 000100000011000000000001 111111111101101010110101
111011111110101010110100 000100000010110000000000 111111111100011010110100
111011111110101010110100 000100000010101000000000 111111111100000010110100
111011111110101010110100 000100000010100100000000 111111111100001110110100
111011111110101010110100 000100000010100010000000 111111111100001000110100
111011111110101010110100 000100000010100001000000 111111111100001011110100
111011111110101010110100 000100000010100000100000 111111111100001010010100
111011111110101010110100 000100000010100000010000 111111111100001010100100
111011111110101010110100 000100000010100000001000 111111111100001010111100
111011111110101010110100 000100000010100000000100 111111111100001010110000
111011111110101010110100 000100000010100000000010 111111111100001010110110
111011111110101010110100 000100000010100000000001 111111111100001010110101
111011111110101010110100 000100000010011000000000 111111111100110010110100
111011111110101010110100 000100000010010100000000 111111111100111110110100
111011111110101010110100 000100000010010010000000 111111111100111000110100
111011111110101010110100 000100000010010001000000 111111111100111011110100
111011111110101010110100 000100000010010000100000 111111111100111010010100
111011111110101010110100 000100000010010000010000 111111111100111010100100
111011111110101010110100 000100000010010000001000 111111111100111010111100
111011111110101010110100 000100000010010000000100 111111111100111010110000
111011111110101010110100 000100000010010000000010 111111111100111010110110
111011111110101010110100 000100000010010000000001 111111111100111010110101
111011111110101010110100 000100000010001100000000 111111111100100110110100
111011111110101010110100 000100000010001010000000 111111111100100000110100
111011111110101010110100 000100000010001001000000 111111111100100011110100
111011111110101010110100 000100000010001000100000 111111111100100010010100
111011111110101010110100 000100000010001000010000 111111111100100010100100
111011111110101010110100 000100000010001000001000 111111111100100010111100
111011111110101010110100 000100000010001000000100 111111111100100010110000
111011111110101010110100 000100000010001000000010 111111111100100010110110
111011111110101010110100 000100000010001000000001 111111111100100010110101
111011111110101010110100 000100000010000110000000 111111111100101100110100
111011111110101010110100 000100000010000101000000 111111111100101111110100
111011111110101010110100 000100000010000100100000 111111111100101110010100
111011111110101010110100 000100000010000100010000 111111111100101110100100
111011111110101010110100 000100000010000100001000 111111111100101110111100
111011111110101010110100 000100000010000100000100 111111111100101110110000
111011111110101010110100 000100000010000100000010 111111111100101110110110
111011111110101010110100 000100000010000100000001 111111111100101110110101
111011111110101010110100 000100000010000011000000 111111111100101001110100
111011111110101010110100 000100000010000010100000 111111111100101000010100
111011111110101010110100 000100000010000010010000 111111111100101000100100
111011111110101010110100 000100000010000010001000 111111111100101000111100
111011111110101010110100 000100000010000010000100 111111111100101000110000
111011111110101010110100 000100000010000010000010 111111111100101000110110
111011111110101010110100 000100000010000010000001 111111111100101000110101
111011111110101010110100 000100000010000001100000 111111111100101011010100
111011111110101010110100 000100000010000001010000 111111111100101011100100
111011111110101010110100 000100000010000001001000 111111111100101011111100
111011111110101010110100 000100000010000001000100 111111111100101011110000
111011111110101010110100 000100000010000001000010 111111111100101011110110
111011111110101010110100 000100000010000001000001 111111111100101011110101
111011111110101010110100 000100000010000000110000 111111111100101010000100
111011111110101010110100 000100000010000000101000 111111111100101010011100
111011111110101010110100 000100000010000000100100 111111111100101010010000
111011111110101010110100 000100000010000000100010 111111111100101010010110
111011111110101010110100 000100000010000000100001 111111111100101010010101
111011111110101010110100 000100000010000000011000 111111111100101010101100
111011111110101010110100 000100000010000000010100 111111111100101010100000
111011111110101010110100 000100000010000000010010 111111111100101010100110
111011111110101010110100 000100000010000000010001 111111111100101010100101
111011111110101010110100 000100000010000000001100 111111111100101010111000
111011111110101010110100 000100000010000000001010 111111111100101010111110
111011111110101010110100 000100000010000000001001 111111111100101010111101
111011111110101010110100 000100000010000000000110 111111111100101010110010
111011111110101010110100 000100000010000000000101 111111111100101010110001
111011111110101010110100 000100000010000000000011 111111111100101010110111
111011111110101010110100 000100000001110000000000 111111111111011010110100
111011111110101010110100 000100000001101000000000 111111111111000010110100
111011111110101010110100 000100000001100100000000 111111111111001110110100
111011111110101010110100 000100000001100010000000 111111111111001000110100
111011111110101010110100 000100000001100001000000 111111111111001011110100
111011111110101010110100 000100000001100000100000 111111111111001010010100
111011111110101010110100 000100000001100000010000 111111111111001010100100
111011111110101010110100 000100000001100000001000 111111111111001010111100
111011111110101010110100 000100000001100000000100 111111111111001010110000
111011111110101010110100 000100000001100000000010 111111111111001010110110
111011111110101010110100 000100000001100000000001 111111111111001010110101
111011111110101010110100 000100000001011000000000 111111111111110010110100
111011111110101010110100 000100000001010100000000 111111111111111110110100
111011111110101010110100 000100000001010010000000 111111111111111000110100
111011111110101010110100 000100000001010001000000 111111111111111011110100
111011111110101010110100 000100000001010000100000 111111111111111010010100
111011111110101010110100 000100000001010000010000 111111111111111010100100
111011111110101010110100 000100000001010000001000 111111111111111010111100
111011111110101010110100 000100000001010000000100 111111111111111010110000
111011111110101010110100 000100000001010000000010 111111111111111010110110
111011111110101010110100 000100000001010000000001 111111111111111010110101
111011111110101010110100 000100000001001100000000 111111111111100110110100
111011111110101010110100 000100000001001010000000 111111111111100000110100
111011111110101010110100 000100000001001001000000 111111111111100011110100
111011111110101010110100 000100000001001000100000 111111111111100010010100
111011111110101010110100 000100000001001000010000 111111111111100010100100
111011111110101010110100 000100000001001000001000 111111111111100010111100
111011111110101010110100 000100000001001000000100 111111111111100010110000
111011111110101010110100 000100000001001000000010 111111111111100010110110
111011111110101010110100 000100000001001000000001 111111111111100010110101
111011111110101010110100 000100000001000110000000 111111111111101100110100
111011111110101010110100 000100000001000101000000 111111111111101111110100
111011111110101010110100 000100000001000100100000 111111111111101110010100
111011111110101010110100 000100000001000100010000 111111111111101110100100
111011111110101010110100 000100000001000100001000 111111111111101110111100
111011111110101010110100 000100000001000100000100 111111111111101110110000
111011111110101010110100 000100000001000100000010 111111111111101110110110
111011111110101010110100 000100000001000100000001 111111111111101110110101
111011111110101010110100 000100000001000011000000 111111111111101001110100
111011111110101010110100 000100000001000010100000 111111111111101000010100
111011111110101010110100 000100000001000010010000 111111111111101000100100
111011111110101010110100 000100000001000010001000 111111111111101000111100
111011111110101010110100 000100000001000010000100 111111111111101000110000
111011111110101010110100 000100000001000010000010 111111111111101000110110
111011111110101010110100 000100000001000010000001 111111111111101000110101
111011111110101010110100 000100000001000001100000 111111111111101011010100
111011111110101010110100 000100000001000001010000 111111111111101011100100
111011111110101010110100 000100000001000001001000 111111111111101011111100
111011111110101010110100 000100000001000001000100 111111111111101011110000
111011111110101010110100 000100000001000001000010 111111111111101011110110
111011111110101010110100 000100000001000001000001 111111111111101011110101
111011111110101010110100 000100000001000000110000 111111111111101010000100
111011111110101010110100 000100000001000000101000 111111111111101010011100
111011111110101010110100 000100000001000000100100 111111111111101010010000
111011111110101010110100 000100000001000000100010 111111111111101010010110
111011111110101010110100 000100000001000000100001 111111111111101010010101
111011111110101010110100 000100000001000000011000 111111111111101010101100
111011111110101010110100 000100000001000000010100 111111111111101010100000
111011111110101010110100 000100000001000000010010 111111111111101010100110
111011111110101010110100 000100000001000000010001 111111111111101010100101
111011111110101010110100 000100000001000000001100 111111111111101010111000
111011111110101010110100 000100000001000000001010 111111111111101010111110
111011111110101010110100 000100000001000000001001 111111111111101010111101
111011111110101010110100 000100000001000000000110 111111111111101010110010
111011111110101010110100 000100000001000000000101 111111111111101010110001
111011111110101010110100 000100000001000000000011 111111111111101010110111
111011111110101010110100 000100000000111000000000 111111111110010010110100
111011111110101010110100 000100000000110100000000 111111111110011110110100
111011111110101010110100 000100000000110010000000 111111111110011000110100
111011111110101010110100 000100000000110001000000 111111111110011011110100
111011111110101010110100 000100000000110000100000 111111111110011010010100
111011111110101010110100 000100000000110000010000 111111111110011010100100
111011111110101010110100 000100000000110000001000 111111111110011010111100
111011111110101010110100 000100000000110000000100 111111111110011010110000
111011111110101010110100 000100000000110000000010 111111111110011010110110
111011111110101010110100 000100000000110000000001 111111111110011010110101
111011111110101010110100 000100000000101100000000 111111111110000110110100
111011111110101010110100 000100000000101010000000 111111111110000000110100
111011111110101010110100 000100000000101001000000 111111111110000011110100
111011111110101010110100 000100000000101000100000 111111111110000010010100
111011111110101010110100 000100000000101000010000 111111111110000010100100
111011111110101010110100 000100000000101000001000 111111111110000010111100
111011111110101010110100 000100000000101000000100 111111111110000010110000
111011111110101010110100 000100000000101000000010 111111111110000010110110
111011111110101010110100 000100000000101000000001 111111111110000010110101
111011111110101010110100 000100000000100110000000 111111111110001100110100
111011111110101010110100 000100000000100101000000 111111111110001111110100
111011111110101010110100 000100000000100100100000 111111111110001110010100
111011111110101010110100 000100000000100100010000 111111111110001110100100
111011111110101010110100 000100000000100100001000 111111111110001110111100
111011111110101010110100 000100000000100100000100 111111111110001110110000
111011111110101010110100 000100000000100100000010 111111111110001110110110
111011111110101010110100 000100000000100100000001 111111111110001110110101
111011111110101010110100 000100000000100011000000 111111111110001001110100
111011111110101010110100 000100000000100010100000 111111111110001000010100
111011111110101010110100 000100000000100010010000 111111111110001000100100
111011111110101010110100 000100000000100010001000 111111111110001000111100
111011111110101010110100 000100000000100010000100 111111111110001000110000
111011111110101010110100 000100000000100010000010 111111111110001000110110
111011111110101010110100 000100000000100010000001 111111111110001000110101
111011111110101010110100 000100000000100001100000 111111111110001011010100
111011111110101010110100 000100000000100001010000 111111111110001011100100
111011111110101010110100 000100000000100001001000 111111111110001011111100
111011111110101010110100 000100000000100001000100 111111111110001011110000
111011111110101010110100 000100000000100001000010 111111111110001011110110
111011111110101010110100 000100000000100001000001 111111111110001011110101
111011111110101010110100 000100000000100000110000 111111111110001010000100
111011111110101010110100 000100000000100000101000 111111111110001010011100
111011111110101010110100 000100000000100000100100 111111111110001010010000
111011111110101010110100 000100000000100000100010 111111111110001010010110
111011111110101010110100 000100000000100000100001 111111111110001010010101
111011111110101010110100 000100000000100000011000 111111111110001010101100
111011111110101010110100 000100000000100000010100 111111111110001010100000
111011111110101010110100 000100000000100000010010 111111111110001010100110
111011111110101010110100 000100000000100000010001 111111111110001010100101
111011111110101010110100 000100000000100000001100 111111111110001010111000
111011111110101010110100 000100000000100000001010 111111111110001010111110
111011111110101010110100 000100000000100000001001 111111111110001010111101
111011111110101010110100 000100000000100000000110 111111111110001010110010
111011111110101010110100 000100000000100000000101 111111111110001010110001
111011111110101010110100 000100000000100000000011 111111111110001010110111
111011111110101010110100 000100000000011100000000 111111111110110110110100
111011111110101010110100 000100000000011010000000 111111111110110000110100
111011111110101010110100 000100000000011001000000 111111111110110011110100
111011111110101010110100 000100000000011000100000 111111111110110010010100
111011111110101010110100 000100000000011000010000 111111111110110010100100
111011111110101010110100 000100000000011000001000 111111111110110010111100
111011111110101010110100 000100000000011000000100 111111111110110010110000
111011111110101010110100 000100000000011000000010 111111111110110010110110
111011111110101010110100 000100000000011000000001 111111111110110010110101
111011111110101010110100 000100000000010110000000 111111111110111100110100
111011111110101010110100 000100000000010101000000 111111111110111111110100
111011111110101010110100 000100000000010100100000 111111111110111110010100
111011111110101010110100 000100000000010100010000 111111111110111110100100
111011111110101010110100 000100000000010100001000 111111111110111110111100
111011111110101010110100 000100000000010100000100 111111111110111110110000
111011111110101010110100 000100000000010100000010 111111111110111110110110
111011111110101010110100 000100000000010100000001 111111111110111110110101
111011111110101010110100 000100000000010011000000 111111111110111001110100
111011111110101010110100 000100000000010010100000 111111111110111000010100
111011111110101010110100 000100000000010010010000 111111111110111000100100
111011111110101010110100 000100000000010010001000 111111111110111000111100
111011111110101010110100 000100000000010010000100 111111111110111000110000
111011111110101010110100 000100000000010010000010 111111111110111000110110
111011111110101010110100 000100000000010010000001 111111111110111000110101
111011111110101010110100 000100000000010001100000 111111111110111011010100
111011111110101010110100 000100000000010001010000 111111111110111011100100
111011111110101010110100 000100000000010001001000 111111111110111011111100
111011111110101010110100 000100000000010001000100 111111111110111011110000
111011111110101010110100 000100000000010001000010 111111111110111011110110
111011111110101010110100 000100000000010001000001 111111111110111011110101
111011111110101010110100 000100000000010000110000 111111111110111010000100
111011111110101010110100 000100000000010000101000 111111111110111010011100
111011111110101010110100 000100000000010000100100 111111111110111010010000
111011111110101010110100 000100000000010000100010 111111111110111010010110
111011111110101010110100 000100000000010000100001 111111111110111010010101
111011111110101010110100 000100000000010000011000 111111111110111010101100
111011111110101010110100 000100000000010000010100 111111111110111010100000
111011111110101010110100 000100000000010000010010 111111111110111010100110
111011111110101010110100 000100000000010000010001 111111111110111010100101
111011111110101010110100 000100000000010000001100 111111111110111010111000
111011111110101010110100 000100000000010000001010 111111111110111010111110
111011111110101010110100 000100000000010000001001 111111111110111010111101
111011111110101010110100 000100000000010000000110 111111111110111010110010
111011111110101010110100 000100000000010000000101 111111111110111010110001
111011111110101010110100 000100000000010000000011 111111111110111010110111
111011111110101010110100 000100000000001110000000 111111111110100100110100
111011111110101010110100 000100000000001101000000 111111111110100111110100
111011111110101010110100 000100000000001100100000 111111111110100110010100
111011111110101010110100 000100000000001100010000 111111111110100110100100
111011111110101010110100 000100000000001100001000 111111111110100110111100
111011111110101010110100 000100000000001100000100 111111111110100110110000
111011111110101010110100 000100000000001100000010 111111111110100110110110
111011111110101010110100 000100000000001100000001 111111111110100110110101
111011111110101010110100 000100000000001011000000 111111111110100001110100
111011111110101010110100 000100000000001010100000 111111111110100000010100
111011111110101010110100 000100000000001010010000 111111111110100000100100
111011111110101010110100 000100000000001010001000 111111111110100000111100
111011111110101010110100 000100000000001010000100 111111111110100000110000
111011111110101010110100 000100000000001010000010 111111111110100000110110
111011111110101010110100 000100000000001010000001 111111111110100000110101
111011111110101010110100 000100000000001001100000 111111111110100011010100
111011111110101010110100 000100000000001001010000 111111111110100011100100
111011111110101010110100 000100000000001001001000 111111111110100011111100
111011111110101010110100 000100000000001001000100 111111111110100011110000
111011111110101010110100 000100000000001001000010 111111111110100011110110
111011111110101010110100 000100000000001001000001 111111111110100011110101
111011111110101010110100 000100000000001000110000 111111111110100010000100
111011111110101010110100 000100000000001000101000 111111111110100010011100
111011111110101010110100 000100000000001000100100 111111111110100010010000
111011111110101010110100 000100000000001000100010 111111111110100010010110
111011111110101010110100 000100000000001000100001 111111111110100010010101
111011111110101010110100 000100000000001000011000 111111111110100010101100
111011111110101010110100 000100000000001000010100 111111111110100010100000
111011111110101010110100 000100000000001000010010 111111111110100010100110
111011111110101010110100 000100000000001000010001 111111111110100010100101
111011111110101010110100 000100000000001000001100 111111111110100010111000
111011111110101010110100 000100000000001000001010 111111111110100010111110
111011111110101010110100 000100000000001000001001 111111111110100010111101
111011111110101010110100 000100000000001000000110 111111111110100010110010
111011111110101010110100 000100000000001000000101 111111111110100010110001
111011111110101010110100 000100000000001000000011 111111111110100010110111
111011111110101010110100 000100000000000111000000 111111111110101101110100
111011111110101010110100 000100000000000110100000 111111111110101100010100
111011111110101010110100 000100000000000110010000 111111111110101100100100
111011111110101010110100 000100000000000110001000 111111111110101100111100
111011111110101010110100 000100000000000110000100 111111111110101100110000
111011111110101010110100 000100000000000110000010 111111111110101100110110
111011111110101010110100 000100000000000110000001 111111111110101100110101
111011111110101010110100 000100000000000101100000 111111111110101111010100
111011111110101010110100 000100000000000101010000 111111111110101111100100
111011111110101010110100 000100000000000101001000 111111111110101111111100
111011111110101010110100 000100000000000101000100 111111111110101111110000
111011111110101010110100 000100000000000101000010 111111111110101111110110
111011111110101010110100 000100000000000101000001 111111111110101111110101
111011111110101010110100 000100000000000100110000 111111111110101110000100
111011111110101010110100 000100000000000100101000 111111111110101110011100
111011111110101010110100 000100000000000100100100 111111111110101110010000
111011111110101010110100 000100000000000100100010 111111111110101110010110
111011111110101010110100 000100000000000100100001 111111111110101110010101
111011111110101010110100 000100000000000100011000 111111111110101110101100
111011111110101010110100 000100000000000100010100 111111111110101110100000
111011111110101010110100 000100000000000100010010 111111111110101110100110
111011111110101010110100 000100000000000100010001 111111111110101110100101
111011111110101010110100 000100000000000100001100 111111111110101110111000
111011111110101010110100 000100000000000100001010 111111111110101110111110
111011111110101010110100 000100000000000100001001 111111111110101110111101
111011111110101010110100 000100000000000100000110 111111111110101110110010
111011111110101010110100 000100000000000100000101 111111111110101110110001
111011111110101010110100 000100000000000100000011 111111111110101110110111
111011111110101010110100 000100000000000011100000 111111111110101001010100
111011111110101010110100 000100000000000011010000 111111111110101001100100
111011111110101010110100 000100000000000011001000 111111111110101001111100
111011111110101010110100 000100000000000011000100 111111111110101001110000
111011111110101010110100 000100000000000011000010 111111111110101001110110
111011111110101010110100 000100000000000011000001 111111111110101001110101
111011111110101010110100 000100000000000010110000 111111111110101000000100
111011111110101010110100 000100000000000010101000 111111111110101000011100
111011111110101010110100 000100000000000010100100 111111111110101000010000
111011111110101010110100 000100000000000010100010 111111111110101000010110
111011111110101010110100 000100000000000010100001 111111111110101000010101
111011111110101010110100 000100000000000010011000 111111111110101000101100
111011111110101010110100 000100000000000010010100 111111111110101000100000
111011111110101010110100 000100000000000010010010 111111111110101000100110
111011111110101010110100 000100000000000010010001 111111111110101000100101
111011111110101010110100 000100000000000010001100 111111111110101000111000
111011111110101010110100 000100000000000010001010 111111111110101000111110
111011111110101010110100 000100000000000010001001 111111111110101000111101
111011111110101010110100 000100000000000010000110 111111111110101000110010
111011111110101010110100 000100000000000010000101 111111111110101000110001
111011111110101010110100 000100000000000010000011 111111111110101000110111
111011111110101010110100 000100000000000001110000 111111111110101011000100
111011111110101010110100 000100000000000001101000 111111111110101011011100
111011111110101010110100 000100000000000001100100 111111111110101011010000
111011111110101010110100 000100000000000001100010 111111111110101011010110
111011111110101010110100 000100000000000001100001 111111111110101011010101
111011111110101010110100 000100000000000001011000 111111111110101011101100
111011111110101010110100 000100000000000001010100 111111111110101011100000
111011111110101010110100 000100000000000001010010 111111111110101011100110
111011111110101010110100 000100000000000001010001 111111111110101011100101
111011111110101010110100 000100000000000001001100 111111111110101011111000
111011111110101010110100 000100000000000001001010 111111111110101011111110
111011111110101010110100 000100000000000001001001 111111111110101011111101
111011111110101010110100 000100000000000001000110 111111111110101011110010
111011111110101010110100 000100000000000001000101 111111111110101011110001
111011111110101010110100 000100000000000001000011 111111111110101011110111
111011111110101010110100 000100000000000000111000 111111111110101010001100
111011111110101010110100 000100000000000000110100 111111111110101010000000
111011111110101010110100 000100000000000000110010 111111111110101010000110
111011111110101010110100 000100000000000000110001 111111111110101010000101
111011111110101010110100 000100000000000000101100 111111111110101010011000
111011111110101010110100 000100000000000000101010 111111111110101010011110
111011111110101010110100 000100000000000000101001 111111111110101010011101
111011111110101010110100 000100000000000000100110 111111111110101010010010
111011111110101010110100 000100000000000000100101 111111111110101010010001
111011111110101010110100 000100000000000000100011 111111111110101010010111
111011111110101010110100 000100000000000000011100 111111111110101010101000
111011111110101010110100 000100000000000000011010 111111111110101010101110
111011111110101010110100 000100000000000000011001 111111111110101010101101
111011111110101010110100 000100000000000000010110 111111111110101010100010
111011111110101010110100 000100000000000000010101 111111111110101010100001
111011111110101010110100 000100000000000000010011 111111111110101010100111
111011111110101010110100 000100000000000000001110 111111111110101010111010
111011111110101010110100 000100000000000000001101 111111111110101010111001
111011111110101010110100 000100000000000000001011 111111111110101010111111
111011111110101010110100 000100000000000000000111 111111111110101010110011
111011111110101010110100 000011110000000000000000 111000001110101010110100
111011111110101010110100 000011101000000000000000 111000010110101010110100
111011111110101010110100 000011100100000000000000 111000011010101010110100
111011111110101010110100 000011100010000000000000 111000011100101010110100
111011111110101010110100 000011100001000000000000 111000011111101010110100
111011111110101010110100 000011100000100000000000 111000011110001010110100
111011111110101010110100 000011100000010000000000 111000011110111010110100
111011111110101010110100 000011100000001000000000 111000011110100010110100
111011111110101010110100 000011100000000100000000 111000011110101110110100
111011111110101010110100 000011100000000010000000 111000011110101000110100
111011111110101010110100 000011100000000001000000 111000011110101011110100
111011111110101010110100 000011100000000000100000 111000011110101010010100
111011111110101010110100 000011100000000000010000 111000011110101010100100
111011111110101010110100 000011100000000000001000 111000011110101010111100
111011111110101010110100 000011100000000000000100 111000011110101010110000
111011111110101010110100 000011100000000000000010 111000011110101010110110
111011111110101010110100 000011100000000000000001 111000011110101010110101
111011111110101010110100 000011011000000000000000 111000100110101010110100
111011111110101010110100 000011010100000000000000 111000101010101010110100
111011111110101010110100 000011010010000000000000 111000101100101010110100
111011111110101010110100 000011010001000000000000 111000101111101010110100
111011111110101010110100 000011010000100000000000 111000101110001010110100
111011111110101010110100 000011010000010000000000 111000101110111010110100
111011111110101010110100 000011010000001000000000 111000101110100010110100
111011111110101010110100 000011010000000100000000 111000101110101110110100
111011111110101010110100 000011010000000010000000 111000101110101000110100
111011111110101010110100 000011010000000001000000 111000101110101011110100
111011111110101010110100 000011010000000000100000 111000101110101010010100
111011111110101010110100 000011010000000000010000 111000101110101010100100
111011111110101010110100 000011010000000000001000 111000101110101010111100
111011111110101010110100 000011010000000000000100 111000101110101010110000
111011111110101010110100 000011010000000000000010 111000101110101010110110
111011111110101010110100 000011010000000000000001 111000101110101010110101
111011111110101010110100 000011001100000000000000 111000110010101010110100
111011111110101010110100 000011001010000000000000 111000110100101010110100
111011111110101010110100 000011001001000000000000 111000110111101010110100
111011111110101010110100 000011001000100000000000 111000110110001010110100
111011111110101010110100 000011001000010000000000 111000110110111010110100
111011111110101010110100 000011001000001000000000 111000110110100010110100
111011111110101010110100 000011001000000100000000 111000110110101110110100
111011111110101010110100 000011001000000010000000 111000110110101000110100
111011111110101010110100 000011001000000001000000 111000110110101011110100
111011111110101010110100 000011001000000000100000 111000110110101010010100
111011111110101010110100 000011001000000000010000 111000110110101010100100
111011111110101010110100 000011001000000000001000 111000110110101010111100
111011111110101010110100 000011001000000000000100 111000110110101010110000
111011111110101010110100 000011001000000000000010 111000110110101010110110
111011111110101010110100 000011001000000000000001 111000110110101010110101
111011111110101010110100 000011000110000000000000 111000111000101010110100
111011111110101010110100 000011000101000000000000 111000111011101010110100
111011111110101010110100 000011000100100000000000 111000111010001010110100
111011111110101010110100 000011000100010000000000 111000111010111010110100
111011111110101010110100 000011000100001000000000 111000111010100010110100
111011111110101010110100 000011000100000100000000 111000111010101110110100
111011111110101010110100 000011000100000010000000 111000111010101000110100
111011111110101010110100 000011000100000001000000 111000111010101011110100
111011111110101010110100 000011000100000000100000 111000111010101010010100
111011111110101010110100 000011000100000000010000 111000111010101010100100
111011111110101010110100 000011000100000000001000 111000111010101010111100
111011111110101010110100 000011000100000000000100 111000111010101010110000
111011111110101010110100 000011000100000000000010 111000111010101010110110
111011111110101010110100 000011000100000000000001 111000111010101010110101
111011111110101010110100 000011000011000000000000 111000111101101010110100
111011111110101010110100 000011000010100000000000 111000111100001010110100
111011111110101010110100 000011000010010000000000 111000111100111010110100
111011111110101010110100 000011000010001000000000 111000111100100010110100
111011111110101010110100 000011000010000100000000 111000111100101110110100
111011111110101010110100 000011000010000010000000 111000111100101000110100
111011111110101010110100 000011000010000001000000 111000111100101011110100
111011111110101010110100 000011000010000000100000 111000111100101010010100
111011111110101010110100 000011000010000000010000 111000111100101010100100
111011111110101010110100 000011000010000000001000 111000111100101010111100
111011111110101010110100 000011000010000000000100 111000111100101010110000
111011111110101010110100 000011000010000000000010 111000111100101010110110
111011111110101010110100 000011000010000000000001 111000111100101010110101
111011111110101010110100 000011000001100000000000 111000111111001010110100
111011111110101010110100 000011000001010000000000 111000111111111010110100
111011111110101010110100 000011000001001000000000 111000111111100010110100
111011111110101010110100 000011000001000100000000 111000111111101110110100
111011111110101010110100 000011000001000010000000 111000111111101000110100
111011111110101010110100 000011000001000001000000 111000111111101011110100
111011111110101010110100 000011000001000000100000 111000111111101010010100
111011111110101010110100 000011000001000000010000 111000111111101010100100
111011111110101010110100 000011000001000000001000 111000111111101010111100
111011111110101010110100 000011000001000000000100 111000111111101010110000
111011111110101010110100 000011000001000000000010 111000111111101010110110
111011111110101010110100 000011000001000000000001 111000111111101010110101
111011111110101010110100 000011000000110000000000 111000111110011010110100
111011111110101010110100 000011000000101000000000 111000111110000010110100
111011111110101010110100 000011000000100100000000 111000111110001110110100
111011111110101010110100 000011000000100010000000 111000111110001000110100
111011111110101010110100 000011000000100001000000 111000111110001011110100
111011111110101010110100 000011000000100000100000 111000111110001010010100
111011111110101010110100 000011000000100000010000 111000111110001010100100
111011111110101010110100 000011000000100000001000 111000111110001010111100
111011111110101010110100 000011000000100000000100 111000111110001010110000
111011111110101010110100 000011000000100000000010 111000111110001010110110
111011111110101010110100 000011000000100000000001 111000111110001010110101
111011111110101010110100 000011000000011000000000 111000111110110010110100
111011111110101010110100 000011000000010100000000 111000111110111110110100
111011111110101010110100 000011000000010010000000 111000111110111000110100
111011111110101010110100 000011000000010001000000 111000111110111011110100
111011111110101010110100 000011000000010000100000 111000111110111010010100
111011111110101010110100 000011000000010000010000 111000111110111010100100
111011111110101010110100 000011000000010000001000 111000111110111010111100
111011111110101010110100 000011000000010000000100 111000111110111010110000
111011111110101010110100 000011000000010000000010 111000111110111010110110
111011111110101010110100 000011000000010000000001 111000111110111010110101
111011111110101010110100 000011000000001100000000 111000111110100110110100
111011111110101010110100 000011000000001010000000 111000111110100000110100
111011111110101010110100 000011000000001001000000 111000111110100011110100
111011111110101010110100 000011000000001000100000 111000111110100010010100
111011111110101010110100 000011000000001000010000 111000111110100010100100
111011111110101010110100 000011000000001000001000 111000111110100010111100
111011111110101010110100 000011000000001000000100 111000111110100010110000
111011111110101010110100 000011000000001000000010 111000111110100010110110
111011111110101010110100 000011000000001000000001 111000111110100010110101
111011111110101010110100 000011000000000110000000 111000111110101100110100
111011111110101010110100 000011000000000101000000 111000111110101111110100
111011111110101010110100 000011000000000100100000 111000111110101110010100
111011111110101010110100 000011000000000100010000 111000111110101110100100
111011111110101010110100 000011000000000100001000 111000111110101110111100
111011111110101010110100 000011000000000100000100 111000111110101110110000
111011111110101010110100 000011000000000100000010 111000111110101110110110
111011111110101010110100 000011000000000100000001 111000111110101110110101
111011111110101010110100 000011000000000011000000 111000111110101001110100
111011111110101010110100 000011000000000010100000 111000111110101000010100
111011111110101010110100 000011000000000010010000 111000111110101000100100
111011111110101010110100 000011000000000010001000 111000111110101000111100
111011111110101010110100 000011000000000010000100 111000111110101000110000
111011111110101010110100 000011000000000010000010 111000111110101000110110
111011111110101010110100 000011000000000010000001 111000111110101000110101
111011111110101010110100 000011000000000001100000 111000111110101011010100
111011111110101010110100 000011000000000001010000 111000111110101011100100
111011111110101010110100 000011000000000001001000 111000111110101011111100
111011111110101010110100 000011000000000001000100 111000111110101011110000
111011111110101010110100 000011000000000001000010 111000111110101011110110
111011111110101010110100 000011000000000001000001 111000111110101011110101
111011111110101010110100 000011000000000000110000 111000111110101010000100
111011111110101010110100 000011000000000000101000 111000111110101010011100
111011111110101010110100 000011000000000000100100 111000111110101010010000
111011111110101010110100 000011000000000000100010 111000111110101010010110
111011111110101010110100 000011000000000000100001 111000111110101010010101
111011111110101010110100 000011000000000000011000 111000111110101010101100
111011111110101010110100 000011000000000000010100 111000111110101010100000
111011111110101010110100 000011000000000000010010 111000111110101010100110
111011111110101010110100 000011000000000000010001 111000111110101010100101
111011111110101010110100 000011000000000000001100 111000111110101010111000
111011111110101010110100 000011000000000000001010 111000111110101010111110
111011111110101010110100 000011000000000000001001 111000111110101010111101
111011111110101010110100 000011000000000000000110 111000111110101010110010
111011111110101010110100 000011000000000000000101 111000111110101010110001
111011111110101010110100 000011000000000000000011 111000111110101010110111
111011111110101010110100 000010111000000000000000 111001000110101010110100
111011111110101010110100 000010110100000000000000 111001001010101010110100
111011111110101010110100 000010110010000000000000 111001001100101010110100
111011111110101010110100 000010110001000000000000 111001001111101010110100
111011111110101010110100 000010110000100000000000 111001001110001010110100
111011111110101010110100 000010110000010000000000 111001001110111010110100
111011111110101010110100 000010110000001000000000 111001001110100010110100
111011111110101010110100 000010110000000100000000 111001001110101110110100
111011111110101010110100 000010110000000010000000 111001001110101000110100
111011111110101010110100 000010110000000001000000 111001001110101011110100
111011111110101010110100 000010110000000000100000 111001001110101010010100
111011111110101010110100 000010110000000000010000 111001001110101010100100
111011111110101010110100 000010110000000000001000 111001001110101010111100
111011111110101010110100 000010110000000000000100 111001001110101010110000
111011111110101010110100 000010110000000000000010 111001001110101010110110
111011111110101010110100 000010110000000000000001 111001001110101010110101
111011111110101010110100 000010101100000000000000 111001010010101010110100
111011111110101010110100 000010101010000000000000 111001010100101010110100
111011111110101010110100 000010101001000000000000 111001010111101010110100
111011111110101010110100 000010101000100000000000 111001010110001010110100
111011111110101010110100 000010101000010000000000 111001010110111010110100
111011111110101010110100 000010101000001000000000 111001010110100010110100
111011111110101010110100 000010101000000100000000 111001010110101110110100
111011111110101010110100 000010101000000010000000 111001010110101000110100
111011111110101010110100 000010101000000001000000 111001010110101011110100
111011111110101010110100 000010101000000000100000 111001010110101010010100
111011111110101010110100 000010101000000000010000 111001010110101010100100
111011111110101010110100 000010101000000000001000 111001010110101010111100
111011111110101010110100 000010101000000000000100 111001010110101010110000
111011111110101010110100 000010101000000000000010 111001010110101010110110
111011111110101010110100 000010101000000000000001 111001010110101010110101
111011111110101010110100 000010100110000000000000 111001011000101010110100
111011111110101010110100 000010100101000000000000 111001011011101010110100
111011111110101010110100 000010100100100000000000 111001011010001010110100
111011111110101010110100 000010100100010000000000 111001011010111010110100
111011111110101010110100 000010100100001000000000 111001011010100010110100
111011111110101010110100 000010100100000100000000 111001011010101110110100
111011111110101010110100 000010100100000010000000 111001011010101000110100
111011111110101010110100 000010100100000001000000 111001011010101011110100
111011111110101010110100 000010100100000000100000 111001011010101010010100
111011111110101010110100 000010100100000000010000 111001011010101010100100
111011111110101010110100 000010100100000000001000 111001011010101010111100
111011111110101010110100 000010100100000000000100 111001011010101010110000
111011111110101010110100 000010100100000000000010 111001011010101010110110
111011111110101010110100 000010100100000000000001 111001011010101010110101
111011111110101010110100 000010100011000000000000 111001011101101010110100
111011111110101010110100 000010100010100000000000 111001011100001010110100
111011111110101010110100 000010100010010000000000 111001011100111010110100
111011111110101010110100 000010100010001000000000 111001011100100010110100
111011111110101010110100 000010100010000100000000 111001011100101110110100
111011111110101010110100 000010100010000010000000 111001011100101000110100
111011111110101010110100 000010100010000001000000 111001011100101011110100
111011111110101010110100 000010100010000000100000 111001011100101010010100
111011111110101010110100 000010100010000000010000 111001011100101010100100
111011111110101010110100 000010100010000000001000 111001011100101010111100
111011111110101010110100 000010100010000000000100 111001011100101010110000
111011111110101010110100 000010100010000000000010 111001011100101010110110
111011111110101010110100 000010100010000000000001 111001011100101010110101
111011111110101010110100 000010100001100000000000 111001011111001010110100
111011111110101010110100 000010100001010000000000 111001011111111010110100
111011111110101010110100 000010100001001000000000 111001011111100010110100
111011111110101010110100 000010100001000100000000 111001011111101110110100
111011111110101010110100 000010100001000010000000 111001011111101000110100
111011111110101010110100 000010100001000001000000 111001011111101011110100
111011111110101010110100 000010100001000000100000 111001011111101010010100
111011111110101010110100 000010100001000000010000 111001011111101010100100
111011111110101010110100 000010100001000000001000 111001011111101010111100
111011111110101010110100 000010100001000000000100 111001011111101010110000
111011111110101010110100 000010100001000000000010 111001011111101010110110
111011111110101010110100 000010100001000000000001 111001011111101010110101
111011111110101010110100 000010100000110000000000 111001011110011010110100
111011111110101010110100 000010100000101000000000 111001011110000010110100
111011111110101010110100 000010100000100100000000 111001011110001110110100
111011111110101010110100 000010100000100010000000 111001011110001000110100
111011111110101010110100 000010100000100001000000 111001011110001011110100
111011111110101010110100 000010100000100000100000 111001011110001010010100
111011111110101010110100 000010100000100000010000 111001011110001010100100
111011111110101010110100 000010100000100000001000 111001011110001010111100
111011111110101010110100 000010100000100000000100 111001011110001010110000
111011111110101010110100 000010100000100000000010 111001011110001010110110
111011111110101010110100 000010100000100000000001 111001011110001010110101
111011111110101010110100 000010100000011000000000 111001011110110010110100
111011111110101010110100 000010100000010100000000 111001011110111110110100
111011111110101010110100 000010100000010010000000 111001011110111000110100
111011111110101010110100 000010100000010001000000 111001011110111011110100
111011111110101010110100 000010100000010000100000 111001011110111010010100
111011111110101010110100 000010100000010000010000 111001011110111010100100
111011111110101010110100 000010100000010000001000 111001011110111010111100
111011111110101010110100 000010100000010000000100 111001011110111010110000
111011111110101010110100 000010100000010000000010 111001011110111010110110
111011111110101010110100 000010100000010000000001 111001011110111010110101
111011111110101010110100 000010100000001100000000 111001011110100110110100
111011111110101010110100 000010100000001010000000 111001011110100000110100
111011111110101010110100 000010100000001001000000 111001011110100011110100
111011111110101010110100 000010100000001000100000 111001011110100010010100
111011111110101010110100 000010100000001000010000 111001011110100010100100
111011111110101010110100 000010100000001000001000 111001011110100010111100
111011111110101010110100 000010100000001000000100 111001011110100010110000
111011111110101010110100 000010100000001000000010 111001011110100010110110
111011111110101010110100 000010100000001000000001 111001011110100010110101
111011111110101010110100 000010100000000110000000 111001011110101100110100
111011111110101010110100 000010100000000101000000 111001011110101111110100
111011111110101010110100 000010100000000100100000 111001011110101110010100
111011111110101010110100 000010100000000100010000 111001011110101110100100
111011111110101010110100 000010100000000100001000 111001011110101110111100
111011111110101010110100 000010100000000100000100 111001011110101110110000
111011111110101010110100 000010100000000100000010 111001011110101110110110
111011111110101010110100 000010100000000100000001 111001011110101110110101
111011111110101010110100 000010100000000011000000 111001011110101001110100
111011111110101010110100 000010100000000010100000 111001011110101000010100
111011111110101010110100 000010100000000010010000 111001011110101000100100
111011111110101010110100 000010100000000010001000 111001011110101000111100
111011111110101010110100 000010100000000010000100 111001011110101000110000
111011111110101010110100 000010100000000010000010 111001011110101000110110
111011111110101010110100 000010100000000010000001 111001011110101000110101
111011111110101010110100 000010100000000001100000 111001011110101011010100
111011111110101010110100 000010100000000001010000 111001011110101011100100
111011111110101010110100 000010100000000001001000 111001011110101011111100
111011111110101010110100 000010100000000001000100 111001011110101011110000
111011111110101010110100 000010100000000001000010 111001011110101011110110
111011111110101010110100 000010100000000001000001 111001011110101011110101
111011111110101010110100 000010100000000000110000 111001011110101010000100
111011111110101010110100 000010100000000000101000 111001011110101010011100
111011111110101010110100 000010100000000000100100 111001011110101010010000
111011111110101010110100 000010100000000000100010 111001011110101010010110
111011111110101010110100 000010100000000000100001 111001011110101010010101
111011111110101010110100 000010100000000000011000 111001011110101010101100
111011111110101010110100 000010100000000000010100 111001011110101010100000
111011111110101010110100 000010100000000000010010 111001011110101010100110
111011111110101010110100 000010100000000000010001 111001011110101010100101
111011111110101010110100 000010100000000000001100 111001011110101010111000
111011111110101010110100 000010100000000000001010 111001011110101010111110
111011111110101010110100 000010100000000000001001 111001011110101010111101
111011111110101010110100 000010100000000000000110 111001011110101010110010
111011111110101010110100 000010100000000000000101 111001011110101010110001
111011111110101010110100 000010100000000000000011 111001011110101010110111
111011111110101010110100 000010011100000000000000 111001100010101010110100
111011111110101010110100 000010011010000000000000 111001100100101010110100
111011111110101010110100 000010011001000000000000 111001100111101010110100
111011111110101010110100 000010011000100000000000 111001100110001010110100
111011111110101010110100 000010011000010000000000 111001100110111010110100
111011111110101010110100 000010011000001000000000 111001100110100010110100
111011111110101010110100 000010011000000100000000 111001100110101110110100
111011111110101010110100 000010011000000010000000 111001100110101000110100
111011111110101010110100 000010011000000001000000 111001100110101011110100
111011111110101010110100 000010011000000000100000 111001100110101010010100
111011111110101010110100 000010011000000000010000 111001100110101010100100
111011111110101010110100 000010011000000000001000 111001100110101010111100
111011111110101010110100 000010011000000000000100 111001100110101010110000
111011111110101010110100 000010011000000000000010 111001100110101010110110
111011111110101010110100 000010011000000000000001 111001100110101010110101
111011111110101010110100 000010010110000000000000 111001101000101010110100
111011111110101010110100 000010010101000000000000 111001101011101010110100
111011111110101010110100 000010010100100000000000 111001101010001010110100
111011111110101010110100 000010010100010000000000 111001101010111010110100
111011111110101010110100 000010010100001000000000 111001101010100010110100
111011111110101010110100 000010010100000100000000 111001101010101110110100
111011111110101010110100 000010010100000010000000 111001101010101000110100
111011111110101010110100 000010010100000001000000 111001101010101011110100
111011111110101010110100 000010010100000000100000 111001101010101010010100
111011111110101010110100 000010010100000000010000 111001101010101010100100
111011111110101010110100 000010010100000000001000 111001101010101010111100
111011111110101010110100 000010010100000000000100 111001101010101010110000
111011111110101010110100 000010010100000000000010 111001101010101010110110
111011111110101010110100 000010010100000000000001 111001101010101010110101
111011111110101010110100 000010010011000000000000 111001101101101010110100
111011111110101010110100 000010010010100000000000 111001101100001010110100
111011111110101010110100 000010010010010000000000 111001101100111010110100
111011111110101010110100 000010010010001000000000 111001101100100010110100
111011111110101010110100 000010010010000100000000 111001101100101110110100
111011111110101010110100 000010010010000010000000 111001101100101000110100
111011111110101010110100 000010010010000001000000 111001101100101011110100
111011111110101010110100 000010010010000000100000 111001101100101010010100
111011111110101010110100 000010010010000000010000 111001101100101010100100
111011111110101010110100 000010010010000000001000 111001101100101010111100
111011111110101010110100 000010010010000000000100 111001101100101010110000
111011111110101010110100 000010010010000000000010 111001101100101010110110
111011111110101010110100 000010010010000000000001 111001101100101010110101
111011111110101010110100 000010010001100000000000 111001101111001010110100
111011111110101010110100 000010010001010000000000 111001101111111010110100
111011111110101010110100 000010010001001000000000 111001101111100010110100
111011111110101010110100 000010010001000100000000 111001101111101110110100
111011111110101010110100 000010010001000010000000 111001101111101000110100
111011111110101010110100 000010010001000001000000 111001101111101011110100
111011111110101010110100 000010010001000000100000 111001101111101010010100
111011111110101010110100 000010010001000000010000 111001101111101010100100
111011111110101010110100 000010010001000000001000 111001101111101010111100
111011111110101010110100 000010010001000000000100 111001101111101010110000
111011111110101010110100 000010010001000000000010 111001101111101010110110
111011111110101010110100 000010010001000000000001 111001101111101010110101
111011111110101010110100 000010010000110000000000 111001101110011010110100
111011111110101010110100 000010010000101000000000 111001101110000010110100
111011111110101010110100 000010010000100100000000 111001101110001110110100
111011111110101010110100 000010010000100010000000 111001101110001000110100
111011111110101010110100 000010010000100001000000 111001101110001011110100
111011111110101010110100 000010010000100000100000 111001101110001010010100
111011111110101010110100 000010010000100000010000 111001101110001010100100
111011111110101010110100 000010010000100000001000 111001101110001010111100
111011111110101010110100 000010010000100000000100 111001101110001010110000
111011111110101010110100 000010010000100000000010 111001101110001010110110
111011111110101010110100 000010010000100000000001 111001101110001010110101
111011111110101010110100 000010010000011000000000 111001101110110010110100
111011111110101010110100 000010010000010100000000 111001101110111110110100
111011111110101010110100 000010010000010010000000 111001101110111000110100
111011111110101010110100 000010010000010001000000 111001101110111011110100
111011111110101010110100 000010010000010000100000 111001101110111010010100
111011111110101010110100 000010010000010000010000 111001101110111010100100
111011111110101010110100 000010010000010000001000 111001101110111010111100
111011111110101010110100 000010010000010000000100 111001101110111010110000
111011111110101010110100 000010010000010000000010 111001101110111010110110
111011111110101010110100 000010010000010000000001 111001101110111010110101
111011111110101010110100 000010010000001100000000 111001101110100110110100
111011111110101010110100 000010010000001010000000 111001101110100000110100
111011111110101010110100 000010010000001001000000 111001101110100011110100
111011111110101010110100 000010010000001000100000 111001101110100010010100
111011111110101010110100 000010010000001000010000 111001101110100010100100
111011111110101010110100 000010010000001000001000 111001101110100010111100
111011111110101010110100 000010010000001000000100 111001101110100010110000
111011111110101010110100 000010010000001000000010 111001101110100010110110
111011111110101010110100 000010010000001000000001 111001101110100010110101
111011111110101010110100 000010010000000110000000 111001101110101100110100
111011111110101010110100 000010010000000101000000 111001101110101111110100
111011111110101010110100 000010010000000100100000 111001101110101110010100
111011111110101010110100 000010010000000100010000 111001101110101110100100
111011111110101010110100 000010010000000100001000 111001101110101110111100
111011111110101010110100 000010010000000100000100 111001101110101110110000
111011111110101010110100 000010010000000100000010 111001101110101110110110
111011111110101010110100 000010010000000100000001 111001101110101110110101
111011111110101010110100 000010010000000011000000 111001101110101001110100
111011111110101010110100 000010010000000010100000 111001101110101000010100
111011111110101010110100 000010010000000010010000 111001101110101000100100
111011111110101010110100 000010010000000010001000 111001101110101000111100
111011111110101010110100 000010010000000010000100 111001101110101000110000
111011111110101010110100 000010010000000010000010 111001101110101000110110
111011111110101010110100 000010010000000010000001 111001101110101000110101
111011111110101010110100 000010010000000001100000 111001101110101011010100
111011111110101010110100 000010010000000001010000 111001101110101011100100
111011111110101010110100 000010010000000001001000 111001101110101011111100
111011111110101010110100 000010010000000001000100 111001101110101011110000
111011111110101010110100 000010010000000001000010 111001101110101011110110
111011111110101010110100 000010010000000001000001 111001101110101011110101
111011111110101010110100 000010010000000000110000 111001101110101010000100
111011111110101010110100 000010010000000000101000 111001101110101010011100
111011111110101010110100 000010010000000000100100 111001101110101010010000
111011111110101010110100 000010010000000000100010 111001101110101010010110
111011111110101010110100 000010010000000000100001 111001101110101010010101
111011111110101010110100 000010010000000000011000 111001101110101010101100
111011111110101010110100 000010010000000000010100 111001101110101010100000
111011111110101010110100 000010010000000000010010 111001101110101010100110
111011111110101010110100 000010010000000000010001 111001101110101010100101
111011111110101010110100 000010010000000000001100 111001101110101010111000
111011111110101010110100 000010010000000000001010 111001101110101010111110
111011111110101010110100 000010010000000000001001 111001101110101010111101
111011111110101010110100 000010010000000000000110 111001101110101010110010
111011111110101010110100 000010010000000000000101 111001101110101010110001
111011111110101010110100 000010010000000000000011 111001101110101010110111
111011111110101010110100 000010001110000000000000 111001110000101010110100
111011111110101010110100 000010001101000000000000 111001110011101010110100
111011111110101010110100 000010001100100000000000 111001110010001010110100
111011111110101010110100 000010001100010000000000 111001110010111010110100
111011111110101010110100 000010001100001000000000 111001110010100010110100
111011111110101010110100 000010001100000100000000 111001110010101110110100
111011111110101010110100 000010001100000010000000 111001110010101000110100
111011111110101010110100 000010001100000001000000 111001110010101011110100
111011111110101010110100 000010001100000000100000 111001110010101010010100
111011111110101010110100 000010001100000000010000 111001110010101010100100
111011111110101010110100 000010001100000000001000 111001110010101010111100
111011111110101010110100 000010001100000000000100 111001110010101010110000
111011111110101010110100 000010001100000000000010 111001110010101010110110
111011111110101010110100 000010001100000000000001 111001110010101010110101
111011111110101010110100 000010001011000000000000 111001110101101010110100
111011111110101010110100 000010001010100000000000 111001110100001010110100
111011111110101010110100 000010001010010000000000 111001110100111010110100
111011111110101010110100 000010001010001000000000 111001110100100010110100
111011111110101010110100 000010001010000100000000 111001110100101110110100
111011111110101010110100 000010001010000010000000 111001110100101000110100
111011111110101010110100 000010001010000001000000 111001110100101011110100
111011111110101010110100 000010001010000000100000 111001110100101010010100
111011111110101010110100 000010001010000000010000 111001110100101010100100
111011111110101010110100 000010001010000000001000 111001110100101010111100
111011111110101010110100 000010001010000000000100 111001110100101010110000
111011111110101010110100 000010001010000000000010 111001110100101010110110
111011111110101010110100 000010001010000000000001 111001110100101010110101
111011111110101010110100 000010001001100000000000 111001110111001010110100
111011111110101010110100 000010001001010000000000 111001110111111010110100
111011111110101010110100 000010001001001000000000 111001110111100010110100
111011111110101010110100 000010001001000100000000 111001110111101110110100
111011111110101010110100 000010001001000010000000 111001110111101000110100
111011111110101010110100 000010001001000001000000 111001110111101011110100
111011111110101010110100 000010001001000000100000 111001110111101010010100
111011111110101010110100 000010001001000000010000 111001110111101010100100
111011111110101010110100 000010001001000000001000 111001110111101010111100
111011111110101010110100 000010001001000000000100 111001110111101010110000
111011111110101010110100 000010001001000000000010 111001110111101010110110
111011111110101010110100 000010001001000000000001 111001110111101010110101
111011111110101010110100 000010001000110000000000 111001110110011010110100
111011111110101010110100 000010001000101000000000 111001110110000010110100
111011111110101010110100 000010001000100100000000 111001110110001110110100
111011111110101010110100 000010001000100010000000 111001110110001000110100
111011111110101010110100 000010001000100001000000 111001110110001011110100
111011111110101010110100 000010001000100000100000 111001110110001010010100
111011111110101010110100 000010001000100000010000 111001110110001010100100
111011111110101010110100 000010001000100000001000 111001110110001010111100
111011111110101010110100 000010001000100000000100 111001110110001010110000
111011111110101010110100 000010001000100000000010 111001110110001010110110
111011111110101010110100 000010001000100000000001 111001110110001010110101
111011111110101010110100 000010001000011000000000 111001110110110010110100
111011111110101010110100 000010001000010100000000 111001110110111110110100
111011111110101010110100 000010001000010010000000 111001110110111000110100
111011111110101010110100 000010001000010001000000 111001110110111011110100
111011111110101010110100 000010001000010000100000 111001110110111010010100
111011111110101010110100 000010001000010000010000 111001110110111010100100
111011111110101010110100 000010001000010000001000 111001110110111010111100
111011111110101010110100 000010001000010000000100 111001110110111010110000
111011111110101010110100 000010001000010000000010 111001110110111010110110
111011111110101010110100 000010001000010000000001 111001110110111010110101
111011111110101010110100 000010001000001100000000 111001110110100110110100
111011111110101010110100 000010001000001010000000 111001110110100000110100
111011111110101010110100 000010001000001001000000 111001110110100011110100
111011111110101010110100 000010001000001000100000 111001110110100010010100
111011111110101010110100 000010001000001000010000 111001110110100010100100
111011111110101010110100 000010001000001000001000 111001110110100010111100
111011111110101010110100 000010001000001000000100 111001110110100010110000
111011111110101010110100 000010001000001000000010 111001110110100010110110
111011111110101010110100 000010001000001000000001 111001110110100010110101
111011111110101010110100 000010001000000110000000 111001110110101100110100
111011111110101010110100 000010001000000101000000 111001110110101111110100
111011111110101010110100 000010001000000100100000 111001110110101110010100
111011111110101010110100 000010001000000100010000 111001110110101110100100
111011111110101010110100 000010001000000100001000 111001110110101110111100
111011111110101010110100 000010001000000100000100 111001110110101110110000
111011111110101010110100 000010001000000100000010 111001110110101110110110
111011111110101010110100 000010001000000100000001 111001110110101110110101
111011111110101010110100 000010001000000011000000 111001110110101001110100
111011111110101010110100 000010001000000010100000 111001110110101000010100
111011111110101010110100 000010001000000010010000 111001110110101000100100
111011111110101010110100 000010001000000010001000 111001110110101000111100
111011111110101010110100 000010001000000010000100 111001110110101000110000
111011111110101010110100 000010001000000010000010 111001110110101000110110
111011111110101010110100 000010001000000010000001 111001110110101000110101
111011111110101010110100 000010001000000001100000 111001110110101011010100
111011111110101010110100 000010001000000001010000 111001110110101011100100
111011111110101010110100 000010001000000001001000 111001110110101011111100
111011111110101010110100 000010001000000001000100 111001110110101011110000
111011111110101010110100 000010001000000001000010 111001110110101011110110
111011111110101010110100 000010001000000001000001 111001110110101011110101
111011111110101010110100 000010001000000000110000 111001110110101010000100
111011111110101010110100 000010001000000000101000 111001110110101010011100
111011111110101010110100 000010001000000000100100 111001110110101010010000
111011111110101010110100 000010001000000000100010 111001110110101010010110
111011111110101010110100 000010001000000000100001 111001110110101010010101
111011111110101010110100 000010001000000000011000 111001110110101010101100
111011111110101010110100 000010001000000000010100 111001110110101010100000
111011111110101010110100 000010001000000000010010 111001110110101010100110
111011111110101010110100 000010001000000000010001 111001110110101010100101
111011111110101010110100 000010001000000000001100 111001110110101010111000
111011111110101010110100 000010001000000000001010 111001110110101010111110
111011111110101010110100 000010001000000000001001 111001110110101010111101
111011111110101010110100 000010001000000000000110 111001110110101010110010
111011111110101010110100 000010001000000000000101 111001110110101010110001
111011111110101010110100 000010001000000000000011 111001110110101010110111
111011111110101010110100 000010000111000000000000 111001111001101010110100
111011111110101010110100 000010000110100000000000 111001111000001010110100
111011111110101010110100 000010000110010000000000 111001111000111010110100
111011111110101010110100 000010000110001000000000 111001111000100010110100
111011111110101010110100 000010000110000100000000 111001111000101110110100
111011111110101010110100 000010000110000010000000 111001111000101000110100
111011111110101010110100 000010000110000001000000 111001111000101011110100
111011111110101010110100 000010000110000000100000 111001111000101010010100
111011111110101010110100 000010000110000000010000 111001111000101010100100
111011111110101010110100 000010000110000000001000 111001111000101010111100
111011111110101010110100 000010000110000000000100 111001111000101010110000
111011111110101010110100 000010000110000000000010 111001111000101010110110
111011111110101010110100 000010000110000000000001 111001111000101010110101
111011111110101010110100 000010000101100000000000 111001111011001010110100
111011111110101010110100 000010000101010000000000 111001111011111010110100
111011111110101010110100 000010000101001000000000 111001111011100010110100
111011111110101010110100 000010000101000100000000 111001111011101110110100
111011111110101010110100 000010000101000010000000 111001111011101000110100
111011111110101010110100 000010000101000001000000 111001111011101011110100
111011111110101010110100 000010000101000000100000 111001111011101010010100
111011111110101010110100 000010000101000000010000 111001111011101010100100
111011111110101010110100 000010000101000000001000 111001111011101010111100
111011111110101010110100 000010000101000000000100 111001111011101010110000
111011111110101010110100 000010000101000000000010 111001111011101010110110
111011111110101010110100 000010000101000000000001 111001111011101010110101
111011111110101010110100 000010000100110000000000 111001111010011010110100
111011111110101010110100 000010000100101000000000 111001111010000010110100
111011111110101010110100 000010000100100100000000 111001111010001110110100
111011111110101010110100 000010000100100010000000 111001111010001000110100
111011111110101010110100 000010000100100001000000 111001111010001011110100
111011111110101010110100 000010000100100000100000 111001111010001010010100
111011111110101010110100 000010000100100000010000 111001111010001010100100
111011111110101010110100 000010000100100000001000 111001111010001010111100
111011111110101010110100 000010000100100000000100 111001111010001010110000
111011111110101010110100 000010000100100000000010 111001111010001010110110
111011111110101010110100 000010000100100000000001 111001111010001010110101
111011111110101010110100 000010000100011000000000 111001111010110010110100
111011111110101010110100 000010000100010100000000 111001111010111110110100
111011111110101010110100 000010000100010010000000 111001111010111000110100
111011111110101010110100 000010000100010001000000 111001111010111011110100
111011111110101010110100 000010000100010000100000 111001111010111010010100
111011111110101010110100 000010000100010000010000 111001111010111010100100
111011111110101010110100 000010000100010000001000 111001111010111010111100
111011111110101010110100 000010000100010000000100 111001111010111010110000
111011111110101010110100 000010000100010000000010 111001111010111010110110
111011111110101010110100 000010000100010000000001 111001111010111010110101
111011111110101010110100 000010000100001100000000 111001111010100110110100
111011111110101010110100 000010000100001010000000 111001111010100000110100
111011111110101010110100 000010000100001001000000 111001111010100011110100
111011111110101010110100 000010000100001000100000 111001111010100010010100
111011111110101010110100 000010000100001000010000 111001111010100010100100
111011111110101010110100 000010000100001000001000 111001111010100010111100
111011111110101010110100 000010000100001000000100 111001111010100010110000
111011111110101010110100 000010000100001000000010 111001111010100010110110
111011111110101010110100 000010000100001000000001 111001111010100010110101
111011111110101010110100 000010000100000110000000 111001111010101100110100
111011111110101010110100 000010000100000101000000 111001111010101111110100
111011111110101010110100 000010000100000100100000 111001111010101110010100
111011111110101010110100 000010000100000100010000 111001111010101110100100
111011111110101010110100 000010000100000100001000 111001111010101110111100
111011111110101010110100 000010000100000100000100 111001111010101110110000
111011111110101010110100 000010000100000100000010 111001111010101110110110
111011111110101010110100 000010000100000100000001 111001111010101110110101
111011111110101010110100 000010000100000011000000 111001111010101001110100
111011111110101010110100 000010000100000010100000 111001111010101000010100
111011111110101010110100 000010000100000010010000 111001111010101000100100
111011111110101010110100 000010000100000010001000 111001111010101000111100
111011111110101010110100 000010000100000010000100 111001111010101000110000
111011111110101010110100 000010000100000010000010 111001111010101000110110
111011111110101010110100 000010000100000010000001 111001111010101000110101
111011111110101010110100 000010000100000001100000 111001111010101011010100
111011111110101010110100 000010000100000001010000 111001111010101011100100
111011111110101010110100 000010000100000001001000 111001111010101011111100
111011111110101010110100 000010000100000001000100 111001111010101011110000
111011111110101010110100 000010000100000001000010 111001111010101011110110
111011111110101010110100 000010000100000001000001 111001111010101011110101
111011111110101010110100 000010000100000000110000 111001111010101010000100
111011111110101010110100 000010000100000000101000 111001111010101010011100
111011111110101010110100 000010000100000000100100 111001111010101010010000
111011111110101010110100 000010000100000000100010 111001111010101010010110
111011111110101010110100 000010000100000000100001 111001111010101010010101
111011111110101010110100 000010000100000000011000 111001111010101010101100
111011111110101010110100 000010000100000000010100 111001111010101010100000
111011111110101010110100 000010000100000000010010 111001111010101010100110
111011111110101010110100 000010000100000000010001 111001111010101010100101
111011111110101010110100 000010000100000000001100 111001111010101010111000
111011111110101010110100 000010000100000000001010 111001111010101010111110
111011111110101010110100 000010000100000000001001 111001111010101010111101
111011111110101010110100 000010000100000000000110 111001111010101010110010
111011111110101010110100 000010000100000000000101 111001111010101010110001
111011111110101010110100 000010000100000000000011 111001111010101010110111
111011111110101010110100 000010000011100000000000 111001111101001010110100
111011111110101010110100 000010000011010000000000 111001111101111010110100
111011111110101010110100 000010000011001000000000 111001111101100010110100
111011111110101010110100 000010000011000100000000 111001111101101110110100
111011111110101010110100 000010000011000010000000 111001111101101000110100
111011111110101010110100 000010000011000001000000 111001111101101011110100
111011111110101010110100 000010000011000000100000 111001111101101010010100
111011111110101010110100 000010000011000000010000 111001111101101010100100
111011111110101010110100 000010000011000000001000 111001111101101010111100
111011111110101010110100 000010000011000000000100 111001111101101010110000
111011111110101010110100 000010000011000000000010 111001111101101010110110
111011111110101010110100 000010000011000000000001 111001111101101010110101
111011111110101010110100 000010000010110000000000 111001111100011010110100
111011111110101010110100 000010000010101000000000 111001111100000010110100
111011111110101010110100 000010000010100100000000 111001111100001110110100
111011111110101010110100 000010000010100010000000 111001111100001000110100
111011111110101010110100 000010000010100001000000 111001111100001011110100
111011111110101010110100 000010000010100000100000 111001111100001010010100
111011111110101010110100 000010000010100000010000 111001111100001010100100
111011111110101010110100 000010000010100000001000 111001111100001010111100
111011111110101010110100 000010000010100000000100 111001111100001010110000
111011111110101010110100 000010000010100000000010 111001111100001010110110
111011111110101010110100 000010000010100000000001 111001111100001010110101
111011111110101010110100 000010000010011000000000 111001111100110010110100
111011111110101010110100 000010000010010100000000 111001111100111110110100
111011111110101010110100 000010000010010010000000 111001111100111000110100
111011111110101010110100 000010000010010001000000 111001111100111011110100
111011111110101010110100 000010000010010000100000 111001111100111010010100
111011111110101010110100 000010000010010000010000 111001111100111010100100
111011111110101010110100 000010000010010000001000 111001111100111010111100
111011111110101010110100 000010000010010000000100 111001111100111010110000
111011111110101010110100 000010000010010000000010 111001111100111010110110
111011111110101010110100 000010000010010000000001 111001111100111010110101
111011111110101010110100 000010000010001100000000 111001111100100110110100
111011111110101010110100 000010000010001010000000 111001111100100000110100
111011111110101010110100 000010000010001001000000 111001111100100011110100
111011111110101010110100 000010000010001000100000 111001111100100010010100
111011111110101010110100 000010000010001000010000 111001111100100010100100
111011111110101010110100 000010000010001000001000 111001111100100010111100
111011111110101010110100 000010000010001000000100 111001111100100010110000
111011111110101010110100 000010000010001000000010 111001111100100010110110
111011111110101010110100 000010000010001000000001 111001111100100010110101
111011111110101010110100 000010000010000110000000 111001111100101100110100
111011111110101010110100 000010000010000101000000 111001111100101111110100
111011111110101010110100 000010000010000100100000 111001111100101110010100
111011111110101010110100 000010000010000100010000 111001111100101110100100
111011111110101010110100 000010000010000100001000 111001111100101110111100
111011111110101010110100 000010000010000100000100 111001111100101110110000
111011111110101010110100 000010000010000100000010 111001111100101110110110
111011111110101010110100 000010000010000100000001 111001111100101110110101
111011111110101010110100 000010000010000011000000 111001111100101001110100
111011111110101010110100 000010000010000010100000 111001111100101000010100
111011111110101010110100 000010000010000010010000 111001111100101000100100
111011111110101010110100 000010000010000010001000 111001111100101000111100
111011111110101010110100 000010000010000010000100 111001111100101000110000
111011111110101010110100 000010000010000010000010 111001111100101000110110
111011111110101010110100 000010000010000010000001 111001111100101000110101
111011111110101010110100 000010000010000001100000 111001111100101011010100
111011111110101010110100 000010000010000001010000 111001111100101011100100
111011111110101010110100 000010000010000001001000 111001111100101011111100
111011111110101010110100 000010000010000001000100 111001111100101011110000
111011111110101010110100 000010000010000001000010 111001111100101011110110
111011111110101010110100 000010000010000001000001 111001111100101011110101
111011111110101010110100 000010000010000000110000 111001111100101010000100
111011111110101010110100 000010000010000000101000 111001111100101010011100
111011111110101010110100 000010000010000000100100 111001111100101010010000
111011111110101010110100 000010000010000000100010 111001111100101010010110
111011111110101010110100 000010000010000000100001 111001111100101010010101
111011111110101010110100 000010000010000000011000 111001111100101010101100
111011111110101010110100 000010000010000000010100 111001111100101010100000
111011111110101010110100 000010000010000000010010 111001111100101010100110
111011111110101010110100 000010000010000000010001 111001111100101010100101
111011111110101010110100 000010000010000000001100 111001111100101010111000
111011111110101010110100 000010000010000000001010 111001111100101010111110
111011111110101010110100 000010000010000000001001 111001111100101010111101
111011111110101010110100 000010000010000000000110 111001111100101010110010
111011111110101010110100 000010000010000000000101 111001111100101010110001
111011111110101010110100 000010000010000000000011 111001111100101010110111
111011111110101010110100 000010000001110000000000 111001111111011010110100
111011111110101010110100 000010000001101000000000 111001111111000010110100
111011111110101010110100 000010000001100100000000 111001111111001110110100
111011111110101010110100 000010000001100010000000 111001111111001000110100
111011111110101010110100 000010000001100001000000 111001111111001011110100
111011111110101010110100 000010000001100000100000 111001111111001010010100
111011111110101010110100 000010000001100000010000 111001111111001010100100
111011111110101010110100 000010000001100000001000 111001111111001010111100
111011111110101010110100 000010000001100000000100 111001111111001010110000
111011111110101010110100 000010000001100000000010 111001111111001010110110
111011111110101010110100 000010000001100000000001 111001111111001010110101
111011111110101010110100 000010000001011000000000 111001111111110010110100
111011111110101010110100 000010000001010100000000 111001111111111110110100
111011111110101010110100 000010000001010010000000 111001111111111000110100
111011111110101010110100 000010000001010001000000 111001111111111011110100
111011111110101010110100 000010000001010000100000 111001111111111010010100
111011111110101010110100 000010000001010000010000 111001111111111010100100
111011111110101010110100 000010000001010000001000 111001111111111010111100
111011111110101010110100 000010000001010000000100 111001111111111010110000
111011111110101010110100 000010000001010000000010 111001111111111010110110
111011111110101010110100 000010000001010000000001 111001111111111010110101
111011111110101010110100 000010000001001100000000 111001111111100110110100
111011111110101010110100 000010000001001010000000 111001111111100000110100
111011111110101010110100 000010000001001001000000 111001111111100011110100
111011111110101010110100 000010000001001000100000 111001111111100010010100
111011111110101010110100 000010000001001000010000 111001111111100010100100
111011111110101010110100 000010000001001000001000 111001111111100010111100
111011111110101010110100 000010000001001000000100 111001111111100010110000
111011111110101010110100 000010000001001000000010 111001111111100010110110
111011111110101010110100 000010000001001000000001 111001111111100010110101
111011111110101010110100 000010000001000110000000 111001111111101100110100
111011111110101010110100 000010000001000101000000 111001111111101111110100
111011111110101010110100 000010000001000100100000 111001111111101110010100
111011111110101010110100 000010000001000100010000 111001111111101110100100
111011111110101010110100 000010000001000100001000 111001111111101110111100
111011111110101010110100 000010000001000100000100 111001111111101110110000
111011111110101010110100 000010000001000100000010 111001111111101110110110
111011111110101010110100 000010000001000100000001 111001111111101110110101
111011111110101010110100 000010000001000011000000 111001111111101001110100
111011111110101010110100 000010000001000010100000 111001111111101000010100
111011111110101010110100 000010000001000010010000 111001111111101000100100
111011111110101010110100 000010000001000010001000 111001111111101000111100
111011111110101010110100 000010000001000010000100 111001111111101000110000
111011111110101010110100 000010000001000010000010 111001111111101000110110
111011111110101010110100 000010000001000010000001 111001111111101000110101
111011111110101010110100 000010000001000001100000 111001111111101011010100
111011111110101010110100 000010000001000001010000 111001111111101011100100
111011111110101010110100 000010000001000001001000 111001111111101011111100
111011111110101010110100 000010000001000001000100 111001111111101011110000
111011111110101010110100 000010000001000001000010 111001111111101011110110
111011111110101010110100 000010000001000001000001 111001111111101011110101
111011111110101010110100 000010000001000000110000 111001111111101010000100
111011111110101010110100 000010000001000000101000 111001111111101010011100
111011111110101010110100 000010000001000000100100 111001111111101010010000
111011111110101010110100 000010000001000000100010 111001111111101010010110
111011111110101010110100 000010000001000000100001 111001111111101010010101
111011111110101010110100 000010000001000000011000 111001111111101010101100
111011111110101010110100 000010000001000000010100 111001111111101010100000
111011111110101010110100 000010000001000000010010 111001111111101010100110
111011111110101010110100 000010000001000000010001 111001111111101010100101
111011111110101010110100 000010000001000000001100 111001111111101010111000
111011111110101010110100 000010000001000000001010 111001111111101010111110
111011111110101010110100 000010000001000000001001 111001111111101010111101
111011111110101010110100 000010000001000000000110 111001111111101010110010
111011111110101010110100 000010000001000000000101 111001111111101010110001
111011111110101010110100 000010000001000000000011 111001111111101010110111
111011111110101010110100 000010000000111000000000 111001111110010010110100
111011111110101010110100 000010000000110100000000 111001111110011110110100
111011111110101010110100 000010000000110010000000 111001111110011000110100
111011111110101010110100 000010000000110001000000 111001111110011011110100
111011111110101010110100 000010000000110000100000 111001111110011010010100
111011111110101010110100 000010000000110000010000 111001111110011010100100
111011111110101010110100 000010000000110000001000 111001111110011010111100
111011111110101010110100 000010000000110000000100 111001111110011010110000
111011111110101010110100 000010000000110000000010 111001111110011010110110
111011111110101010110100 000010000000110000000001 111001111110011010110101
111011111110101010110100 000010000000101100000000 111001111110000110110100
111011111110101010110100 000010000000101010000000 111001111110000000110100
111011111110101010110100 000010000000101001000000 111001111110000011110100
111011111110101010110100 000010000000101000100000 111001111110000010010100
111011111110101010110100 000010000000101000010000 111001111110000010100100
111011111110101010110100 000010000000101000001000 111001111110000010111100
111011111110101010110100 000010000000101000000100 111001111110000010110000
111011111110101010110100 000010000000101000000010 111001111110000010110110
111011111110101010110100 000010000000101000000001 111001111110000010110101
111011111110101010110100 000010000000100110000000 111001111110001100110100
111011111110101010110100 000010000000100101000000 111001111110001111110100
111011111110101010110100 000010000000100100100000 111001111110001110010100
111011111110101010110100 000010000000100100010000 111001111110001110100100
111011111110101010110100 000010000000100100001000 111001111110001110111100
111011111110101010110100 000010000000100100000100 111001111110001110110000
111011111110101010110100 000010000000100100000010 111001111110001110110110
111011111110101010110100 000010000000100100000001 111001111110001110110101
111011111110101010110100 000010000000100011000000 111001111110001001110100
111011111110101010110100 000010000000100010100000 111001111110001000010100
111011111110101010110100 000010000000100010010000 111001111110001000100100
111011111110101010110100 000010000000100010001000 111001111110001000111100
111011111110101010110100 000010000000100010000100 111001111110001000110000
111011111110101010110100 000010000000100010000010 111001111110001000110110
111011111110101010110100 000010000000100010000001 111001111110001000110101
111011111110101010110100 000010000000100001100000 111001111110001011010100
111011111110101010110100 000010000000100001010000 111001111110001011100100
111011111110101010110100 000010000000100001001000 111001111110001011111100
111011111110101010110100 000010000000100001000100 111001111110001011110000
111011111110101010110100 000010000000100001000010 111001111110001011110110
111011111110101010110100 000010000000100001000001 111001111110001011110101
111011111110101010110100 000010000000100000110000 111001111110001010000100
111011111110101010110100 000010000000100000101000 111001111110001010011100
111011111110101010110100 000010000000100000100100 111001111110001010010000
111011111110101010110100 000010000000100000100010 111001111110001010010110
111011111110101010110100 000010000000100000100001 111001111110001010010101
111011111110101010110100 000010000000100000011000 111001111110001010101100
111011111110101010110100 000010000000100000010100 111001111110001010100000
111011111110101010110100 000010000000100000010010 111001111110001010100110
111011111110101010110100 000010000000100000010001 111001111110001010100101
111011111110101010110100 000010000000100000001100 111001111110001010111000
111011111110101010110100 000010000000100000001010 111001111110001010111110
111011111110101010110100 000010000000100000001001 111001111110001010111101
111011111110101010110100 000010000000100000000110 111001111110001010110010
111011111110101010110100 000010000000100000000101 111001111110001010110001
111011111110101010110100 000010000000100000000011 111001111110001010110111
111011111110101010110100 000010000000011100000000 111001111110110110110100
111011111110101010110100 000010000000011010000000 111001111110110000110100
111011111110101010110100 000010000000011001000000 111001111110110011110100
111011111110101010110100 000010000000011000100000 111001111110110010010100
111011111110101010110100 000010000000011000010000 111001111110110010100100
111011111110101010110100 000010000000011000001000 111001111110110010111100
111011111110101010110100 000010000000011000000100 111001111110110010110000
111011111110101010110100 000010000000011000000010 111001111110110010110110
111011111110101010110100 000010000000011000000001 111001111110110010110101
111011111110101010110100 000010000000010110000000 111001111110111100110100
111011111110101010110100 000010000000010101000000 111001111110111111110100
111011111110101010110100 000010000000010100100000 111001111110111110010100
111011111110101010110100 000010000000010100010000 111001111110111110100100
111011111110101010110100 000010000000010100001000 111001111110111110111100
111011111110101010110100 000010000000010100000100 111001111110111110110000
111011111110101010110100 000010000000010100000010 111001111110111110110110
111011111110101010110100 000010000000010100000001 111001111110111110110101
111011111110101010110100 000010000000010011000000 111001111110111001110100
111011111110101010110100 000010000000010010100000 111001111110111000010100
111011111110101010110100 000010000000010010010000 111001111110111000100100
111011111110101010110100 000010000000010010001000 111001111110111000111100
111011111110101010110100 000010000000010010000100 111001111110111000110000
111011111110101010110100 000010000000010010000010 111001111110111000110110
111011111110101010110100 000010000000010010000001 111001111110111000110101
111011111110101010110100 000010000000010001100000 111001111110111011010100
111011111110101010110100 000010000000010001010000 111001111110111011100100
111011111110101010110100 000010000000010001001000 111001111110111011111100
111011111110101010110100 000010000000010001000100 111001111110111011110000
111011111110101010110100 000010000000010001000010 111001111110111011110110
111011111110101010110100 000010000000010001000001 111001111110111011110101
111011111110101010110100 000010000000010000110000 111001111110111010000100
111011111110101010110100 000010000000010000101000 111001111110111010011100
111011111110101010110100 000010000000010000100100 111001111110111010010000
111011111110101010110100 000010000000010000100010 111001111110111010010110
111011111110101010110100 000010000000010000100001 111001111110111010010101
111011111110101010110100 000010000000010000011000 111001111110111010101100
111011111110101010110100 000010000000010000010100 111001111110111010100000
111011111110101010110100 000010000000010000010010 111001111110111010100110
111011111110101010110100 000010000000010000010001 111001111110111010100101
111011111110101010110100 000010000000010000001100 111001111110111010111000
111011111110101010110100 000010000000010000001010 111001111110111010111110
111011111110101010110100 000010000000010000001001 111001111110111010111101
111011111110101010110100 000010000000010000000110 111001111110111010110010
111011111110101010110100 000010000000010000000101 111001111110111010110001
111011111110101010110100 000010000000010000000011 111001111110111010110111
111011111110101010110100 000010000000001110000000 111001111110100100110100
111011111110101010110100 000010000000001101000000 111001111110100111110100
111011111110101010110100 000010000000001100100000 111001111110100110010100
111011111110101010110100 000010000000001100010000 111001111110100110100100
111011111110101010110100 000010000000001100001000 111001111110100110111100
111011111110101010110100 000010000000001100000100 111001111110100110110000
111011111110101010110100 000010000000001100000010 111001111110100110110110
111011111110101010110100 000010000000001100000001 111001111110100110110101
111011111110101010110100 000010000000001011000000 111001111110100001110100
111011111110101010110100 000010000000001010100000 111001111110100000010100
111011111110101010110100 000010000000001010010000 111001111110100000100100
111011111110101010110100 000010000000001010001000 111001111110100000111100
111011111110101010110100 000010000000001010000100 111001111110100000110000
111011111110101010110100 000010000000001010000010 111001111110100000110110
111011111110101010110100 000010000000001010000001 111001111110100000110101
111011111110101010110100 000010000000001001100000 111001111110100011010100
111011111110101010110100 000010000000001001010000 111001111110100011100100
111011111110101010110100 000010000000001001001000 111001111110100011111100
111011111110101010110100 000010000000001001000100 111001111110100011110000
111011111110101010110100 000010000000001001000010 111001111110100011110110
111011111110101010110100 000010000000001001000001 111001111110100011110101
111011111110101010110100 000010000000001000110000 111001111110100010000100
111011111110101010110100 000010000000001000101000 111001111110100010011100
111011111110101010110100 000010000000001000100100 111001111110100010010000
111011111110101010110100 000010000000001000100010 111001111110100010010110
111011111110101010110100 000010000000001000100001 111001111110100010010101
111011111110101010110100 000010000000001000011000 111001111110100010101100
111011111110101010110100 000010000000001000010100 111001111110100010100000
111011111110101010110100 000010000000001000010010 111001111110100010100110
111011111110101010110100 000010000000001000010001 111001111110100010100101
111011111110101010110100 000010000000001000001100 111001111110100010111000
111011111110101010110100 000010000000001000001010 111001111110100010111110
111011111110101010110100 000010000000001000001001 111001111110100010111101
111011111110101010110100 000010000000001000000110 111001111110100010110010
111011111110101010110100 000010000000001000000101 111001111110100010110001
111011111110101010110100 000010000000001000000011 111001111110100010110111
111011111110101010110100 000010000000000111000000 111001111110101101110100
111011111110101010110100 000010000000000110100000 111001111110101100010100
111011111110101010110100 000010000000000110010000 111001111110101100100100
111011111110101010110100 000010000000000110001000 111001111110101100111100
111011111110101010110100 000010000000000110000100 111001111110101100110000
111011111110101010110100 000010000000000110000010 111001111110101100110110
111011111110101010110100 000010000000000110000001 111001111110101100110101
111011111110101010110100 000010000000000101100000 111001111110101111010100
111011111110101010110100 000010000000000101010000 111001111110101111100100
111011111110101010110100 000010000000000101001000 111001111110101111111100
111011111110101010110100 000010000000000101000100 111001111110101111110000
111011111110101010110100 000010000000000101000010 111001111110101111110110
111011111110101010110100 000010000000000101000001 111001111110101111110101
111011111110101010110100 000010000000000100110000 111001111110101110000100
111011111110101010110100 000010000000000100101000 111001111110101110011100
111011111110101010110100 000010000000000100100100 111001111110101110010000
111011111110101010110100 000010000000000100100010 111001111110101110010110
111011111110101010110100 000010000000000100100001 111001111110101110010101
111011111110101010110100 000010000000000100011000 111001111110101110101100
111011111110101010110100 000010000000000100010100 111001111110101110100000
111011111110101010110100 000010000000000100010010 111001111110101110100110
111011111110101010110100 000010000000000100010001 111001111110101110100101
111011111110101010110100 000010000000000100001100 111001111110101110111000
111011111110101010110100 000010000000000100001010 111001111110101110111110
111011111110101010110100 000010000000000100001001 111001111110101110111101
111011111110101010110100 000010000000000100000110 111001111110101110110010
111011111110101010110100 000010000000000100000101 111001111110101110110001
111011111110101010110100 000010000000000100000011 111001111110101110110111
111011111110101010110100 000010000000000011100000 111001111110101001010100
111011111110101010110100 000010000000000011010000 111001111110101001100100
111011111110101010110100 000010000000000011001000 111001111110101001111100
111011111110101010110100 000010000000000011000100 111001111110101001110000
111011111110101010110100 000010000000000011000010 111001111110101001110110
111011111110101010110100 000010000000000011000001 111001111110101001110101
111011111110101010110100 000010000000000010110000 111001111110101000000100
111011111110101010110100 000010000000000010101000 111001111110101000011100
111011111110101010110100 000010000000000010100100 111001111110101000010000
111011111110101010110100 000010000000000010100010 111001111110101000010110
111011111110101010110100 000010000000000010100001 111001111110101000010101
111011111110101010110100 000010000000000010011000 111001111110101000101100
111011111110101010110100 000010000000000010010100 111001111110101000100000
111011111110101010110100 000010000000000010010010 111001111110101000100110
111011111110101010110100 000010000000000010010001 111001111110101000100101
111011111110101010110100 000010000000000010001100 111001111110101000111000
111011111110101010110100 000010000000000010001010 111001111110101000111110
111011111110101010110100 000010000000000010001001 111001111110101000111101
111011111110101010110100 000010000000000010000110 111001111110101000110010
111011111110101010110100 000010000000000010000101 111001111110101000110001
111011111110101010110100 000010000000000010000011 111001111110101000110111
111011111110101010110100 000010000000000001110000 111001111110101011000100
111011111110101010110100 000010000000000001101000 111001111110101011011100
111011111110101010110100 000010000000000001100100 111001111110101011010000
111011111110101010110100 000010000000000001100010 111001111110101011010110
111011111110101010110100 000010000000000001100001 111001111110101011010101
111011111110101010110100 000010000000000001011000 111001111110101011101100
111011111110101010110100 000010000000000001010100 111001111110101011100000
111011111110101010110100 000010000000000001010010 111001111110101011100110
111011111110101010110100 000010000000000001010001 111001111110101011100101
111011111110101010110100 000010000000000001001100 111001111110101011111000
111011111110101010110100 000010000000000001001010 111001111110101011111110
111011111110101010110100 000010000000000001001001 111001111110101011111101
111011111110101010110100 000010000000000001000110 111001111110101011110010
111011111110101010110100 000010000000000001000101 111001111110101011110001
111011111110101010110100 000010000000000001000011 111001111110101011110111
111011111110101010110100 000010000000000000111000 111001111110101010001100
111011111110101010110100 000010000000000000110100 111001111110101010000000
111011111110101010110100 000010000000000000110010 111001111110101010000110
111011111110101010110100 000010000000000000110001 111001111110101010000101
111011111110101010110100 000010000000000000101100 111001111110101010011000
111011111110101010110100 000010000000000000101010 111001111110101010011110
111011111110101010110100 000010000000000000101001 111001111110101010011101
111011111110101010110100 000010000000000000100110 111001111110101010010010
111011111110101010110100 000010000000000000100101 111001111110101010010001
111011111110101010110100 000010000000000000100011 111001111110101010010111
111011111110101010110100 000010000000000000011100 111001111110101010101000
111011111110101010110100 000010000000000000011010 111001111110101010101110
111011111110101010110100 000010000000000000011001 111001111110101010101101
111011111110101010110100 000010000000000000010110 111001111110101010100010
111011111110101010110100 000010000000000000010101 111001111110101010100001
111011111110101010110100 000010000000000000010011 111001111110101010100111
111011111110101010110100 000010000000000000001110 111001111110101010111010
111011111110101010110100 000010000000000000001101 111001111110101010111001
111011111110101010110100 000010000000000000001011 111001111110101010111111
111011111110101010110100 000010000000000000000111 111001111110101010110011
111011111110101010110100 000001111000000000000000 111010000110101010110100
111011111110101010110100 000001110100000000000000 111010001010101010110100
111011111110101010110100 000001110010000000000000 111010001100101010110100
111011111110101010110100 000001110001000000000000 111010001111101010110100
111011111110101010110100 000001110000100000000000 111010001110001010110100
111011111110101010110100 000001110000010000000000 111010001110111010110100
111011111110101010110100 000001110000001000000000 111010001110100010110100
111011111110101010110100 000001110000000100000000 111010001110101110110100
111011111110101010110100 000001110000000010000000 111010001110101000110100
111011111110101010110100 000001110000000001000000 111010001110101011110100
111011111110101010110100 000001110000000000100000 111010001110101010010100
111011111110101010110100 000001110000000000010000 111010001110101010100100
111011111110101010110100 000001110000000000001000 111010001110101010111100
111011111110101010110100 000001110000000000000100 111010001110101010110000
111011111110101010110100 000001110000000000000010 111010001110101010110110
111011111110101010110100 000001110000000000000001 111010001110101010110101
111011111110101010110100 000001101100000000000000 111010010010101010110100
111011111110101010110100 000001101010000000000000 111010010100101010110100
111011111110101010110100 000001101001000000000000 111010010111101010110100
111011111110101010110100 000001101000100000000000 111010010110001010110100
111011111110101010110100 000001101000010000000000 111010010110111010110100
111011111110101010110100 000001101000001000000000 111010010110100010110100
111011111110101010110100 000001101000000100000000 111010010110101110110100
111011111110101010110100 000001101000000010000000 111010010110101000110100
111011111110101010110100 000001101000000001000000 111010010110101011110100
111011111110101010110100 000001101000000000100000 111010010110101010010100
111011111110101010110100 000001101000000000010000 111010010110101010100100
111011111110101010110100 000001101000000000001000 111010010110101010111100
111011111110101010110100 000001101000000000000100 111010010110101010110000
111011111110101010110100 000001101000000000000010 111010010110101010110110
111011111110101010110100 000001101000000000000001 111010010110101010110101
111011111110101010110100 000001100110000000000000 111010011000101010110100
111011111110101010110100 000001100101000000000000 111010011011101010110100
111011111110101010110100 000001100100100000000000 111010011010001010110100
111011111110101010110100 000001100100010000000000 111010011010111010110100
111011111110101010110100 000001100100001000000000 111010011010100010110100
111011111110101010110100 000001100100000100000000 111010011010101110110100
111011111110101010110100 000001100100000010000000 111010011010101000110100
111011111110101010110100 000001100100000001000000 111010011010101011110100
111011111110101010110100 000001100100000000100000 111010011010101010010100
111011111110101010110100 000001100100000000010000 111010011010101010100100
111011111110101010110100 000001100100000000001000 111010011010101010111100
111011111110101010110100 000001100100000000000100 111010011010101010110000
111011111110101010110100 000001100100000000000010 111010011010101010110110
111011111110101010110100 000001100100000000000001 111010011010101010110101
111011111110101010110100 000001100011000000000000 111010011101101010110100
111011111110101010110100 000001100010100000000000 111010011100001010110100
111011111110101010110100 000001100010010000000000 111010011100111010110100
111011111110101010110100 000001100010001000000000 111010011100100010110100
111011111110101010110100 000001100010000100000000 111010011100101110110100
111011111110101010110100 000001100010000010000000 111010011100101000110100
111011111110101010110100 000001100010000001000000 111010011100101011110100
111011111110101010110100 000001100010000000100000 111010011100101010010100
111011111110101010110100 000001100010000000010000 111010011100101010100100
111011111110101010110100 000001100010000000001000 111010011100101010111100
111011111110101010110100 000001100010000000000100 111010011100101010110000
111011111110101010110100 000001100010000000000010 111010011100101010110110
111011111110101010110100 000001100010000000000001 111010011100101010110101
111011111110101010110100 000001100001100000000000 111010011111001010110100
111011111110101010110100 000001100001010000000000 111010011111111010110100
111011111110101010110100 000001100001001000000000 111010011111100010110100
111011111110101010110100 000001100001000100000000 111010011111101110110100
111011111110101010110100 000001100001000010000000 111010011111101000110100
111011111110101010110100 000001100001000001000000 111010011111101011110100
111011111110101010110100 000001100001000000100000 111010011111101010010100
111011111110101010110100 000001100001000000010000 111010011111101010100100
111011111110101010110100 000001100001000000001000 111010011111101010111100
111011111110101010110100 000001100001000000000100 111010011111101010110000
111011111110101010110100 000001100001000000000010 111010011111101010110110
111011111110101010110100 000001100001000000000001 111010011111101010110101
111011111110101010110100 000001100000110000000000 111010011110011010110100
111011111110101010110100 000001100000101000000000 111010011110000010110100
111011111110101010110100 000001100000100100000000 111010011110001110110100
111011111110101010110100 000001100000100010000000 111010011110001000110100
111011111110101010110100 000001100000100001000000 111010011110001011110100
111011111110101010110100 000001100000100000100000 111010011110001010010100
111011111110101010110100 000001100000100000010000 111010011110001010100100
111011111110101010110100 000001100000100000001000 111010011110001010111100
111011111110101010110100 000001100000100000000100 111010011110001010110000
111011111110101010110100 000001100000100000000010 111010011110001010110110
111011111110101010110100 000001100000100000000001 111010011110001010110101
111011111110101010110100 000001100000011000000000 111010011110110010110100
111011111110101010110100 000001100000010100000000 111010011110111110110100
111011111110101010110100 000001100000010010000000 111010011110111000110100
111011111110101010110100 000001100000010001000000 111010011110111011110100
111011111110101010110100 000001100000010000100000 111010011110111010010100
111011111110101010110100 000001100000010000010000 111010011110111010100100
111011111110101010110100 000001100000010000001000 111010011110111010111100
111011111110101010110100 000001100000010000000100 111010011110111010110000
111011111110101010110100 000001100000010000000010 111010011110111010110110
111011111110101010110100 000001100000010000000001 111010011110111010110101
111011111110101010110100 000001100000001100000000 111010011110100110110100
111011111110101010110100 000001100000001010000000 111010011110100000110100
111011111110101010110100 000001100000001001000000 111010011110100011110100
111011111110101010110100 000001100000001000100000 111010011110100010010100
111011111110101010110100 000001100000001000010000 111010011110100010100100
111011111110101010110100 000001100000001000001000 111010011110100010111100
111011111110101010110100 000001100000001000000100 111010011110100010110000
111011111110101010110100 000001100000001000000010 111010011110100010110110
111011111110101010110100 000001100000001000000001 111010011110100010110101
111011111110101010110100 000001100000000110000000 111010011110101100110100
111011111110101010110100 000001100000000101000000 111010011110101111110100
111011111110101010110100 000001100000000100100000 111010011110101110010100
111011111110101010110100 000001100000000100010000 111010011110101110100100
111011111110101010110100 000001100000000100001000 111010011110101110111100
111011111110101010110100 000001100000000100000100 111010011110101110110000
111011111110101010110100 000001100000000100000010 111010011110101110110110
111011111110101010110100 000001100000000100000001 111010011110101110110101
111011111110101010110100 000001100000000011000000 111010011110101001110100
111011111110101010110100 000001100000000010100000 111010011110101000010100
111011111110101010110100 000001100000000010010000 111010011110101000100100
111011111110101010110100 000001100000000010001000 111010011110101000111100
111011111110101010110100 000001100000000010000100 111010011110101000110000
111011111110101010110100 000001100000000010000010 111010011110101000110110
111011111110101010110100 000001100000000010000001 111010011110101000110101
111011111110101010110100 000001100000000001100000 111010011110101011010100
111011111110101010110100 000001100000000001010000 111010011110101011100100
111011111110101010110100 000001100000000001001000 111010011110101011111100
111011111110101010110100 000001100000000001000100 111010011110101011110000
111011111110101010110100 000001100000000001000010 111010011110101011110110
111011111110101010110100 000001100000000001000001 111010011110101011110101
111011111110101010110100 000001100000000000110000 111010011110101010000100
111011111110101010110100 000001100000000000101000 111010011110101010011100
111011111110101010110100 000001100000000000100100 111010011110101010010000
111011111110101010110100 000001100000000000100010 111010011110101010010110
111011111110101010110100 000001100000000000100001 111010011110101010010101
111011111110101010110100 000001100000000000011000 111010011110101010101100
111011111110101010110100 000001100000000000010100 111010011110101010100000
111011111110101010110100 000001100000000000010010 111010011110101010100110
111011111110101010110100 000001100000000000010001 111010011110101010100101
111011111110101010110100 000001100000000000001100 111010011110101010111000
111011111110101010110100 000001100000000000001010 111010011110101010111110
111011111110101010110100 000001100000000000001001 111010011110101010111101
111011111110101010110100 000001100000000000000110 111010011110101010110010
111011111110101010110100 000001100000000000000101 111010011110101010110001
111011111110101010110100 000001100000000000000011 111010011110101010110111
111011111110101010110100 000001011100000000000000 111010100010101010110100
111011111110101010110100 000001011010000000000000 111010100100101010110100
111011111110101010110100 000001011001000000000000 111010100111101010110100
111011111110101010110100 000001011000100000000000 111010100110001010110100
111011111110101010110100 000001011000010000000000 111010100110111010110100
111011111110101010110100 000001011000001000000000 111010100110100010110100
111011111110101010110100 000001011000000100000000 111010100110101110110100
111011111110101010110100 000001011000000010000000 111010100110101000110100
111011111110101010110100 000001011000000001000000 111010100110101011110100
111011111110101010110100 000001011000000000100000 111010100110101010010100
111011111110101010110100 000001011000000000010000 111010100110101010100100
111011111110101010110100 000001011000000000001000 111010100110101010111100
111011111110101010110100 000001011000000000000100 111010100110101010110000
111011111110101010110100 000001011000000000000010 111010100110101010110110
111011111110101010110100 000001011000000000000001 111010100110101010110101
111011111110101010110100 000001010110000000000000 111010101000101010110100
111011111110101010110100 000001010101000000000000 111010101011101010110100
111011111110101010110100 000001010100100000000000 111010101010001010110100
111011111110101010110100 000001010100010000000000 111010101010111010110100
111011111110101010110100 000001010100001000000000 111010101010100010110100
111011111110101010110100 000001010100000100000000 111010101010101110110100
111011111110101010110100 000001010100000010000000 111010101010101000110100
111011111110101010110100 000001010100000001000000 111010101010101011110100
111011111110101010110100 000001010100000000100000 111010101010101010010100
111011111110101010110100 000001010100000000010000 111010101010101010100100
111011111110101010110100 000001010100000000001000 111010101010101010111100
111011111110101010110100 000001010100000000000100 111010101010101010110000
111011111110101010110100 000001010100000000000010 111010101010101010110110
111011111110101010110100 000001010100000000000001 111010101010101010110101
111011111110101010110100 000001010011000000000000 111010101101101010110100
111011111110101010110100 000001010010100000000000 111010101100001010110100
111011111110101010110100 000001010010010000000000 111010101100111010110100
111011111110101010110100 000001010010001000000000 111010101100100010110100
111011111110101010110100 000001010010000100000000 111010101100101110110100
111011111110101010110100 000001010010000010000000 111010101100101000110100
111011111110101010110100 000001010010000001000000 111010101100101011110100
111011111110101010110100 000001010010000000100000 111010101100101010010100
111011111110101010110100 000001010010000000010000 111010101100101010100100
111011111110101010110100 000001010010000000001000 111010101100101010111100
111011111110101010110100 000001010010000000000100 111010101100101010110000
111011111110101010110100 000001010010000000000010 111010101100101010110110
111011111110101010110100 000001010010000000000001 111010101100101010110101
111011111110101010110100 000001010001100000000000 111010101111001010110100
111011111110101010110100 000001010001010000000000 111010101111111010110100
111011111110101010110100 000001010001001000000000 111010101111100010110100
111011111110101010110100 000001010001000100000000 111010101111101110110100
111011111110101010110100 000001010001000010000000 111010101111101000110100
111011111110101010110100 000001010001000001000000 111010101111101011110100
111011111110101010110100 000001010001000000100000 111010101111101010010100
111011111110101010110100 000001010001000000010000 111010101111101010100100
111011111110101010110100 000001010001000000001000 111010101111101010111100
111011111110101010110100 000001010001000000000100 111010101111101010110000
111011111110101010110100 000001010001000000000010 111010101111101010110110
111011111110101010110100 000001010001000000000001 111010101111101010110101
111011111110101010110100 000001010000110000000000 111010101110011010110100
111011111110101010110100 000001010000101000000000 111010101110000010110100
111011111110101010110100 000001010000100100000000 111010101110001110110100
111011111110101010110100 000001010000100010000000 111010101110001000110100
111011111110101010110100 000001010000100001000000 111010101110001011110100
111011111110101010110100 000001010000100000100000 111010101110001010010100
111011111110101010110100 000001010000100000010000 111010101110001010100100
111011111110101010110100 000001010000100000001000 111010101110001010111100
111011111110101010110100 000001010000100000000100 111010101110001010110000
111011111110101010110100 000001010000100000000010 111010101110001010110110
111011111110101010110100 000001010000100000000001 111010101110001010110101
111011111110101010110100 000001010000011000000000 111010101110110010110100
111011111110101010110100 000001010000010100000000 111010101110111110110100
111011111110101010110100 000001010000010010000000 111010101110111000110100
111011111110101010110100 000001010000010001000000 111010101110111011110100
111011111110101010110100 000001010000010000100000 111010101110111010010100
111011111110101010110100 000001010000010000010000 111010101110111010100100
111011111110101010110100 000001010000010000001000 111010101110111010111100
111011111110101010110100 000001010000010000000100 111010101110111010110000
111011111110101010110100 000001010000010000000010 111010101110111010110110
111011111110101010110100 000001010000010000000001 111010101110111010110101
111011111110101010110100 000001010000001100000000 111010101110100110110100
111011111110101010110100 000001010000001010000000 111010101110100000110100
111011111110101010110100 000001010000001001000000 111010101110100011110100
111011111110101010110100 000001010000001000100000 111010101110100010010100
111011111110101010110100 000001010000001000010000 111010101110100010100100
111011111110101010110100 000001010000001000001000 111010101110100010111100
111011111110101010110100 000001010000001000000100 111010101110100010110000
111011111110101010110100 000001010000001000000010 111010101110100010110110
111011111110101010110100 000001010000001000000001 111010101110100010110101
111011111110101010110100 000001010000000110000000 111010101110101100110100
111011111110101010110100 000001010000000101000000 111010101110101111110100
111011111110101010110100 000001010000000100100000 111010101110101110010100
111011111110101010110100 000001010000000100010000 111010101110101110100100
111011111110101010110100 000001010000000100001000 111010101110101110111100
111011111110101010110100 000001010000000100000100 111010101110101110110000
111011111110101010110100 000001010000000100000010 111010101110101110110110
111011111110101010110100 000001010000000100000001 111010101110101110110101
111011111110101010110100 000001010000000011000000 111010101110101001110100
111011111110101010110100 000001010000000010100000 111010101110101000010100
111011111110101010110100 000001010000000010010000 111010101110101000100100
111011111110101010110100 000001010000000010001000 111010101110101000111100
111011111110101010110100 000001010000000010000100 111010101110101000110000
111011111110101010110100 000001010000000010000010 111010101110101000110110
111011111110101010110100 000001010000000010000001 111010101110101000110101
111011111110101010110100 000001010000000001100000 111010101110101011010100
111011111110101010110100 000001010000000001010000 111010101110101011100100
111011111110101010110100 000001010000000001001000 111010101110101011111100
111011111110101010110100 000001010000000001000100 111010101110101011110000
111011111110101010110100 000001010000000001000010 111010101110101011110110
111011111110101010110100 000001010000000001000001 111010101110101011110101
111011111110101010110100 000001010000000000110000 111010101110101010000100
111011111110101010110100 000001010000000000101000 111010101110101010011100
111011111110101010110100 000001010000000000100100 111010101110101010010000
111011111110101010110100 000001010000000000100010 111010101110101010010110
111011111110101010110100 000001010000000000100001 111010101110101010010101
111011111110101010110100 000001010000000000011000 111010101110101010101100
111011111110101010110100 000001010000000000010100 111010101110101010100000
111011111110101010110100 000001010000000000010010 111010101110101010100110
111011111110101010110100 000001010000000000010001 111010101110101010100101
111011111110101010110100 000001010000000000001100 111010101110101010111000
111011111110101010110100 000001010000000000001010 111010101110101010111110
111011111110101010110100 000001010000000000001001 111010101110101010111101
111011111110101010110100 000001010000000000000110 111010101110101010110010
111011111110101010110100 000001010000000000000101 111010101110101010110001
111011111110101010110100 000001010000000000000011 111010101110101010110111
111011111110101010110100 000001001110000000000000 111010110000101010110100
111011111110101010110100 000001001101000000000000 111010110011101010110100
111011111110101010110100 000001001100100000000000 111010110010001010110100
111011111110101010110100 000001001100010000000000 111010110010111010110100
111011111110101010110100 000001001100001000000000 111010110010100010110100
111011111110101010110100 000001001100000100000000 111010110010101110110100
111011111110101010110100 000001001100000010000000 111010110010101000110100
111011111110101010110100 000001001100000001000000 111010110010101011110100
111011111110101010110100 000001001100000000100000 111010110010101010010100
111011111110101010110100 000001001100000000010000 111010110010101010100100
111011111110101010110100 000001001100000000001000 111010110010101010111100
111011111110101010110100 000001001100000000000100 111010110010101010110000
111011111110101010110100 000001001100000000000010 111010110010101010110110
111011111110101010110100 000001001100000000000001 111010110010101010110101
111011111110101010110100 000001001011000000000000 111010110101101010110100
111011111110101010110100 000001001010100000000000 111010110100001010110100
111011111110101010110100 000001001010010000000000 111010110100111010110100
111011111110101010110100 000001001010001000000000 111010110100100010110100
111011111110101010110100 000001001010000100000000 111010110100101110110100
111011111110101010110100 000001001010000010000000 111010110100101000110100
111011111110101010110100 000001001010000001000000 111010110100101011110100
111011111110101010110100 000001001010000000100000 111010110100101010010100
111011111110101010110100 000001001010000000010000 111010110100101010100100
111011111110101010110100 000001001010000000001000 111010110100101010111100
111011111110101010110100 000001001010000000000100 111010110100101010110000
111011111110101010110100 000001001010000000000010 111010110100101010110110
111011111110101010110100 000001001010000000000001 111010110100101010110101
111011111110101010110100 000001001001100000000000 111010110111001010110100
111011111110101010110100 000001001001010000000000 111010110111111010110100
111011111110101010110100 000001001001001000000000 111010110111100010110100
111011111110101010110100 000001001001000100000000 111010110111101110110100
111011111110101010110100 000001001001000010000000 111010110111101000110100
111011111110101010110100 000001001001000001000000 111010110111101011110100
111011111110101010110100 000001001001000000100000 111010110111101010010100
111011111110101010110100 000001001001000000010000 111010110111101010100100
111011111110101010110100 000001001001000000001000 111010110111101010111100
111011111110101010110100 000001001001000000000100 111010110111101010110000
111011111110101010110100 000001001001000000000010 111010110111101010110110
111011111110101010110100 000001001001000000000001 111010110111101010110101
111011111110101010110100 000001001000110000000000 111010110110011010110100
111011111110101010110100 000001001000101000000000 111010110110000010110100
111011111110101010110100 000001001000100100000000 111010110110001110110100
111011111110101010110100 000001001000100010000000 111010110110001000110100
111011111110101010110100 000001001000100001000000 111010110110001011110100
111011111110101010110100 000001001000100000100000 111010110110001010010100
111011111110101010110100 000001001000100000010000 111010110110001010100100
111011111110101010110100 000001001000100000001000 111010110110001010111100
111011111110101010110100 000001001000100000000100 111010110110001010110000
111011111110101010110100 000001001000100000000010 111010110110001010110110
111011111110101010110100 000001001000100000000001 111010110110001010110101
111011111110101010110100 000001001000011000000000 111010110110110010110100
111011111110101010110100 000001001000010100000000 111010110110111110110100
111011111110101010110100 000001001000010010000000 111010110110111000110100
111011111110101010110100 000001001000010001000000 111010110110111011110100
111011111110101010110100 000001001000010000100000 111010110110111010010100
111011111110101010110100 000001001000010000010000 111010110110111010100100
111011111110101010110100 000001001000010000001000 111010110110111010111100
111011111110101010110100 000001001000010000000100 111010110110111010110000
111011111110101010110100 000001001000010000000010 111010110110111010110110
111011111110101010110100 000001001000010000000001 111010110110111010110101
111011111110101010110100 000001001000001100000000 111010110110100110110100
111011111110101010110100 000001001000001010000000 111010110110100000110100
111011111110101010110100 000001001000001001000000 111010110110100011110100
111011111110101010110100 000001001000001000100000 111010110110100010010100
111011111110101010110100 000001001000001000010000 111010110110100010100100
111011111110101010110100 000001001000001000001000 111010110110100010111100
111011111110101010110100 000001001000001000000100 111010110110100010110000
111011111110101010110100 000001001000001000000010 111010110110100010110110
111011111110101010110100 000001001000001000000001 111010110110100010110101
111011111110101010110100 000001001000000110000000 111010110110101100110100
111011111110101010110100 000001001000000101000000 111010110110101111110100
111011111110101010110100 000001001000000100100000 111010110110101110010100
111011111110101010110100 000001001000000100010000 111010110110101110100100
111011111110101010110100 000001001000000100001000 111010110110101110111100
111011111110101010110100 000001001000000100000100 111010110110101110110000
111011111110101010110100 000001001000000100000010 111010110110101110110110
111011111110101010110100 000001001000000100000001 111010110110101110110101
111011111110101010110100 000001001000000011000000 111010110110101001110100
111011111110101010110100 000001001000000010100000 111010110110101000010100
111011111110101010110100 000001001000000010010000 111010110110101000100100
111011111110101010110100 000001001000000010001000 111010110110101000111100
111011111110101010110100 000001001000000010000100 111010110110101000110000
111011111110101010110100 000001001000000010000010 111010110110101000110110
111011111110101010110100 000001001000000010000001 111010110110101000110101
111011111110101010110100 000001001000000001100000 111010110110101011010100
111011111110101010110100 000001001000000001010000 111010110110101011100100
111011111110101010110100 000001001000000001001000 111010110110101011111100
111011111110101010110100 000001001000000001000100 111010110110101011110000
111011111110101010110100 000001001000000001000010 111010110110101011110110
111011111110101010110100 000001001000000001000001 111010110110101011110101
111011111110101010110100 000001001000000000110000 111010110110101010000100
111011111110101010110100 000001001000000000101000 111010110110101010011100
111011111110101010110100 000001001000000000100100 111010110110101010010000
111011111110101010110100 000001001000000000100010 111010110110101010010110
111011111110101010110100 000001001000000000100001 111010110110101010010101
111011111110101010110100 000001001000000000011000 111010110110101010101100
111011111110101010110100 000001001000000000010100 111010110110101010100000
111011111110101010110100 000001001000000000010010 111010110110101010100110
111011111110101010110100 000001001000000000010001 111010110110101010100101
111011111110101010110100 000001001000000000001100 111010110110101010111000
111011111110101010110100 000001001000000000001010 111010110110101010111110
111011111110101010110100 000001001000000000001001 111010110110101010111101
111011111110101010110100 000001001000000000000110 111010110110101010110010
111011111110101010110100 000001001000000000000101 111010110110101010110001
111011111110101010110100 000001001000000000000011 111010110110101010110111
111011111110101010110100 000001000111000000000000 111010111001101010110100
111011111110101010110100 000001000110100000000000 111010111000001010110100
111011111110101010110100 000001000110010000000000 111010111000111010110100
111011111110101010110100 000001000110001000000000 111010111000100010110100
111011111110101010110100 000001000110000100000000 111010111000101110110100
111011111110101010110100 000001000110000010000000 111010111000101000110100
111011111110101010110100 000001000110000001000000 111010111000101011110100
111011111110101010110100 000001000110000000100000 111010111000101010010100
111011111110101010110100 000001000110000000010000 111010111000101010100100
111011111110101010110100 000001000110000000001000 111010111000101010111100
111011111110101010110100 000001000110000000000100 111010111000101010110000
111011111110101010110100 000001000110000000000010 111010111000101010110110
111011111110101010110100 000001000110000000000001 111010111000101010110101
111011111110101010110100 000001000101100000000000 111010111011001010110100
111011111110101010110100 000001000101010000000000 111010111011111010110100
111011111110101010110100 000001000101001000000000 111010111011100010110100
111011111110101010110100 000001000101000100000000 111010111011101110110100
111011111110101010110100 000001000101000010000000 111010111011101000110100
111011111110101010110100 000001000101000001000000 111010111011101011110100
111011111110101010110100 000001000101000000100000 111010111011101010010100
111011111110101010110100 000001000101000000010000 111010111011101010100100
111011111110101010110100 000001000101000000001000 111010111011101010111100
111011111110101010110100 000001000101000000000100 111010111011101010110000
111011111110101010110100 000001000101000000000010 111010111011101010110110
111011111110101010110100 000001000101000000000001 111010111011101010110101
111011111110101010110100 000001000100110000000000 111010111010011010110100
111011111110101010110100 000001000100101000000000 111010111010000010110100
111011111110101010110100 000001000100100100000000 111010111010001110110100
111011111110101010110100 000001000100100010000000 111010111010001000110100
111011111110101010110100 000001000100100001000000 111010111010001011110100
111011111110101010110100 000001000100100000100000 111010111010001010010100
111011111110101010110100 000001000100100000010000 111010111010001010100100
111011111110101010110100 000001000100100000001000 111010111010001010111100
111011111110101010110100 000001000100100000000100 111010111010001010110000
111011111110101010110100 000001000100100000000010 111010111010001010110110
111011111110101010110100 000001000100100000000001 111010111010001010110101
111011111110101010110100 000001000100011000000000 111010111010110010110100
111011111110101010110100 000001000100010100000000 111010111010111110110100
111011111110101010110100 000001000100010010000000 111010111010111000110100
111011111110101010110100 000001000100010001000000 111010111010111011110100
111011111110101010110100 000001000100010000100000 111010111010111010010100
111011111110101010110100 000001000100010000010000 111010111010111010100100
111011111110101010110100 000001000100010000001000 111010111010111010111100
111011111110101010110100 000001000100010000000100 111010111010111010110000
111011111110101010110100 000001000100010000000010 111010111010111010110110
111011111110101010110100 000001000100010000000001 111010111010111010110101
111011111110101010110100 000001000100001100000000 111010111010100110110100
111011111110101010110100 000001000100001010000000 111010111010100000110100
111011111110101010110100 000001000100001001000000 111010111010100011110100
111011111110101010110100 000001000100001000100000 111010111010100010010100
111011111110101010110100 000001000100001000010000 111010111010100010100100
111011111110101010110100 000001000100001000001000 111010111010100010111100
111011111110101010110100 000001000100001000000100 111010111010100010110000
111011111110101010110100 000001000100001000000010 111010111010100010110110
111011111110101010110100 000001000100001000000001 111010111010100010110101
111011111110101010110100 000001000100000110000000 111010111010101100110100
111011111110101010110100 000001000100000101000000 111010111010101111110100
111011111110101010110100 000001000100000100100000 111010111010101110010100
111011111110101010110100 000001000100000100010000 111010111010101110100100
111011111110101010110100 000001000100000100001000 111010111010101110111100
111011111110101010110100 000001000100000100000100 111010111010101110110000
111011111110101010110100 000001000100000100000010 111010111010101110110110
111011111110101010110100 000001000100000100000001 111010111010101110110101
111011111110101010110100 000001000100000011000000 111010111010101001110100
111011111110101010110100 000001000100000010100000 111010111010101000010100
111011111110101010110100 000001000100000010010000 111010111010101000100100
111011111110101010110100 000001000100000010001000 111010111010101000111100
111011111110101010110100 000001000100000010000100 111010111010101000110000
111011111110101010110100 000001000100000010000010 111010111010101000110110
111011111110101010110100 000001000100000010000001 111010111010101000110101
111011111110101010110100 000001000100000001100000 111010111010101011010100
111011111110101010110100 000001000100000001010000 111010111010101011100100
111011111110101010110100 000001000100000001001000 111010111010101011111100
111011111110101010110100 000001000100000001000100 111010111010101011110000
111011111110101010110100 000001000100000001000010 111010111010101011110110
111011111110101010110100 000001000100000001000001 111010111010101011110101
111011111110101010110100 000001000100000000110000 111010111010101010000100
111011111110101010110100 000001000100000000101000 111010111010101010011100
111011111110101010110100 000001000100000000100100 111010111010101010010000
111011111110101010110100 000001000100000000100010 111010111010101010010110
111011111110101010110100 000001000100000000100001 111010111010101010010101
111011111110101010110100 000001000100000000011000 111010111010101010101100
111011111110101010110100 000001000100000000010100 111010111010101010100000
111011111110101010110100 000001000100000000010010 111010111010101010100110
111011111110101010110100 000001000100000000010001 111010111010101010100101
111011111110101010110100 000001000100000000001100 111010111010101010111000
111011111110101010110100 000001000100000000001010 111010111010101010111110
111011111110101010110100 000001000100000000001001 111010111010101010111101
111011111110101010110100 000001000100000000000110 111010111010101010110010
111011111110101010110100 000001000100000000000101 111010111010101010110001
111011111110101010110100 000001000100000000000011 111010111010101010110111
111011111110101010110100 000001000011100000000000 111010111101001010110100
111011111110101010110100 000001000011010000000000 111010111101111010110100
111011111110101010110100 000001000011001000000000 111010111101100010110100
111011111110101010110100 000001000011000100000000 111010111101101110110100
111011111110101010110100 000001000011000010000000 111010111101101000110100
111011111110101010110100 000001000011000001000000 111010111101101011110100
111011111110101010110100 000001000011000000100000 111010111101101010010100
111011111110101010110100 000001000011000000010000 111010111101101010100100
111011111110101010110100 000001000011000000001000 111010111101101010111100
111011111110101010110100 000001000011000000000100 111010111101101010110000
111011111110101010110100 000001000011000000000010 111010111101101010110110
111011111110101010110100 000001000011000000000001 111010111101101010110101
111011111110101010110100 000001000010110000000000 111010111100011010110100
111011111110101010110100 000001000010101000000000 111010111100000010110100
111011111110101010110100 000001000010100100000000 111010111100001110110100
111011111110101010110100 000001000010100010000000 111010111100001000110100
111011111110101010110100 000001000010100001000000 111010111100001011110100
111011111110101010110100 000001000010100000100000 111010111100001010010100
111011111110101010110100 000001000010100000010000 111010111100001010100100
111011111110101010110100 000001000010100000001000 111010111100001010111100
111011111110101010110100 000001000010100000000100 111010111100001010110000
111011111110101010110100 000001000010100000000010 111010111100001010110110
111011111110101010110100 000001000010100000000001 111010111100001010110101
111011111110101010110100 000001000010011000000000 111010111100110010110100
111011111110101010110100 000001000010010100000000 111010111100111110110100
111011111110101010110100 000001000010010010000000 111010111100111000110100
111011111110101010110100 000001000010010001000000 111010111100111011110100
111011111110101010110100 000001000010010000100000 111010111100111010010100
111011111110101010110100 000001000010010000010000 111010111100111010100100
111011111110101010110100 000001000010010000001000 111010111100111010111100
111011111110101010110100 000001000010010000000100 111010111100111010110000
111011111110101010110100 000001000010010000000010 111010111100111010110110
111011111110101010110100 000001000010010000000001 111010111100111010110101
111011111110101010110100 000001000010001100000000 111010111100100110110100
111011111110101010110100 000001000010001010000000 111010111100100000110100
111011111110101010110100 000001000010001001000000 111010111100100011110100
111011111110101010110100 000001000010001000100000 111010111100100010010100
111011111110101010110100 000001000010001000010000 111010111100100010100100
111011111110101010110100 000001000010001000001000 111010111100100010111100
111011111110101010110100 000001000010001000000100 111010111100100010110000
111011111110101010110100 000001000010001000000010 111010111100100010110110
111011111110101010110100 000001000010001000000001 111010111100100010110101
111011111110101010110100 000001000010000110000000 111010111100101100110100
111011111110101010110100 000001000010000101000000 111010111100101111110100
111011111110101010110100 000001000010000100100000 111010111100101110010100
111011111110101010110100 000001000010000100010000 111010111100101110100100
111011111110101010110100 000001000010000100001000 111010111100101110111100
111011111110101010110100 000001000010000100000100 111010111100101110110000
111011111110101010110100 000001000010000100000010 111010111100101110110110
111011111110101010110100 000001000010000100000001 111010111100101110110101
111011111110101010110100 000001000010000011000000 111010111100101001110100
111011111110101010110100 000001000010000010100000 111010111100101000010100
111011111110101010110100 000001000010000010010000 111010111100101000100100
111011111110101010110100 000001000010000010001000 111010111100101000111100
111011111110101010110100 000001000010000010000100 111010111100101000110000
111011111110101010110100 000001000010000010000010 111010111100101000110110
111011111110101010110100 000001000010000010000001 111010111100101000110101
111011111110101010110100 000001000010000001100000 111010111100101011010100
111011111110101010110100 000001000010000001010000 111010111100101011100100
111011111110101010110100 000001000010000001001000 111010111100101011111100
111011111110101010110100 000001000010000001000100 111010111100101011110000
111011111110101010110100 000001000010000001000010 111010111100101011110110
111011111110101010110100 000001000010000001000001 111010111100101011110101
111011111110101010110100 000001000010000000110000 111010111100101010000100
111011111110101010110100 000001000010000000101000 111010111100101010011100
111011111110101010110100 000001000010000000100100 111010111100101010010000
111011111110101010110100 000001000010000000100010 111010111100101010010110
111011111110101010110100 000001000010000000100001 111010111100101010010101
111011111110101010110100 000001000010000000011000 111010111100101010101100
111011111110101010110100 000001000010000000010100 111010111100101010100000
111011111110101010110100 000001000010000000010010 111010111100101010100110
111011111110101010110100 000001000010000000010001 111010111100101010100101
111011111110101010110100 000001000010000000001100 111010111100101010111000
111011111110101010110100 000001000010000000001010 111010111100101010111110
111011111110101010110100 000001000010000000001001 111010111100101010111101
111011111110101010110100 000001000010000000000110 111010111100101010110010
111011111110101010110100 000001000010000000000101 111010111100101010110001
111011111110101010110100 000001000010000000000011 111010111100101010110111
111011111110101010110100 000001000001110000000000 111010111111011010110100
111011111110101010110100 000001000001101000000000 111010111111000010110100
111011111110101010110100 000001000001100100000000 111010111111001110110100
111011111110101010110100 000001000001100010000000 111010111111001000110100
111011111110101010110100 000001000001100001000000 111010111111001011110100
111011111110101010110100 000001000001100000100000 111010111111001010010100
111011111110101010110100 000001000001100000010000 111010111111001010100100
111011111110101010110100 000001000001100000001000 111010111111001010111100
111011111110101010110100 000001000001100000000100 111010111111001010110000
111011111110101010110100 000001000001100000000010 111010111111001010110110
111011111110101010110100 000001000001100000000001 111010111111001010110101
111011111110101010110100 000001000001011000000000 111010111111110010110100
111011111110101010110100 000001000001010100000000 111010111111111110110100
111011111110101010110100 000001000001010010000000 111010111111111000110100
111011111110101010110100 000001000001010001000000 111010111111111011110100
111011111110101010110100 000001000001010000100000 111010111111111010010100
111011111110101010110100 000001000001010000010000 111010111111111010100100
111011111110101010110100 000001000001010000001000 111010111111111010111100
111011111110101010110100 000001000001010000000100 111010111111111010110000
111011111110101010110100 000001000001010000000010 111010111111111010110110
111011111110101010110100 000001000001010000000001 111010111111111010110101
111011111110101010110100 000001000001001100000000 111010111111100110110100
111011111110101010110100 000001000001001010000000 111010111111100000110100
111011111110101010110100 000001000001001001000000 111010111111100011110100
111011111110101010110100 000001000001001000100000 111010111111100010010100
111011111110101010110100 000001000001001000010000 111010111111100010100100
111011111110101010110100 000001000001001000001000 111010111111100010111100
111011111110101010110100 000001000001001000000100 111010111111100010110000
111011111110101010110100 000001000001001000000010 111010111111100010110110
111011111110101010110100 000001000001001000000001 111010111111100010110101
111011111110101010110100 000001000001000110000000 111010111111101100110100
111011111110101010110100 000001000001000101000000 111010111111101111110100
111011111110101010110100 000001000001000100100000 111010111111101110010100
111011111110101010110100 000001000001000100010000 111010111111101110100100
111011111110101010110100 000001000001000100001000 111010111111101110111100
111011111110101010110100 000001000001000100000100 111010111111101110110000
111011111110101010110100 000001000001000100000010 111010111111101110110110
111011111110101010110100 000001000001000100000001 111010111111101110110101
111011111110101010110100 000001000001000011000000 111010111111101001110100
111011111110101010110100 000001000001000010100000 111010111111101000010100
111011111110101010110100 000001000001000010010000 111010111111101000100100
111011111110101010110100 000001000001000010001000 111010111111101000111100
111011111110101010110100 000001000001000010000100 111010111111101000110000
111011111110101010110100 000001000001000010000010 111010111111101000110110
111011111110101010110100 000001000001000010000001 111010111111101000110101
111011111110101010110100 000001000001000001100000 111010111111101011010100
111011111110101010110100 000001000001000001010000 111010111111101011100100
111011111110101010110100 000001000001000001001000 111010111111101011111100
111011111110101010110100 000001000001000001000100 111010111111101011110000
111011111110101010110100 000001000001000001000010 111010111111101011110110
111011111110101010110100 000001000001000001000001 111010111111101011110101
111011111110101010110100 000001000001000000110000 111010111111101010000100
111011111110101010110100 000001000001000000101000 111010111111101010011100
111011111110101010110100 000001000001000000100100 111010111111101010010000
111011111110101010110100 000001000001000000100010 111010111111101010010110
111011111110101010110100 000001000001000000100001 111010111111101010010101
111011111110101010110100 000001000001000000011000 111010111111101010101100
111011111110101010110100 000001000001000000010100 111010111111101010100000
111011111110101010110100 000001000001000000010010 111010111111101010100110
111011111110101010110100 000001000001000000010001 111010111111101010100101
111011111110101010110100 000001000001000000001100 111010111111101010111000
111011111110101010110100 000001000001000000001010 111010111111101010111110
111011111110101010110100 000001000001000000001001 111010111111101010111101
111011111110101010110100 000001000001000000000110 111010111111101010110010
111011111110101010110100 000001000001000000000101 111010111111101010110001
111011111110101010110100 000001000001000000000011 111010111111101010110111
111011111110101010110100 000001000000111000000000 111010111110010010110100
111011111110101010110100 000001000000110100000000 111010111110011110110100
111011111110101010110100 000001000000110010000000 111010111110011000110100
111011111110101010110100 000001000000110001000000 111010111110011011110100
111011111110101010110100 000001000000110000100000 111010111110011010010100
111011111110101010110100 000001000000110000010000 111010111110011010100100
111011111110101010110100 000001000000110000001000 111010111110011010111100
111011111110101010110100 000001000000110000000100 111010111110011010110000
111011111110101010110100 000001000000110000000010 111010111110011010110110
111011111110101010110100 000001000000110000000001 111010111110011010110101
111011111110101010110100 000001000000101100000000 111010111110000110110100
111011111110101010110100 000001000000101010000000 111010111110000000110100
111011111110101010110100 000001000000101001000000 111010111110000011110100
111011111110101010110100 000001000000101000100000 111010111110000010010100
111011111110101010110100 000001000000101000010000 111010111110000010100100
111011111110101010110100 000001000000101000001000 111010111110000010111100
111011111110101010110100 000001000000101000000100 111010111110000010110000
111011111110101010110100 000001000000101000000010 111010111110000010110110
111011111110101010110100 000001000000101000000001 111010111110000010110101
111011111110101010110100 000001000000100110000000 111010111110001100110100
111011111110101010110100 000001000000100101000000 111010111110001111110100
111011111110101010110100 000001000000100100100000 111010111110001110010100
111011111110101010110100 000001000000100100010000 111010111110001110100100
111011111110101010110100 000001000000100100001000 111010111110001110111100
111011111110101010110100 000001000000100100000100 111010111110001110110000
111011111110101010110100 000001000000100100000010 111010111110001110110110
111011111110101010110100 000001000000100100000001 111010111110001110110101
111011111110101010110100 000001000000100011000000 111010111110001001110100
111011111110101010110100 000001000000100010100000 111010111110001000010100
111011111110101010110100 000001000000100010010000 111010111110001000100100
111011111110101010110100 000001000000100010001000 111010111110001000111100
111011111110101010110100 000001000000100010000100 111010111110001000110000
111011111110101010110100 000001000000100010000010 111010111110001000110110
111011111110101010110100 000001000000100010000001 111010111110001000110101
111011111110101010110100 000001000000100001100000 111010111110001011010100
111011111110101010110100 000001000000100001010000 111010111110001011100100
111011111110101010110100 000001000000100001001000 111010111110001011111100
111011111110101010110100 000001000000100001000100 111010111110001011110000
111011111110101010110100 000001000000100001000010 111010111110001011110110
111011111110101010110100 000001000000100001000001 111010111110001011110101
111011111110101010110100 000001000000100000110000 111010111110001010000100
111011111110101010110100 000001000000100000101000 111010111110001010011100
111011111110101010110100 000001000000100000100100 111010111110001010010000
111011111110101010110100 000001000000100000100010 111010111110001010010110
111011111110101010110100 000001000000100000100001 111010111110001010010101
111011111110101010110100 000001000000100000011000 111010111110001010101100
111011111110101010110100 000001000000100000010100 111010111110001010100000
111011111110101010110100 000001000000100000010010 111010111110001010100110
111011111110101010110100 000001000000100000010001 111010111110001010100101
111011111110101010110100 000001000000100000001100 111010111110001010111000
111011111110101010110100 000001000000100000001010 111010111110001010111110
111011111110101010110100 000001000000100000001001 111010111110001010111101
111011111110101010110100 000001000000100000000110 111010111110001010110010
111011111110101010110100 000001000000100000000101 111010111110001010110001
111011111110101010110100 000001000000100000000011 111010111110001010110111
111011111110101010110100 000001000000011100000000 111010111110110110110100
111011111110101010110100 000001000000011010000000 111010111110110000110100
111011111110101010110100 000001000000011001000000 111010111110110011110100
111011111110101010110100 000001000000011000100000 111010111110110010010100
111011111110101010110100 000001000000011000010000 111010111110110010100100
111011111110101010110100 000001000000011000001000 111010111110110010111100
111011111110101010110100 000001000000011000000100 111010111110110010110000
111011111110101010110100 000001000000011000000010 111010111110110010110110
111011111110101010110100 000001000000011000000001 111010111110110010110101
111011111110101010110100 000001000000010110000000 111010111110111100110100
111011111110101010110100 000001000000010101000000 111010111110111111110100
111011111110101010110100 000001000000010100100000 111010111110111110010100
111011111110101010110100 000001000000010100010000 111010111110111110100100
111011111110101010110100 000001000000010100001000 111010111110111110111100
111011111110101010110100 000001000000010100000100 111010111110111110110000
111011111110101010110100 000001000000010100000010 111010111110111110110110
111011111110101010110100 000001000000010100000001 111010111110111110110101
111011111110101010110100 000001000000010011000000 111010111110111001110100
111011111110101010110100 000001000000010010100000 111010111110111000010100
111011111110101010110100 000001000000010010010000 111010111110111000100100
111011111110101010110100 000001000000010010001000 111010111110111000111100
111011111110101010110100 000001000000010010000100 111010111110111000110000
111011111110101010110100 000001000000010010000010 111010111110111000110110
111011111110101010110100 000001000000010010000001 111010111110111000110101
111011111110101010110100 000001000000010001100000 111010111110111011010100
111011111110101010110100 000001000000010001010000 111010111110111011100100
111011111110101010110100 000001000000010001001000 111010111110111011111100
111011111110101010110100 000001000000010001000100 111010111110111011110000
111011111110101010110100 000001000000010001000010 111010111110111011110110
111011111110101010110100 000001000000010001000001 111010111110111011110101
111011111110101010110100 000001000000010000110000 111010111110111010000100
111011111110101010110100 000001000000010000101000 111010111110111010011100
111011111110101010110100 000001000000010000100100 111010111110111010010000
111011111110101010110100 000001000000010000100010 111010111110111010010110
111011111110101010110100 000001000000010000100001 111010111110111010010101
111011111110101010110100 000001000000010000011000 111010111110111010101100
111011111110101010110100 000001000000010000010100 111010111110111010100000
111011111110101010110100 000001000000010000010010 111010111110111010100110
111011111110101010110100 000001000000010000010001 111010111110111010100101
111011111110101010110100 000001000000010000001100 111010111110111010111000
111011111110101010110100 000001000000010000001010 111010111110111010111110
111011111110101010110100 000001000000010000001001 111010111110111010111101
111011111110101010110100 000001000000010000000110 111010111110111010110010
111011111110101010110100 000001000000010000000101 111010111110111010110001
111011111110101010110100 000001000000010000000011 111010111110111010110111
111011111110101010110100 000001000000001110000000 111010111110100100110100
111011111110101010110100 000001000000001101000000 111010111110100111110100
111011111110101010110100 000001000000001100100000 111010111110100110010100
111011111110101010110100 000001000000001100010000 111010111110100110100100
111011111110101010110100 000001000000001100001000 111010111110100110111100
111011111110101010110100 000001000000001100000100 111010111110100110110000
111011111110101010110100 000001000000001100000010 111010111110100110110110
111011111110101010110100 000001000000001100000001 111010111110100110110101
111011111110101010110100 000001000000001011000000 111010111110100001110100
111011111110101010110100 000001000000001010100000 111010111110100000010100
111011111110101010110100 000001000000001010010000 111010111110100000100100
111011111110101010110100 000001000000001010001000 111010111110100000111100
111011111110101010110100 000001000000001010000100 111010111110100000110000
111011111110101010110100 000001000000001010000010 111010111110100000110110
111011111110101010110100 000001000000001010000001 111010111110100000110101
111011111110101010110100 000001000000001001100000 111010111110100011010100
111011111110101010110100 000001000000001001010000 111010111110100011100100
111011111110101010110100 000001000000001001001000 111010111110100011111100
111011111110101010110100 000001000000001001000100 111010111110100011110000
111011111110101010110100 000001000000001001000010 111010111110100011110110
111011111110101010110100 000001000000001001000001 111010111110100011110101
111011111110101010110100 000001000000001000110000 111010111110100010000100
111011111110101010110100 000001000000001000101000 111010111110100010011100
111011111110101010110100 000001000000001000100100 111010111110100010010000
111011111110101010110100 000001000000001000100010 111010111110100010010110
111011111110101010110100 000001000000001000100001 111010111110100010010101
111011111110101010110100 000001000000001000011000 111010111110100010101100
111011111110101010110100 000001000000001000010100 111010111110100010100000
111011111110101010110100 000001000000001000010010 111010111110100010100110
111011111110101010110100 000001000000001000010001 111010111110100010100101
111011111110101010110100 000001000000001000001100 111010111110100010111000
111011111110101010110100 000001000000001000001010 111010111110100010111110
111011111110101010110100 000001000000001000001001 111010111110100010111101
111011111110101010110100 000001000000001000000110 111010111110100010110010
111011111110101010110100 000001000000001000000101 111010111110100010110001
111011111110101010110100 000001000000001000000011 111010111110100010110111
111011111110101010110100 000001000000000111000000 111010111110101101110100
111011111110101010110100 000001000000000110100000 111010111110101100010100
111011111110101010110100 000001000000000110010000 111010111110101100100100
111011111110101010110100 000001000000000110001000 111010111110101100111100
111011111110101010110100 000001000000000110000100 111010111110101100110000
111011111110101010110100 000001000000000110000010 111010111110101100110110
111011111110101010110100 000001000000000110000001 111010111110101100110101
111011111110101010110100 000001000000000101100000 111010111110101111010100
111011111110101010110100 000001000000000101010000 111010111110101111100100
111011111110101010110100 000001000000000101001000 111010111110101111111100
111011111110101010110100 000001000000000101000100 111010111110101111110000
111011111110101010110100 000001000000000101000010 111010111110101111110110
111011111110101010110100 000001000000000101000001 111010111110101111110101
111011111110101010110100 000001000000000100110000 111010111110101110000100
111011111110101010110100 000001000000000100101000 111010111110101110011100
111011111110101010110100 000001000000000100100100 111010111110101110010000
111011111110101010110100 000001000000000100100010 111010111110101110010110
111011111110101010110100 000001000000000100100001 111010111110101110010101
111011111110101010110100 000001000000000100011000 111010111110101110101100
111011111110101010110100 000001000000000100010100 111010111110101110100000
111011111110101010110100 000001000000000100010010 111010111110101110100110
111011111110101010110100 000001000000000100010001 111010111110101110100101
111011111110101010110100 000001000000000100001100 111010111110101110111000
111011111110101010110100 000001000000000100001010 111010111110101110111110
111011111110101010110100 000001000000000100001001 111010111110101110111101
111011111110101010110100 000001000000000100000110 111010111110101110110010
111011111110101010110100 000001000000000100000101 111010111110101110110001
111011111110101010110100 000001000000000100000011 111010111110101110110111
111011111110101010110100 000001000000000011100000 111010111110101001010100
111011111110101010110100 000001000000000011010000 111010111110101001100100
111011111110101010110100 000001000000000011001000 111010111110101001111100
111011111110101010110100 000001000000000011000100 111010111110101001110000
111011111110101010110100 000001000000000011000010 111010111110101001110110
111011111110101010110100 000001000000000011000001 111010111110101001110101
111011111110101010110100 000001000000000010110000 111010111110101000000100
111011111110101010110100 000001000000000010101000 111010111110101000011100
111011111110101010110100 000001000000000010100100 111010111110101000010000
111011111110101010110100 000001000000000010100010 111010111110101000010110
111011111110101010110100 000001000000000010100001 111010111110101000010101
111011111110101010110100 000001000000000010011000 111010111110101000101100
111011111110101010110100 000001000000000010010100 111010111110101000100000
111011111110101010110100 000001000000000010010010 111010111110101000100110
111011111110101010110100 000001000000000010010001 111010111110101000100101
111011111110101010110100 000001000000000010001100 111010111110101000111000
111011111110101010110100 000001000000000010001010 111010111110101000111110
111011111110101010110100 000001000000000010001001 111010111110101000111101
111011111110101010110100 000001000000000010000110 111010111110101000110010
111011111110101010110100 000001000000000010000101 111010111110101000110001
111011111110101010110100 000001000000000010000011 111010111110101000110111
111011111110101010110100 000001000000000001110000 111010111110101011000100
111011111110101010110100 000001000000000001101000 111010111110101011011100
111011111110101010110100 000001000000000001100100 111010111110101011010000
111011111110101010110100 000001000000000001100010 111010111110101011010110
111011111110101010110100 000001000000000001100001 111010111110101011010101
111011111110101010110100 000001000000000001011000 111010111110101011101100
111011111110101010110100 000001000000000001010100 111010111110101011100000
111011111110101010110100 000001000000000001010010 111010111110101011100110
111011111110101010110100 000001000000000001010001 111010111110101011100101
111011111110101010110100 000001000000000001001100 111010111110101011111000
111011111110101010110100 000001000000000001001010 111010111110101011111110
111011111110101010110100 000001000000000001001001 111010111110101011111101
111011111110101010110100 000001000000000001000110 111010111110101011110010
111011111110101010110100 000001000000000001000101 111010111110101011110001
111011111110101010110100 000001000000000001000011 111010111110101011110111
111011111110101010110100 000001000000000000111000 111010111110101010001100
111011111110101010110100 000001000000000000110100 111010111110101010000000
111011111110101010110100 000001000000000000110010 111010111110101010000110
111011111110101010110100 000001000000000000110001 111010111110101010000101
111011111110101010110100 000001000000000000101100 111010111110101010011000
111011111110101010110100 000001000000000000101010 111010111110101010011110
111011111110101010110100 000001000000000000101001 111010111110101010011101
111011111110101010110100 000001000000000000100110 111010111110101010010010
111011111110101010110100 000001000000000000100101 111010111110101010010001
111011111110101010110100 000001000000000000100011 111010111110101010010111
111011111110101010110100 000001000000000000011100 111010111110101010101000
111011111110101010110100 000001000000000000011010 111010111110101010101110
111011111110101010110100 000001000000000000011001 111010111110101010101101
111011111110101010110100 000001000000000000010110 111010111110101010100010
111011111110101010110100 000001000000000000010101 111010111110101010100001
111011111110101010110100 000001000000000000010011 111010111110101010100111
111011111110101010110100 000001000000000000001110 111010111110101010111010
111011111110101010110100 000001000000000000001101 111010111110101010111001
111011111110101010110100 000001000000000000001011 111010111110101010111111
111011111110101010110100 000001000000000000000111 111010111110101010110011
111011111110101010110100 000000111100000000000000 111011000010101010110100
111011111110101010110100 000000111010000000000000 111011000100101010110100
111011111110101010110100 000000111001000000000000 111011000111101010110100
111011111110101010110100 000000111000100000000000 111011000110001010110100
111011111110101010110100 000000111000010000000000 111011000110111010110100
111011111110101010110100 000000111000001000000000 111011000110100010110100
111011111110101010110100 000000111000000100000000 111011000110101110110100
111011111110101010110100 000000111000000010000000 111011000110101000110100
111011111110101010110100 000000111000000001000000 111011000110101011110100
111011111110101010110100 000000111000000000100000 111011000110101010010100
111011111110101010110100 000000111000000000010000 111011000110101010100100
111011111110101010110100 000000111000000000001000 111011000110101010111100
111011111110101010110100 000000111000000000000100 111011000110101010110000
111011111110101010110100 000000111000000000000010 111011000110101010110110
111011111110101010110100 000000111000000000000001 111011000110101010110101
111011111110101010110100 000000110110000000000000 111011001000101010110100
111011111110101010110100 000000110101000000000000 111011001011101010110100
111011111110101010110100 000000110100100000000000 111011001010001010110100
111011111110101010110100 000000110100010000000000 111011001010111010110100
111011111110101010110100 000000110100001000000000 111011001010100010110100
111011111110101010110100 000000110100000100000000 111011001010101110110100
111011111110101010110100 000000110100000010000000 111011001010101000110100
111011111110101010110100 000000110100000001000000 111011001010101011110100
111011111110101010110100 000000110100000000100000 111011001010101010010100
111011111110101010110100 000000110100000000010000 111011001010101010100100
111011111110101010110100 000000110100000000001000 111011001010101010111100
111011111110101010110100 000000110100000000000100 111011001010101010110000
111011111110101010110100 000000110100000000000010 111011001010101010110110
111011111110101010110100 000000110100000000000001 111011001010101010110101
111011111110101010110100 000000110011000000000000 111011001101101010110100
111011111110101010110100 000000110010100000000000 111011001100001010110100
111011111110101010110100 000000110010010000000000 111011001100111010110100
111011111110101010110100 000000110010001000000000 111011001100100010110100
111011111110101010110100 000000110010000100000000 111011001100101110110100
111011111110101010110100 000000110010000010000000 111011001100101000110100
111011111110101010110100 000000110010000001000000 111011001100101011110100
111011111110101010110100 000000110010000000100000 111011001100101010010100
111011111110101010110100 000000110010000000010000 111011001100101010100100
111011111110101010110100 000000110010000000001000 111011001100101010111100
111011111110101010110100 000000110010000000000100 111011001100101010110000
111011111110101010110100 000000110010000000000010 111011001100101010110110
111011111110101010110100 000000110010000000000001 111011001100101010110101
111011111110101010110100 000000110001100000000000 111011001111001010110100
111011111110101010110100 000000110001010000000000 111011001111111010110100
111011111110101010110100 000000110001001000000000 111011001111100010110100
111011111110101010110100 000000110001000100000000 111011001111101110110100
111011111110101010110100 000000110001000010000000 111011001111101000110100
111011111110101010110100 000000110001000001000000 111011001111101011110100
111011111110101010110100 000000110001000000100000 111011001111101010010100
111011111110101010110100 000000110001000000010000 111011001111101010100100
111011111110101010110100 000000110001000000001000 111011001111101010111100
111011111110101010110100 000000110001000000000100 111011001111101010110000
111011111110101010110100 000000110001000000000010 111011001111101010110110
111011111110101010110100 000000110001000000000001 111011001111101010110101
111011111110101010110100 000000110000110000000000 111011001110011010110100
111011111110101010110100 000000110000101000000000 111011001110000010110100
111011111110101010110100 000000110000100100000000 111011001110001110110100
111011111110101010110100 000000110000100010000000 111011001110001000110100
111011111110101010110100 000000110000100001000000 111011001110001011110100
111011111110101010110100 000000110000100000100000 111011001110001010010100
111011111110101010110100 000000110000100000010000 111011001110001010100100
111011111110101010110100 000000110000100000001000 111011001110001010111100
111011111110101010110100 000000110000100000000100 111011001110001010110000
111011111110101010110100 000000110000100000000010 111011001110001010110110
111011111110101010110100 000000110000100000000001 111011001110001010110101
111011111110101010110100 000000110000011000000000 111011001110110010110100
111011111110101010110100 000000110000010100000000 111011001110111110110100
111011111110101010110100 000000110000010010000000 111011001110111000110100
111011111110101010110100 000000110000010001000000 111011001110111011110100
111011111110101010110100 000000110000010000100000 111011001110111010010100
111011111110101010110100 000000110000010000010000 111011001110111010100100
111011111110101010110100 000000110000010000001000 111011001110111010111100
111011111110101010110100 000000110000010000000100 111011001110111010110000
111011111110101010110100 000000110000010000000010 111011001110111010110110
111011111110101010110100 000000110000010000000001 111011001110111010110101
111011111110101010110100 000000110000001100000000 111011001110100110110100
111011111110101010110100 000000110000001010000000 111011001110100000110100
111011111110101010110100 000000110000001001000000 111011001110100011110100
111011111110101010110100 000000110000001000100000 111011001110100010010100
111011111110101010110100 000000110000001000010000 111011001110100010100100
111011111110101010110100 000000110000001000001000 111011001110100010111100
111011111110101010110100 000000110000001000000100 111011001110100010110000
111011111110101010110100 000000110000001000000010 111011001110100010110110
111011111110101010110100 000000110000001000000001 111011001110100010110101
111011111110101010110100 000000110000000110000000 111011001110101100110100
111011111110101010110100 000000110000000101000000 111011001110101111110100
111011111110101010110100 000000110000000100100000 111011001110101110010100
111011111110101010110100 000000110000000100010000 111011001110101110100100
111011111110101010110100 000000110000000100001000 111011001110101110111100
111011111110101010110100 000000110000000100000100 111011001110101110110000
111011111110101010110100 000000110000000100000010 111011001110101110110110
111011111110101010110100 000000110000000100000001 111011001110101110110101
111011111110101010110100 000000110000000011000000 111011001110101001110100
111011111110101010110100 000000110000000010100000 111011001110101000010100
111011111110101010110100 000000110000000010010000 111011001110101000100100
111011111110101010110100 000000110000000010001000 111011001110101000111100
111011111110101010110100 000000110000000010000100 111011001110101000110000
111011111110101010110100 000000110000000010000010 111011001110101000110110
111011111110101010110100 000000110000000010000001 111011001110101000110101
111011111110101010110100 000000110000000001100000 111011001110101011010100
111011111110101010110100 000000110000000001010000 111011001110101011100100
111011111110101010110100 000000110000000001001000 111011001110101011111100
111011111110101010110100 000000110000000001000100 111011001110101011110000
111011111110101010110100 000000110000000001000010 111011001110101011110110
111011111110101010110100 000000110000000001000001 111011001110101011110101
111011111110101010110100 000000110000000000110000 111011001110101010000100
111011111110101010110100 000000110000000000101000 111011001110101010011100
111011111110101010110100 000000110000000000100100 111011001110101010010000
111011111110101010110100 000000110000000000100010 111011001110101010010110
111011111110101010110100 000000110000000000100001 111011001110101010010101
111011111110101010110100 000000110000000000011000 111011001110101010101100
111011111110101010110100 000000110000000000010100 111011001110101010100000
111011111110101010110100 000000110000000000010010 111011001110101010100110
111011111110101010110100 000000110000000000010001 111011001110101010100101
111011111110101010110100 000000110000000000001100 111011001110101010111000
111011111110101010110100 000000110000000000001010 111011001110101010111110
111011111110101010110100 000000110000000000001001 111011001110101010111101
111011111110101010110100 000000110000000000000110 111011001110101010110010
111011111110101010110100 000000110000000000000101 111011001110101010110001
111011111110101010110100 000000110000000000000011 111011001110101010110111
111011111110101010110100 000000101110000000000000 111011010000101010110100
111011111110101010110100 000000101101000000000000 111011010011101010110100
111011111110101010110100 000000101100100000000000 111011010010001010110100
111011111110101010110100 000000101100010000000000 111011010010111010110100
111011111110101010110100 000000101100001000000000 111011010010100010110100
111011111110101010110100 000000101100000100000000 111011010010101110110100
111011111110101010110100 000000101100000010000000 111011010010101000110100
111011111110101010110100 000000101100000001000000 111011010010101011110100
111011111110101010110100 000000101100000000100000 111011010010101010010100
111011111110101010110100 000000101100000000010000 111011010010101010100100
111011111110101010110100 000000101100000000001000 111011010010101010111100
111011111110101010110100 000000101100000000000100 111011010010101010110000
111011111110101010110100 000000101100000000000010 111011010010101010110110
111011111110101010110100 000000101100000000000001 111011010010101010110101
111011111110101010110100 000000101011000000000000 111011010101101010110100
111011111110101010110100 000000101010100000000000 111011010100001010110100
111011111110101010110100 000000101010010000000000 111011010100111010110100
111011111110101010110100 000000101010001000000000 111011010100100010110100
111011111110101010110100 000000101010000100000000 111011010100101110110100
111011111110101010110100 000000101010000010000000 111011010100101000110100
111011111110101010110100 000000101010000001000000 111011010100101011110100
111011111110101010110100 000000101010000000100000 111011010100101010010100
111011111110101010110100 000000101010000000010000 111011010100101010100100
111011111110101010110100 000000101010000000001000 111011010100101010111100
111011111110101010110100 000000101010000000000100 111011010100101010110000
111011111110101010110100 000000101010000000000010 111011010100101010110110
111011111110101010110100 000000101010000000000001 111011010100101010110101
111011111110101010110100 000000101001100000000000 111011010111001010110100
111011111110101010110100 000000101001010000000000 111011010111111010110100
111011111110101010110100 000000101001001000000000 111011010111100010110100
111011111110101010110100 000000101001000100000000 111011010111101110110100
111011111110101010110100 000000101001000010000000 111011010111101000110100
111011111110101010110100 000000101001000001000000 111011010111101011110100
111011111110101010110100 000000101001000000100000 111011010111101010010100
111011111110101010110100 000000101001000000010000 111011010111101010100100
111011111110101010110100 000000101001000000001000 111011010111101010111100
111011111110101010110100 000000101001000000000100 111011010111101010110000
111011111110101010110100 000000101001000000000010 111011010111101010110110
111011111110101010110100 000000101001000000000001 111011010111101010110101
111011111110101010110100 000000101000110000000000 111011010110011010110100
111011111110101010110100 000000101000101000000000 111011010110000010110100
111011111110101010110100 000000101000100100000000 111011010110001110110100
111011111110101010110100 000000101000100010000000 111011010110001000110100
111011111110101010110100 000000101000100001000000 111011010110001011110100
111011111110101010110100 000000101000100000100000 111011010110001010010100
111011111110101010110100 000000101000100000010000 111011010110001010100100
111011111110101010110100 000000101000100000001000 111011010110001010111100
111011111110101010110100 000000101000100000000100 111011010110001010110000
111011111110101010110100 000000101000100000000010 111011010110001010110110
111011111110101010110100 000000101000100000000001 111011010110001010110101
111011111110101010110100 000000101000011000000000 111011010110110010110100
111011111110101010110100 000000101000010100000000 111011010110111110110100
111011111110101010110100 000000101000010010000000 111011010110111000110100
111011111110101010110100 000000101000010001000000 111011010110111011110100
111011111110101010110100 000000101000010000100000 111011010110111010010100
111011111110101010110100 000000101000010000010000 111011010110111010100100
111011111110101010110100 000000101000010000001000 111011010110111010111100
111011111110101010110100 000000101000010000000100 111011010110111010110000
111011111110101010110100 000000101000010000000010 111011010110111010110110
111011111110101010110100 000000101000010000000001 111011010110111010110101
111011111110101010110100 000000101000001100000000 111011010110100110110100
111011111110101010110100 000000101000001010000000 111011010110100000110100
111011111110101010110100 000000101000001001000000 111011010110100011110100
111011111110101010110100 000000101000001000100000 111011010110100010010100
111011111110101010110100 000000101000001000010000 111011010110100010100100
111011111110101010110100 000000101000001000001000 111011010110100010111100
111011111110101010110100 000000101000001000000100 111011010110100010110000
111011111110101010110100 000000101000001000000010 111011010110100010110110
111011111110101010110100 000000101000001000000001 111011010110100010110101
111011111110101010110100 000000101000000110000000 111011010110101100110100
111011111110101010110100 000000101000000101000000 111011010110101111110100
111011111110101010110100 000000101000000100100000 111011010110101110010100
111011111110101010110100 000000101000000100010000 111011010110101110100100
111011111110101010110100 000000101000000100001000 111011010110101110111100
111011111110101010110100 000000101000000100000100 111011010110101110110000
111011111110101010110100 000000101000000100000010 111011010110101110110110
111011111110101010110100 000000101000000100000001 111011010110101110110101
111011111110101010110100 000000101000000011000000 111011010110101001110100
111011111110101010110100 000000101000000010100000 111011010110101000010100
111011111110101010110100 000000101000000010010000 111011010110101000100100
111011111110101010110100 000000101000000010001000 111011010110101000111100
111011111110101010110100 000000101000000010000100 111011010110101000110000
111011111110101010110100 000000101000000010000010 111011010110101000110110
111011111110101010110100 000000101000000010000001 111011010110101000110101
111011111110101010110100 000000101000000001100000 111011010110101011010100
111011111110101010110100 000000101000000001010000 111011010110101011100100
111011111110101010110100 000000101000000001001000 111011010110101011111100
111011111110101010110100 000000101000000001000100 111011010110101011110000
111011111110101010110100 000000101000000001000010 111011010110101011110110
111011111110101010110100 000000101000000001000001 111011010110101011110101
111011111110101010110100 000000101000000000110000 111011010110101010000100
111011111110101010110100 000000101000000000101000 111011010110101010011100
111011111110101010110100 000000101000000000100100 111011010110101010010000
111011111110101010110100 000000101000000000100010 111011010110101010010110
111011111110101010110100 000000101000000000100001 111011010110101010010101
111011111110101010110100 000000101000000000011000 111011010110101010101100
111011111110101010110100 000000101000000000010100 111011010110101010100000
111011111110101010110100 000000101000000000010010 111011010110101010100110
111011111110101010110100 000000101000000000010001 111011010110101010100101
111011111110101010110100 000000101000000000001100 111011010110101010111000
111011111110101010110100 000000101000000000001010 111011010110101010111110
111011111110101010110100 000000101000000000001001 111011010110101010111101
111011111110101010110100 000000101000000000000110 111011010110101010110010
111011111110101010110100 000000101000000000000101 111011010110101010110001
111011111110101010110100 000000101000000000000011 111011010110101010110111
111011111110101010110100 000000100111000000000000 111011011001101010110100
111011111110101010110100 000000100110100000000000 111011011000001010110100
111011111110101010110100 000000100110010000000000 111011011000111010110100
111011111110101010110100 000000100110001000000000 111011011000100010110100
111011111110101010110100 000000100110000100000000 111011011000101110110100
111011111110101010110100 000000100110000010000000 111011011000101000110100
111011111110101010110100 000000100110000001000000 111011011000101011110100
111011111110101010110100 000000100110000000100000 111011011000101010010100
111011111110101010110100 000000100110000000010000 111011011000101010100100
111011111110101010110100 000000100110000000001000 111011011000101010111100
111011111110101010110100 000000100110000000000100 111011011000101010110000
111011111110101010110100 000000100110000000000010 111011011000101010110110
111011111110101010110100 000000100110000000000001 111011011000101010110101
111011111110101010110100 000000100101100000000000 111011011011001010110100
111011111110101010110100 000000100101010000000000 111011011011111010110100
111011111110101010110100 000000100101001000000000 111011011011100010110100
111011111110101010110100 000000100101000100000000 111011011011101110110100
111011111110101010110100 000000100101000010000000 111011011011101000110100
111011111110101010110100 000000100101000001000000 111011011011101011110100
111011111110101010110100 000000100101000000100000 111011011011101010010100
111011111110101010110100 000000100101000000010000 111011011011101010100100
111011111110101010110100 000000100101000000001000 111011011011101010111100
111011111110101010110100 000000100101000000000100 111011011011101010110000
111011111110101010110100 000000100101000000000010 111011011011101010110110
111011111110101010110100 000000100101000000000001 111011011011101010110101
111011111110101010110100 000000100100110000000000 111011011010011010110100
111011111110101010110100 000000100100101000000000 111011011010000010110100
111011111110101010110100 000000100100100100000000 111011011010001110110100
111011111110101010110100 000000100100100010000000 111011011010001000110100
111011111110101010110100 000000100100100001000000 111011011010001011110100
111011111110101010110100 000000100100100000100000 111011011010001010010100
111011111110101010110100 000000100100100000010000 111011011010001010100100
111011111110101010110100 000000100100100000001000 111011011010001010111100
111011111110101010110100 000000100100100000000100 111011011010001010110000
111011111110101010110100 000000100100100000000010 111011011010001010110110
111011111110101010110100 000000100100100000000001 111011011010001010110101
111011111110101010110100 000000100100011000000000 111011011010110010110100
111011111110101010110100 000000100100010100000000 111011011010111110110100
111011111110101010110100 000000100100010010000000 111011011010111000110100
111011111110101010110100 000000100100010001000000 111011011010111011110100
111011111110101010110100 000000100100010000100000 111011011010111010010100
111011111110101010110100 000000100100010000010000 111011011010111010100100
111011111110101010110100 000000100100010000001000 111011011010111010111100
111011111110101010110100 000000100100010000000100 111011011010111010110000
111011111110101010110100 000000100100010000000010 111011011010111010110110
111011111110101010110100 000000100100010000000001 111011011010111010110101
111011111110101010110100 000000100100001100000000 111011011010100110110100
111011111110101010110100 000000100100001010000000 111011011010100000110100
111011111110101010110100 000000100100001001000000 111011011010100011110100
111011111110101010110100 000000100100001000100000 111011011010100010010100
111011111110101010110100 000000100100001000010000 111011011010100010100100
111011111110101010110100 000000100100001000001000 111011011010100010111100
111011111110101010110100 000000100100001000000100 111011011010100010110000
111011111110101010110100 000000100100001000000010 111011011010100010110110
111011111110101010110100 000000100100001000000001 111011011010100010110101
111011111110101010110100 000000100100000110000000 111011011010101100110100
111011111110101010110100 000000100100000101000000 111011011010101111110100
111011111110101010110100 000000100100000100100000 111011011010101110010100
111011111110101010110100 000000100100000100010000 111011011010101110100100
111011111110101010110100 000000100100000100001000 111011011010101110111100
111011111110101010110100 000000100100000100000100 111011011010101110110000
111011111110101010110100 000000100100000100000010 111011011010101110110110
111011111110101010110100 000000100100000100000001 111011011010101110110101
111011111110101010110100 000000100100000011000000 111011011010101001110100
111011111110101010110100 000000100100000010100000 111011011010101000010100
111011111110101010110100 000000100100000010010000 111011011010101000100100
111011111110101010110100 000000100100000010001000 111011011010101000111100
111011111110101010110100 000000100100000010000100 111011011010101000110000
111011111110101010110100 000000100100000010000010 111011011010101000110110
111011111110101010110100 000000100100000010000001 111011011010101000110101
111011111110101010110100 000000100100000001100000 111011011010101011010100
111011111110101010110100 000000100100000001010000 111011011010101011100100
111011111110101010110100 000000100100000001001000 111011011010101011111100
111011111110101010110100 000000100100000001000100 111011011010101011110000
111011111110101010110100 000000100100000001000010 111011011010101011110110
111011111110101010110100 000000100100000001000001 111011011010101011110101
111011111110101010110100 000000100100000000110000 111011011010101010000100
111011111110101010110100 000000100100000000101000 111011011010101010011100
111011111110101010110100 000000100100000000100100 111011011010101010010000
111011111110101010110100 000000100100000000100010 111011011010101010010110
111011111110101010110100 000000100100000000100001 111011011010101010010101
111011111110101010110100 000000100100000000011000 111011011010101010101100
111011111110101010110100 000000100100000000010100 111011011010101010100000
111011111110101010110100 000000100100000000010010 111011011010101010100110
111011111110101010110100 000000100100000000010001 111011011010101010100101
111011111110101010110100 000000100100000000001100 111011011010101010111000
111011111110101010110100 000000100100000000001010 111011011010101010111110
111011111110101010110100 000000100100000000001001 111011011010101010111101
111011111110101010110100 000000100100000000000110 111011011010101010110010
111011111110101010110100 000000100100000000000101 111011011010101010110001
111011111110101010110100 000000100100000000000011 111011011010101010110111
111011111110101010110100 000000100011100000000000 111011011101001010110100
111011111110101010110100 000000100011010000000000 111011011101111010110100
111011111110101010110100 000000100011001000000000 111011011101100010110100
111011111110101010110100 000000100011000100000000 111011011101101110110100
111011111110101010110100 000000100011000010000000 111011011101101000110100
111011111110101010110100 000000100011000001000000 111011011101101011110100
111011111110101010110100 000000100011000000100000 111011011101101010010100
111011111110101010110100 000000100011000000010000 111011011101101010100100
111011111110101010110100 000000100011000000001000 111011011101101010111100
111011111110101010110100 000000100011000000000100 111011011101101010110000
111011111110101010110100 000000100011000000000010 111011011101101010110110
111011111110101010110100 000000100011000000000001 111011011101101010110101
111011111110101010110100 000000100010110000000000 111011011100011010110100
111011111110101010110100 000000100010101000000000 111011011100000010110100
111011111110101010110100 000000100010100100000000 111011011100001110110100
111011111110101010110100 000000100010100010000000 111011011100001000110100
111011111110101010110100 000000100010100001000000 111011011100001011110100
111011111110101010110100 000000100010100000100000 111011011100001010010100
111011111110101010110100 000000100010100000010000 111011011100001010100100
111011111110101010110100 000000100010100000001000 111011011100001010111100
111011111110101010110100 000000100010100000000100 111011011100001010110000
111011111110101010110100 000000100010100000000010 111011011100001010110110
111011111110101010110100 000000100010100000000001 111011011100001010110101
111011111110101010110100 000000100010011000000000 111011011100110010110100
111011111110101010110100 000000100010010100000000 111011011100111110110100
111011111110101010110100 000000100010010010000000 111011011100111000110100
111011111110101010110100 000000100010010001000000 111011011100111011110100
111011111110101010110100 000000100010010000100000 111011011100111010010100
111011111110101010110100 000000100010010000010000 111011011100111010100100
111011111110101010110100 000000100010010000001000 111011011100111010111100
111011111110101010110100 000000100010010000000100 111011011100111010110000
111011111110101010110100 000000100010010000000010 111011011100111010110110
111011111110101010110100 000000100010010000000001 111011011100111010110101
111011111110101010110100 000000100010001100000000 111011011100100110110100
111011111110101010110100 000000100010001010000000 111011011100100000110100
111011111110101010110100 000000100010001001000000 111011011100100011110100
111011111110101010110100 000000100010001000100000 111011011100100010010100
111011111110101010110100 000000100010001000010000 111011011100100010100100
111011111110101010110100 000000100010001000001000 111011011100100010111100
111011111110101010110100 000000100010001000000100 111011011100100010110000
111011111110101010110100 000000100010001000000010 111011011100100010110110
111011111110101010110100 000000100010001000000001 111011011100100010110101
111011111110101010110100 000000100010000110000000 111011011100101100110100
111011111110101010110100 000000100010000101000000 111011011100101111110100
111011111110101010110100 000000100010000100100000 111011011100101110010100
111011111110101010110100 000000100010000100010000 111011011100101110100100
111011111110101010110100 000000100010000100001000 111011011100101110111100
111011111110101010110100 000000100010000100000100 111011011100101110110000
111011111110101010110100 000000100010000100000010 111011011100101110110110
111011111110101010110100 000000100010000100000001 111011011100101110110101
111011111110101010110100 000000100010000011000000 111011011100101001110100
111011111110101010110100 000000100010000010100000 111011011100101000010100
111011111110101010110100 000000100010000010010000 111011011100101000100100
111011111110101010110100 000000100010000010001000 111011011100101000111100
111011111110101010110100 000000100010000010000100 111011011100101000110000
111011111110101010110100 000000100010000010000010 111011011100101000110110
111011111110101010110100 000000100010000010000001 111011011100101000110101
111011111110101010110100 000000100010000001100000 111011011100101011010100
111011111110101010110100 000000100010000001010000 111011011100101011100100
111011111110101010110100 000000100010000001001000 111011011100101011111100
111011111110101010110100 000000100010000001000100 111011011100101011110000
111011111110101010110100 000000100010000001000010 111011011100101011110110
111011111110101010110100 000000100010000001000001 111011011100101011110101
111011111110101010110100 000000100010000000110000 111011011100101010000100
111011111110101010110100 000000100010000000101000 111011011100101010011100
111011111110101010110100 000000100010000000100100 111011011100101010010000
111011111110101010110100 000000100010000000100010 111011011100101010010110
111011111110101010110100 000000100010000000100001 111011011100101010010101
111011111110101010110100 000000100010000000011000 111011011100101010101100
111011111110101010110100 000000100010000000010100 111011011100101010100000
111011111110101010110100 000000100010000000010010 111011011100101010100110
111011111110101010110100 000000100010000000010001 111011011100101010100101
111011111110101010110100 000000100010000000001100 111011011100101010111000
111011111110101010110100 000000100010000000001010 111011011100101010111110
111011111110101010110100 000000100010000000001001 111011011100101010111101
111011111110101010110100 000000100010000000000110 111011011100101010110010
111011111110101010110100 000000100010000000000101 111011011100101010110001
111011111110101010110100 000000100010000000000011 111011011100101010110111
111011111110101010110100 000000100001110000000000 111011011111011010110100
111011111110101010110100 000000100001101000000000 111011011111000010110100
111011111110101010110100 000000100001100100000000 111011011111001110110100
111011111110101010110100 000000100001100010000000 111011011111001000110100
111011111110101010110100 000000100001100001000000 111011011111001011110100
111011111110101010110100 000000100001100000100000 111011011111001010010100
111011111110101010110100 000000100001100000010000 111011011111001010100100
111011111110101010110100 000000100001100000001000 111011011111001010111100
111011111110101010110100 000000100001100000000100 111011011111001010110000
111011111110101010110100 000000100001100000000010 111011011111001010110110
111011111110101010110100 000000100001100000000001 111011011111001010110101
111011111110101010110100 000000100001011000000000 111011011111110010110100
111011111110101010110100 000000100001010100000000 111011011111111110110100
111011111110101010110100 000000100001010010000000 111011011111111000110100
111011111110101010110100 000000100001010001000000 111011011111111011110100
111011111110101010110100 000000100001010000100000 111011011111111010010100
111011111110101010110100 000000100001010000010000 111011011111111010100100
111011111110101010110100 000000100001010000001000 111011011111111010111100
111011111110101010110100 000000100001010000000100 111011011111111010110000
111011111110101010110100 000000100001010000000010 111011011111111010110110
111011111110101010110100 000000100001010000000001 111011011111111010110101
111011111110101010110100 000000100001001100000000 111011011111100110110100
111011111110101010110100 000000100001001010000000 111011011111100000110100
111011111110101010110100 000000100001001001000000 111011011111100011110100
111011111110101010110100 000000100001001000100000 111011011111100010010100
111011111110101010110100 000000100001001000010000 111011011111100010100100
111011111110101010110100 000000100001001000001000 111011011111100010111100
111011111110101010110100 000000100001001000000100 111011011111100010110000
111011111110101010110100 000000100001001000000010 111011011111100010110110
111011111110101010110100 000000100001001000000001 111011011111100010110101
111011111110101010110100 000000100001000110000000 111011011111101100110100
111011111110101010110100 000000100001000101000000 111011011111101111110100
111011111110101010110100 000000100001000100100000 111011011111101110010100
111011111110101010110100 000000100001000100010000 111011011111101110100100
111011111110101010110100 000000100001000100001000 111011011111101110111100
111011111110101010110100 000000100001000100000100 111011011111101110110000
111011111110101010110100 000000100001000100000010 111011011111101110110110
111011111110101010110100 000000100001000100000001 111011011111101110110101
111011111110101010110100 000000100001000011000000 111011011111101001110100
111011111110101010110100 000000100001000010100000 111011011111101000010100
111011111110101010110100 000000100001000010010000 111011011111101000100100
111011111110101010110100 000000100001000010001000 111011011111101000111100
111011111110101010110100 000000100001000010000100 111011011111101000110000
111011111110101010110100 000000100001000010000010 111011011111101000110110
111011111110101010110100 000000100001000010000001 111011011111101000110101
111011111110101010110100 000000100001000001100000 111011011111101011010100
111011111110101010110100 000000100001000001010000 111011011111101011100100
111011111110101010110100 000000100001000001001000 111011011111101011111100
111011111110101010110100 000000100001000001000100 111011011111101011110000
111011111110101010110100 000000100001000001000010 111011011111101011110110
111011111110101010110100 000000100001000001000001 111011011111101011110101
111011111110101010110100 000000100001000000110000 111011011111101010000100
111011111110101010110100 000000100001000000101000 111011011111101010011100
111011111110101010110100 000000100001000000100100 111011011111101010010000
111011111110101010110100 000000100001000000100010 111011011111101010010110
111011111110101010110100 000000100001000000100001 111011011111101010010101
111011111110101010110100 000000100001000000011000 111011011111101010101100
111011111110101010110100 000000100001000000010100 111011011111101010100000
111011111110101010110100 000000100001000000010010 111011011111101010100110
111011111110101010110100 000000100001000000010001 111011011111101010100101
111011111110101010110100 000000100001000000001100 111011011111101010111000
111011111110101010110100 000000100001000000001010 111011011111101010111110
111011111110101010110100 000000100001000000001001 111011011111101010111101
111011111110101010110100 000000100001000000000110 111011011111101010110010
111011111110101010110100 000000100001000000000101 111011011111101010110001
111011111110101010110100 000000100001000000000011 111011011111101010110111
111011111110101010110100 000000100000111000000000 111011011110010010110100
111011111110101010110100 000000100000110100000000 111011011110011110110100
111011111110101010110100 000000100000110010000000 111011011110011000110100
111011111110101010110100 000000100000110001000000 111011011110011011110100
111011111110101010110100 000000100000110000100000 111011011110011010010100
111011111110101010110100 000000100000110000010000 111011011110011010100100
111011111110101010110100 000000100000110000001000 111011011110011010111100
111011111110101010110100 000000100000110000000100 111011011110011010110000
111011111110101010110100 000000100000110000000010 111011011110011010110110
111011111110101010110100 000000100000110000000001 111011011110011010110101
111011111110101010110100 000000100000101100000000 111011011110000110110100
111011111110101010110100 000000100000101010000000 111011011110000000110100
111011111110101010110100 000000100000101001000000 111011011110000011110100
111011111110101010110100 000000100000101000100000 111011011110000010010100
111011111110101010110100 000000100000101000010000 111011011110000010100100
111011111110101010110100 000000100000101000001000 111011011110000010111100
111011111110101010110100 000000100000101000000100 111011011110000010110000
111011111110101010110100 000000100000101000000010 111011011110000010110110
111011111110101010110100 000000100000101000000001 111011011110000010110101
111011111110101010110100 000000100000100110000000 111011011110001100110100
111011111110101010110100 000000100000100101000000 111011011110001111110100
111011111110101010110100 000000100000100100100000 111011011110001110010100
111011111110101010110100 000000100000100100010000 111011011110001110100100
111011111110101010110100 000000100000100100001000 111011011110001110111100
111011111110101010110100 000000100000100100000100 111011011110001110110000
111011111110101010110100 000000100000100100000010 111011011110001110110110
111011111110101010110100 000000100000100100000001 111011011110001110110101
111011111110101010110100 000000100000100011000000 111011011110001001110100
111011111110101010110100 000000100000100010100000 111011011110001000010100
111011111110101010110100 000000100000100010010000 111011011110001000100100
111011111110101010110100 000000100000100010001000 111011011110001000111100
111011111110101010110100 000000100000100010000100 111011011110001000110000
111011111110101010110100 000000100000100010000010 111011011110001000110110
111011111110101010110100 000000100000100010000001 111011011110001000110101
111011111110101010110100 000000100000100001100000 111011011110001011010100
111011111110101010110100 000000100000100001010000 111011011110001011100100
111011111110101010110100 000000100000100001001000 111011011110001011111100
111011111110101010110100 000000100000100001000100 111011011110001011110000
111011111110101010110100 000000100000100001000010 111011011110001011110110
111011111110101010110100 000000100000100001000001 111011011110001011110101
111011111110101010110100 000000100000100000110000 111011011110001010000100
111011111110101010110100 000000100000100000101000 111011011110001010011100
111011111110101010110100 000000100000100000100100 111011011110001010010000
111011111110101010110100 000000100000100000100010 111011011110001010010110
111011111110101010110100 000000100000100000100001 111011011110001010010101
111011111110101010110100 000000100000100000011000 111011011110001010101100
111011111110101010110100 000000100000100000010100 111011011110001010100000
111011111110101010110100 000000100000100000010010 111011011110001010100110
111011111110101010110100 000000100000100000010001 111011011110001010100101
111011111110101010110100 000000100000100000001100 111011011110001010111000
111011111110101010110100 000000100000100000001010 111011011110001010111110
111011111110101010110100 000000100000100000001001 111011011110001010111101
111011111110101010110100 000000100000100000000110 111011011110001010110010
111011111110101010110100 000000100000100000000101 111011011110001010110001
111011111110101010110100 000000100000100000000011 111011011110001010110111
111011111110101010110100 000000100000011100000000 111011011110110110110100
111011111110101010110100 000000100000011010000000 111011011110110000110100
111011111110101010110100 000000100000011001000000 111011011110110011110100
111011111110101010110100 000000100000011000100000 111011011110110010010100
111011111110101010110100 000000100000011000010000 111011011110110010100100
111011111110101010110100 000000100000011000001000 111011011110110010111100
111011111110101010110100 000000100000011000000100 111011011110110010110000
111011111110101010110100 000000100000011000000010 111011011110110010110110
111011111110101010110100 000000100000011000000001 111011011110110010110101
111011111110101010110100 000000100000010110000000 111011011110111100110100
111011111110101010110100 000000100000010101000000 111011011110111111110100
111011111110101010110100 000000100000010100100000 111011011110111110010100
111011111110101010110100 000000100000010100010000 111011011110111110100100
111011111110101010110100 000000100000010100001000 111011011110111110111100
111011111110101010110100 000000100000010100000100 111011011110111110110000
111011111110101010110100 000000100000010100000010 111011011110111110110110
111011111110101010110100 000000100000010100000001 111011011110111110110101
111011111110101010110100 000000100000010011000000 111011011110111001110100
111011111110101010110100 000000100000010010100000 111011011110111000010100
111011111110101010110100 000000100000010010010000 111011011110111000100100
111011111110101010110100 000000100000010010001000 111011011110111000111100
111011111110101010110100 000000100000010010000100 111011011110111000110000
111011111110101010110100 000000100000010010000010 111011011110111000110110
111011111110101010110100 000000100000010010000001 111011011110111000110101
111011111110101010110100 000000100000010001100000 111011011110111011010100
111011111110101010110100 000000100000010001010000 111011011110111011100100
111011111110101010110100 000000100000010001001000 111011011110111011111100
111011111110101010110100 000000100000010001000100 111011011110111011110000
111011111110101010110100 000000100000010001000010 111011011110111011110110
111011111110101010110100 000000100000010001000001 111011011110111011110101
111011111110101010110100 000000100000010000110000 111011011110111010000100
111011111110101010110100 000000100000010000101000 111011011110111010011100
111011111110101010110100 000000100000010000100100 111011011110111010010000
111011111110101010110100 000000100000010000100010 111011011110111010010110
111011111110101010110100 000000100000010000100001 111011011110111010010101
111011111110101010110100 000000100000010000011000 111011011110111010101100
111011111110101010110100 000000100000010000010100 111011011110111010100000
111011111110101010110100 000000100000010000010010 111011011110111010100110
111011111110101010110100 000000100000010000010001 111011011110111010100101
111011111110101010110100 000000100000010000001100 111011011110111010111000
111011111110101010110100 000000100000010000001010 111011011110111010111110
111011111110101010110100 000000100000010000001001 111011011110111010111101
111011111110101010110100 000000100000010000000110 111011011110111010110010
111011111110101010110100 000000100000010000000101 111011011110111010110001
111011111110101010110100 000000100000010000000011 111011011110111010110111
111011111110101010110100 000000100000001110000000 111011011110100100110100
111011111110101010110100 000000100000001101000000 111011011110100111110100
111011111110101010110100 000000100000001100100000 111011011110100110010100
111011111110101010110100 000000100000001100010000 111011011110100110100100
111011111110101010110100 000000100000001100001000 111011011110100110111100
111011111110101010110100 000000100000001100000100 111011011110100110110000
111011111110101010110100 000000100000001100000010 111011011110100110110110
111011111110101010110100 000000100000001100000001 111011011110100110110101
111011111110101010110100 000000100000001011000000 111011011110100001110100
111011111110101010110100 000000100000001010100000 111011011110100000010100
111011111110101010110100 000000100000001010010000 111011011110100000100100
111011111110101010110100 000000100000001010001000 111011011110100000111100
111011111110101010110100 000000100000001010000100 111011011110100000110000
111011111110101010110100 000000100000001010000010 111011011110100000110110
111011111110101010110100 000000100000001010000001 111011011110100000110101
111011111110101010110100 000000100000001001100000 111011011110100011010100
111011111110101010110100 000000100000001001010000 111011011110100011100100
111011111110101010110100 000000100000001001001000 111011011110100011111100
111011111110101010110100 000000100000001001000100 111011011110100011110000
111011111110101010110100 000000100000001001000010 111011011110100011110110
111011111110101010110100 000000100000001001000001 111011011110100011110101
111011111110101010110100 000000100000001000110000 111011011110100010000100
111011111110101010110100 000000100000001000101000 111011011110100010011100
111011111110101010110100 000000100000001000100100 111011011110100010010000
111011111110101010110100 000000100000001000100010 111011011110100010010110
111011111110101010110100 000000100000001000100001 111011011110100010010101
111011111110101010110100 000000100000001000011000 111011011110100010101100
111011111110101010110100 000000100000001000010100 111011011110100010100000
111011111110101010110100 000000100000001000010010 111011011110100010100110
111011111110101010110100 000000100000001000010001 111011011110100010100101
111011111110101010110100 000000100000001000001100 111011011110100010111000
111011111110101010110100 000000100000001000001010 111011011110100010111110
111011111110101010110100 000000100000001000001001 111011011110100010111101
111011111110101010110100 000000100000001000000110 111011011110100010110010
111011111110101010110100 000000100000001000000101 111011011110100010110001
111011111110101010110100 000000100000001000000011 111011011110100010110111
111011111110101010110100 000000100000000111000000 111011011110101101110100
111011111110101010110100 000000100000000110100000 111011011110101100010100
111011111110101010110100 000000100000000110010000 111011011110101100100100
111011111110101010110100 000000100000000110001000 111011011110101100111100
111011111110101010110100 000000100000000110000100 111011011110101100110000
111011111110101010110100 000000100000000110000010 111011011110101100110110
111011111110101010110100 000000100000000110000001 111011011110101100110101
111011111110101010110100 000000100000000101100000 111011011110101111010100
111011111110101010110100 000000100000000101010000 111011011110101111100100
111011111110101010110100 000000100000000101001000 111011011110101111111100
111011111110101010110100 000000100000000101000100 111011011110101111110000
111011111110101010110100 000000100000000101000010 111011011110101111110110
111011111110101010110100 000000100000000101000001 111011011110101111110101
111011111110101010110100 000000100000000100110000 111011011110101110000100
111011111110101010110100 000000100000000100101000 111011011110101110011100
111011111110101010110100 000000100000000100100100 111011011110101110010000
111011111110101010110100 000000100000000100100010 111011011110101110010110
111011111110101010110100 000000100000000100100001 111011011110101110010101
111011111110101010110100 000000100000000100011000 111011011110101110101100
111011111110101010110100 000000100000000100010100 111011011110101110100000
111011111110101010110100 000000100000000100010010 111011011110101110100110
111011111110101010110100 000000100000000100010001 111011011110101110100101
111011111110101010110100 000000100000000100001100 111011011110101110111000
111011111110101010110100 000000100000000100001010 111011011110101110111110
111011111110101010110100 000000100000000100001001 111011011110101110111101
111011111110101010110100 000000100000000100000110 111011011110101110110010
111011111110101010110100 000000100000000100000101 111011011110101110110001
111011111110101010110100 000000100000000100000011 111011011110101110110111
111011111110101010110100 000000100000000011100000 111011011110101001010100
111011111110101010110100 000000100000000011010000 111011011110101001100100
111011111110101010110100 000000100000000011001000 111011011110101001111100
111011111110101010110100 000000100000000011000100 111011011110101001110000
111011111110101010110100 000000100000000011000010 111011011110101001110110
111011111110101010110100 000000100000000011000001 111011011110101001110101
111011111110101010110100 000000100000000010110000 111011011110101000000100
111011111110101010110100 000000100000000010101000 111011011110101000011100
111011111110101010110100 000000100000000010100100 111011011110101000010000
111011111110101010110100 000000100000000010100010 111011011110101000010110
111011111110101010110100 000000100000000010100001 111011011110101000010101
111011111110101010110100 000000100000000010011000 111011011110101000101100
111011111110101010110100 000000100000000010010100 111011011110101000100000
111011111110101010110100 000000100000000010010010 111011011110101000100110
111011111110101010110100 000000100000000010010001 111011011110101000100101
111011111110101010110100 000000100000000010001100 111011011110101000111000
111011111110101010110100 000000100000000010001010 111011011110101000111110
111011111110101010110100 000000100000000010001001 111011011110101000111101
111011111110101010110100 000000100000000010000110 111011011110101000110010
111011111110101010110100 000000100000000010000101 111011011110101000110001
111011111110101010110100 000000100000000010000011 111011011110101000110111
111011111110101010110100 000000100000000001110000 111011011110101011000100
111011111110101010110100 000000100000000001101000 111011011110101011011100
111011111110101010110100 000000100000000001100100 111011011110101011010000
111011111110101010110100 000000100000000001100010 111011011110101011010110
111011111110101010110100 000000100000000001100001 111011011110101011010101
111011111110101010110100 000000100000000001011000 111011011110101011101100
111011111110101010110100 000000100000000001010100 111011011110101011100000
111011111110101010110100 000000100000000001010010 111011011110101011100110
111011111110101010110100 000000100000000001010001 111011011110101011100101
111011111110101010110100 000000100000000001001100 111011011110101011111000
111011111110101010110100 000000100000000001001010 111011011110101011111110
111011111110101010110100 000000100000000001001001 111011011110101011111101
111011111110101010110100 000000100000000001000110 111011011110101011110010
111011111110101010110100 000000100000000001000101 111011011110101011110001
111011111110101010110100 000000100000000001000011 111011011110101011110111
111011111110101010110100 000000100000000000111000 111011011110101010001100
111011111110101010110100 000000100000000000110100 111011011110101010000000
111011111110101010110100 000000100000000000110010 111011011110101010000110
111011111110101010110100 000000100000000000110001 111011011110101010000101
111011111110101010110100 000000100000000000101100 111011011110101010011000
111011111110101010110100 000000100000000000101010 111011011110101010011110
111011111110101010110100 000000100000000000101001 111011011110101010011101
111011111110101010110100 000000100000000000100110 111011011110101010010010
111011111110101010110100 000000100000000000100101 111011011110101010010001
111011111110101010110100 000000100000000000100011 111011011110101010010111
111011111110101010110100 000000100000000000011100 111011011110101010101000
111011111110101010110100 000000100000000000011010 111011011110101010101110
111011111110101010110100 000000100000000000011001 111011011110101010101101
111011111110101010110100 000000100000000000010110 111011011110101010100010
111011111110101010110100 000000100000000000010101 111011011110101010100001
111011111110101010110100 000000100000000000010011 111011011110101010100111
111011111110101010110100 000000100000000000001110 111011011110101010111010
111011111110101010110100 000000100000000000001101 111011011110101010111001
111011111110101010110100 000000100000000000001011 111011011110101010111111
111011111110101010110100 000000100000000000000111 111011011110101010110011
111011111110101010110100 000000011110000000000000 111011100000101010110100
111011111110101010110100 000000011101000000000000 111011100011101010110100
111011111110101010110100 000000011100100000000000 111011100010001010110100
111011111110101010110100 000000011100010000000000 111011100010111010110100
111011111110101010110100 000000011100001000000000 111011100010100010110100
111011111110101010110100 000000011100000100000000 111011100010101110110100
111011111110101010110100 000000011100000010000000 111011100010101000110100
111011111110101010110100 000000011100000001000000 111011100010101011110100
111011111110101010110100 000000011100000000100000 111011100010101010010100
111011111110101010110100 000000011100000000010000 111011100010101010100100
111011111110101010110100 000000011100000000001000 111011100010101010111100
111011111110101010110100 000000011100000000000100 111011100010101010110000
111011111110101010110100 000000011100000000000010 111011100010101010110110
111011111110101010110100 000000011100000000000001 111011100010101010110101
111011111110101010110100 000000011011000000000000 111011100101101010110100
111011111110101010110100 000000011010100000000000 111011100100001010110100
111011111110101010110100 000000011010010000000000 111011100100111010110100
111011111110101010110100 000000011010001000000000 111011100100100010110100
111011111110101010110100 000000011010000100000000 111011100100101110110100
111011111110101010110100 000000011010000010000000 111011100100101000110100
111011111110101010110100 000000011010000001000000 111011100100101011110100
111011111110101010110100 000000011010000000100000 111011100100101010010100
111011111110101010110100 000000011010000000010000 111011100100101010100100
111011111110101010110100 000000011010000000001000 111011100100101010111100
111011111110101010110100 000000011010000000000100 111011100100101010110000
111011111110101010110100 000000011010000000000010 111011100100101010110110
111011111110101010110100 000000011010000000000001 111011100100101010110101
111011111110101010110100 000000011001100000000000 111011100111001010110100
111011111110101010110100 000000011001010000000000 111011100111111010110100
111011111110101010110100 000000011001001000000000 111011100111100010110100
111011111110101010110100 000000011001000100000000 111011100111101110110100
111011111110101010110100 000000011001000010000000 111011100111101000110100
111011111110101010110100 000000011001000001000000 111011100111101011110100
111011111110101010110100 000000011001000000100000 111011100111101010010100
111011111110101010110100 000000011001000000010000 111011100111101010100100
111011111110101010110100 000000011001000000001000 111011100111101010111100
111011111110101010110100 000000011001000000000100 111011100111101010110000
111011111110101010110100 000000011001000000000010 111011100111101010110110
111011111110101010110100 000000011001000000000001 111011100111101010110101
111011111110101010110100 000000011000110000000000 111011100110011010110100
111011111110101010110100 000000011000101000000000 111011100110000010110100
111011111110101010110100 000000011000100100000000 111011100110001110110100
111011111110101010110100 000000011000100010000000 111011100110001000110100
111011111110101010110100 000000011000100001000000 111011100110001011110100
111011111110101010110100 000000011000100000100000 111011100110001010010100
111011111110101010110100 000000011000100000010000 111011100110001010100100
111011111110101010110100 000000011000100000001000 111011100110001010111100
111011111110101010110100 000000011000100000000100 111011100110001010110000
111011111110101010110100 000000011000100000000010 111011100110001010110110
111011111110101010110100 000000011000100000000001 111011100110001010110101
111011111110101010110100 000000011000011000000000 111011100110110010110100
111011111110101010110100 000000011000010100000000 111011100110111110110100
111011111110101010110100 000000011000010010000000 111011100110111000110100
111011111110101010110100 000000011000010001000000 111011100110111011110100
111011111110101010110100 000000011000010000100000 111011100110111010010100
111011111110101010110100 000000011000010000010000 111011100110111010100100
111011111110101010110100 000000011000010000001000 111011100110111010111100
111011111110101010110100 000000011000010000000100 111011100110111010110000
111011111110101010110100 000000011000010000000010 111011100110111010110110
111011111110101010110100 000000011000010000000001 111011100110111010110101
111011111110101010110100 000000011000001100000000 111011100110100110110100
111011111110101010110100 000000011000001010000000 111011100110100000110100
111011111110101010110100 000000011000001001000000 111011100110100011110100
111011111110101010110100 000000011000001000100000 111011100110100010010100
111011111110101010110100 000000011000001000010000 111011100110100010100100
111011111110101010110100 000000011000001000001000 111011100110100010111100
111011111110101010110100 000000011000001000000100 111011100110100010110000
111011111110101010110100 000000011000001000000010 111011100110100010110110
111011111110101010110100 000000011000001000000001 111011100110100010110101
111011111110101010110100 000000011000000110000000 111011100110101100110100
111011111110101010110100 000000011000000101000000 111011100110101111110100
111011111110101010110100 000000011000000100100000 111011100110101110010100
111011111110101010110100 000000011000000100010000 111011100110101110100100
111011111110101010110100 000000011000000100001000 111011100110101110111100
111011111110101010110100 000000011000000100000100 111011100110101110110000
111011111110101010110100 000000011000000100000010 111011100110101110110110
111011111110101010110100 000000011000000100000001 111011100110101110110101
111011111110101010110100 000000011000000011000000 111011100110101001110100
111011111110101010110100 000000011000000010100000 111011100110101000010100
111011111110101010110100 000000011000000010010000 111011100110101000100100
111011111110101010110100 000000011000000010001000 111011100110101000111100
111011111110101010110100 000000011000000010000100 111011100110101000110000
111011111110101010110100 000000011000000010000010 111011100110101000110110
111011111110101010110100 000000011000000010000001 111011100110101000110101
111011111110101010110100 000000011000000001100000 111011100110101011010100
111011111110101010110100 000000011000000001010000 111011100110101011100100
111011111110101010110100 000000011000000001001000 111011100110101011111100
111011111110101010110100 000000011000000001000100 111011100110101011110000
111011111110101010110100 000000011000000001000010 111011100110101011110110
111011111110101010110100 000000011000000001000001 111011100110101011110101
111011111110101010110100 000000011000000000110000 111011100110101010000100
111011111110101010110100 000000011000000000101000 111011100110101010011100
111011111110101010110100 000000011000000000100100 111011100110101010010000
111011111110101010110100 000000011000000000100010 111011100110101010010110
111011111110101010110100 000000011000000000100001 111011100110101010010101
111011111110101010110100 000000011000000000011000 111011100110101010101100
111011111110101010110100 000000011000000000010100 111011100110101010100000
111011111110101010110100 000000011000000000010010 111011100110101010100110
111011111110101010110100 000000011000000000010001 111011100110101010100101
111011111110101010110100 000000011000000000001100 111011100110101010111000
111011111110101010110100 000000011000000000001010 111011100110101010111110
111011111110101010110100 000000011000000000001001 111011100110101010111101
111011111110101010110100 000000011000000000000110 111011100110101010110010
111011111110101010110100 000000011000000000000101 111011100110101010110001
111011111110101010110100 000000011000000000000011 111011100110101010110111
111011111110101010110100 000000010111000000000000 111011101001101010110100
111011111110101010110100 000000010110100000000000 111011101000001010110100
111011111110101010110100 000000010110010000000000 111011101000111010110100
111011111110101010110100 000000010110001000000000 111011101000100010110100
111011111110101010110100 000000010110000100000000 111011101000101110110100
111011111110101010110100 000000010110000010000000 111011101000101000110100
111011111110101010110100 000000010110000001000000 111011101000101011110100
111011111110101010110100 000000010110000000100000 111011101000101010010100
111011111110101010110100 000000010110000000010000 111011101000101010100100
111011111110101010110100 000000010110000000001000 111011101000101010111100
111011111110101010110100 000000010110000000000100 111011101000101010110000
111011111110101010110100 000000010110000000000010 111011101000101010110110
111011111110101010110100 000000010110000000000001 111011101000101010110101
111011111110101010110100 000000010101100000000000 111011101011001010110100
111011111110101010110100 000000010101010000000000 111011101011111010110100
111011111110101010110100 000000010101001000000000 111011101011100010110100
111011111110101010110100 000000010101000100000000 111011101011101110110100
111011111110101010110100 000000010101000010000000 111011101011101000110100
111011111110101010110100 000000010101000001000000 111011101011101011110100
111011111110101010110100 000000010101000000100000 111011101011101010010100
111011111110101010110100 000000010101000000010000 111011101011101010100100
111011111110101010110100 000000010101000000001000 111011101011101010111100
111011111110101010110100 000000010101000000000100 111011101011101010110000
111011111110101010110100 000000010101000000000010 111011101011101010110110
111011111110101010110100 000000010101000000000001 111011101011101010110101
111011111110101010110100 000000010100110000000000 111011101010011010110100
111011111110101010110100 000000010100101000000000 111011101010000010110100
111011111110101010110100 000000010100100100000000 111011101010001110110100
111011111110101010110100 000000010100100010000000 111011101010001000110100
111011111110101010110100 000000010100100001000000 111011101010001011110100
111011111110101010110100 000000010100100000100000 111011101010001010010100
111011111110101010110100 000000010100100000010000 111011101010001010100100
111011111110101010110100 000000010100100000001000 111011101010001010111100
111011111110101010110100 000000010100100000000100 111011101010001010110000
111011111110101010110100 000000010100100000000010 111011101010001010110110
111011111110101010110100 000000010100100000000001 111011101010001010110101
111011111110101010110100 000000010100011000000000 111011101010110010110100
111011111110101010110100 000000010100010100000000 111011101010111110110100
111011111110101010110100 000000010100010010000000 111011101010111000110100
111011111110101010110100 000000010100010001000000 111011101010111011110100
111011111110101010110100 000000010100010000100000 111011101010111010010100
111011111110101010110100 000000010100010000010000 111011101010111010100100
111011111110101010110100 000000010100010000001000 111011101010111010111100
111011111110101010110100 000000010100010000000100 111011101010111010110000
111011111110101010110100 000000010100010000000010 111011101010111010110110
111011111110101010110100 000000010100010000000001 111011101010111010110101
111011111110101010110100 000000010100001100000000 111011101010100110110100
111011111110101010110100 000000010100001010000000 111011101010100000110100
111011111110101010110100 000000010100001001000000 111011101010100011110100
111011111110101010110100 000000010100001000100000 111011101010100010010100
111011111110101010110100 000000010100001000010000 111011101010100010100100
111011111110101010110100 000000010100001000001000 111011101010100010111100
111011111110101010110100 000000010100001000000100 111011101010100010110000
111011111110101010110100 000000010100001000000010 111011101010100010110110
111011111110101010110100 000000010100001000000001 111011101010100010110101
111011111110101010110100 000000010100000110000000 111011101010101100110100
111011111110101010110100 000000010100000101000000 111011101010101111110100
111011111110101010110100 000000010100000100100000 111011101010101110010100
111011111110101010110100 000000010100000100010000 111011101010101110100100
111011111110101010110100 000000010100000100001000 111011101010101110111100
111011111110101010110100 000000010100000100000100 111011101010101110110000
111011111110101010110100 000000010100000100000010 111011101010101110110110
111011111110101010110100 000000010100000100000001 111011101010101110110101
111011111110101010110100 000000010100000011000000 111011101010101001110100
111011111110101010110100 000000010100000010100000 111011101010101000010100
111011111110101010110100 000000010100000010010000 111011101010101000100100
111011111110101010110100 000000010100000010001000 111011101010101000111100
111011111110101010110100 000000010100000010000100 111011101010101000110000
111011111110101010110100 000000010100000010000010 111011101010101000110110
111011111110101010110100 000000010100000010000001 111011101010101000110101
111011111110101010110100 000000010100000001100000 111011101010101011010100
111011111110101010110100 000000010100000001010000 111011101010101011100100
111011111110101010110100 000000010100000001001000 111011101010101011111100
111011111110101010110100 000000010100000001000100 111011101010101011110000
111011111110101010110100 000000010100000001000010 111011101010101011110110
111011111110101010110100 000000010100000001000001 111011101010101011110101
111011111110101010110100 000000010100000000110000 111011101010101010000100
111011111110101010110100 000000010100000000101000 111011101010101010011100
111011111110101010110100 000000010100000000100100 111011101010101010010000
111011111110101010110100 000000010100000000100010 111011101010101010010110
111011111110101010110100 000000010100000000100001 111011101010101010010101
111011111110101010110100 000000010100000000011000 111011101010101010101100
111011111110101010110100 000000010100000000010100 111011101010101010100000
111011111110101010110100 000000010100000000010010 111011101010101010100110
111011111110101010110100 000000010100000000010001 111011101010101010100101
111011111110101010110100 000000010100000000001100 111011101010101010111000
111011111110101010110100 000000010100000000001010 111011101010101010111110
111011111110101010110100 000000010100000000001001 111011101010101010111101
111011111110101010110100 000000010100000000000110 111011101010101010110010
111011111110101010110100 000000010100000000000101 111011101010101010110001
111011111110101010110100 000000010100000000000011 111011101010101010110111
111011111110101010110100 000000010011100000000000 111011101101001010110100
111011111110101010110100 000000010011010000000000 111011101101111010110100
111011111110101010110100 000000010011001000000000 111011101101100010110100
111011111110101010110100 000000010011000100000000 111011101101101110110100
111011111110101010110100 000000010011000010000000 111011101101101000110100
111011111110101010110100 000000010011000001000000 111011101101101011110100
111011111110101010110100 000000010011000000100000 111011101101101010010100
111011111110101010110100 000000010011000000010000 111011101101101010100100
111011111110101010110100 000000010011000000001000 111011101101101010111100
111011111110101010110100 000000010011000000000100 111011101101101010110000
111011111110101010110100 000000010011000000000010 111011101101101010110110
111011111110101010110100 000000010011000000000001 111011101101101010110101
111011111110101010110100 000000010010110000000000 111011101100011010110100
111011111110101010110100 000000010010101000000000 111011101100000010110100
111011111110101010110100 000000010010100100000000 111011101100001110110100
111011111110101010110100 000000010010100010000000 111011101100001000110100
111011111110101010110100 000000010010100001000000 111011101100001011110100
111011111110101010110100 000000010010100000100000 111011101100001010010100
111011111110101010110100 000000010010100000010000 111011101100001010100100
111011111110101010110100 000000010010100000001000 111011101100001010111100
111011111110101010110100 000000010010100000000100 111011101100001010110000
111011111110101010110100 000000010010100000000010 111011101100001010110110
111011111110101010110100 000000010010100000000001 111011101100001010110101
111011111110101010110100 000000010010011000000000 111011101100110010110100
111011111110101010110100 000000010010010100000000 111011101100111110110100
111011111110101010110100 000000010010010010000000 111011101100111000110100
111011111110101010110100 000000010010010001000000 111011101100111011110100
111011111110101010110100 000000010010010000100000 111011101100111010010100
111011111110101010110100 000000010010010000010000 111011101100111010100100
111011111110101010110100 000000010010010000001000 111011101100111010111100
111011111110101010110100 000000010010010000000100 111011101100111010110000
111011111110101010110100 000000010010010000000010 111011101100111010110110
111011111110101010110100 000000010010010000000001 111011101100111010110101
111011111110101010110100 000000010010001100000000 111011101100100110110100
111011111110101010110100 000000010010001010000000 111011101100100000110100
111011111110101010110100 000000010010001001000000 111011101100100011110100
111011111110101010110100 000000010010001000100000 111011101100100010010100
111011111110101010110100 000000010010001000010000 111011101100100010100100
111011111110101010110100 000000010010001000001000 111011101100100010111100
111011111110101010110100 000000010010001000000100 111011101100100010110000
111011111110101010110100 000000010010001000000010 111011101100100010110110
111011111110101010110100 000000010010001000000001 111011101100100010110101
111011111110101010110100 000000010010000110000000 111011101100101100110100
111011111110101010110100 000000010010000101000000 111011101100101111110100
111011111110101010110100 000000010010000100100000 111011101100101110010100
111011111110101010110100 000000010010000100010000 111011101100101110100100
111011111110101010110100 000000010010000100001000 111011101100101110111100
111011111110101010110100 000000010010000100000100 111011101100101110110000
111011111110101010110100 000000010010000100000010 111011101100101110110110
111011111110101010110100 000000010010000100000001 111011101100101110110101
111011111110101010110100 000000010010000011000000 111011101100101001110100
111011111110101010110100 000000010010000010100000 111011101100101000010100
111011111110101010110100 000000010010000010010000 111011101100101000100100
111011111110101010110100 000000010010000010001000 111011101100101000111100
111011111110101010110100 000000010010000010000100 111011101100101000110000
111011111110101010110100 000000010010000010000010 111011101100101000110110
111011111110101010110100 000000010010000010000001 111011101100101000110101
111011111110101010110100 000000010010000001100000 111011101100101011010100
111011111110101010110100 000000010010000001010000 111011101100101011100100
111011111110101010110100 000000010010000001001000 111011101100101011111100
111011111110101010110100 000000010010000001000100 111011101100101011110000
111011111110101010110100 000000010010000001000010 111011101100101011110110
111011111110101010110100 000000010010000001000001 111011101100101011110101
111011111110101010110100 000000010010000000110000 111011101100101010000100
111011111110101010110100 000000010010000000101000 111011101100101010011100
111011111110101010110100 000000010010000000100100 111011101100101010010000
111011111110101010110100 000000010010000000100010 111011101100101010010110
111011111110101010110100 000000010010000000100001 111011101100101010010101
111011111110101010110100 000000010010000000011000 111011101100101010101100
111011111110101010110100 000000010010000000010100 111011101100101010100000
111011111110101010110100 000000010010000000010010 111011101100101010100110
111011111110101010110100 000000010010000000010001 111011101100101010100101
111011111110101010110100 000000010010000000001100 111011101100101010111000
111011111110101010110100 000000010010000000001010 111011101100101010111110
111011111110101010110100 000000010010000000001001 111011101100101010111101
111011111110101010110100 000000010010000000000110 111011101100101010110010
111011111110101010110100 000000010010000000000101 111011101100101010110001
111011111110101010110100 000000010010000000000011 111011101100101010110111
111011111110101010110100 000000010001110000000000 111011101111011010110100
111011111110101010110100 000000010001101000000000 111011101111000010110100
111011111110101010110100 000000010001100100000000 111011101111001110110100
111011111110101010110100 000000010001100010000000 111011101111001000110100
111011111110101010110100 000000010001100001000000 111011101111001011110100
111011111110101010110100 000000010001100000100000 111011101111001010010100
111011111110101010110100 000000010001100000010000 111011101111001010100100
111011111110101010110100 000000010001100000001000 111011101111001010111100
111011111110101010110100 000000010001100000000100 111011101111001010110000
111011111110101010110100 000000010001100000000010 111011101111001010110110
111011111110101010110100 000000010001100000000001 111011101111001010110101
111011111110101010110100 000000010001011000000000 111011101111110010110100
111011111110101010110100 000000010001010100000000 111011101111111110110100
111011111110101010110100 000000010001010010000000 111011101111111000110100
111011111110101010110100 000000010001010001000000 111011101111111011110100
111011111110101010110100 000000010001010000100000 111011101111111010010100
111011111110101010110100 000000010001010000010000 111011101111111010100100
111011111110101010110100 000000010001010000001000 111011101111111010111100
111011111110101010110100 000000010001010000000100 111011101111111010110000
111011111110101010110100 000000010001010000000010 111011101111111010110110
111011111110101010110100 000000010001010000000001 111011101111111010110101
111011111110101010110100 000000010001001100000000 111011101111100110110100
111011111110101010110100 000000010001001010000000 111011101111100000110100
111011111110101010110100 000000010001001001000000 111011101111100011110100
111011111110101010110100 000000010001001000100000 111011101111100010010100
111011111110101010110100 000000010001001000010000 111011101111100010100100
111011111110101010110100 000000010001001000001000 111011101111100010111100
111011111110101010110100 000000010001001000000100 111011101111100010110000
111011111110101010110100 000000010001001000000010 111011101111100010110110
111011111110101010110100 000000010001001000000001 111011101111100010110101
111011111110101010110100 000000010001000110000000 111011101111101100110100
111011111110101010110100 000000010001000101000000 111011101111101111110100
111011111110101010110100 000000010001000100100000 111011101111101110010100
111011111110101010110100 000000010001000100010000 111011101111101110100100
111011111110101010110100 000000010001000100001000 111011101111101110111100
111011111110101010110100 000000010001000100000100 111011101111101110110000
111011111110101010110100 000000010001000100000010 111011101111101110110110
111011111110101010110100 000000010001000100000001 111011101111101110110101
111011111110101010110100 000000010001000011000000 111011101111101001110100
111011111110101010110100 000000010001000010100000 111011101111101000010100
111011111110101010110100 000000010001000010010000 111011101111101000100100
111011111110101010110100 000000010001000010001000 111011101111101000111100
111011111110101010110100 000000010001000010000100 111011101111101000110000
111011111110101010110100 000000010001000010000010 111011101111101000110110
111011111110101010110100 000000010001000010000001 111011101111101000110101
111011111110101010110100 000000010001000001100000 111011101111101011010100
111011111110101010110100 000000010001000001010000 111011101111101011100100
111011111110101010110100 000000010001000001001000 111011101111101011111100
111011111110101010110100 000000010001000001000100 111011101111101011110000
111011111110101010110100 000000010001000001000010 111011101111101011110110
111011111110101010110100 000000010001000001000001 111011101111101011110101
111011111110101010110100 000000010001000000110000 111011101111101010000100
111011111110101010110100 000000010001000000101000 111011101111101010011100
111011111110101010110100 000000010001000000100100 111011101111101010010000
111011111110101010110100 000000010001000000100010 111011101111101010010110
111011111110101010110100 000000010001000000100001 111011101111101010010101
111011111110101010110100 000000010001000000011000 111011101111101010101100
111011111110101010110100 000000010001000000010100 111011101111101010100000
111011111110101010110100 000000010001000000010010 111011101111101010100110
111011111110101010110100 000000010001000000010001 111011101111101010100101
111011111110101010110100 000000010001000000001100 111011101111101010111000
111011111110101010110100 000000010001000000001010 111011101111101010111110
111011111110101010110100 000000010001000000001001 111011101111101010111101
111011111110101010110100 000000010001000000000110 111011101111101010110010
111011111110101010110100 000000010001000000000101 111011101111101010110001
111011111110101010110100 000000010001000000000011 111011101111101010110111
111011111110101010110100 000000010000111000000000 111011101110010010110100
111011111110101010110100 000000010000110100000000 111011101110011110110100
111011111110101010110100 000000010000110010000000 111011101110011000110100
111011111110101010110100 000000010000110001000000 111011101110011011110100
111011111110101010110100 000000010000110000100000 111011101110011010010100
111011111110101010110100 000000010000110000010000 111011101110011010100100
111011111110101010110100 000000010000110000001000 111011101110011010111100
111011111110101010110100 000000010000110000000100 111011101110011010110000
111011111110101010110100 000000010000110000000010 111011101110011010110110
111011111110101010110100 000000010000110000000001 111011101110011010110101
111011111110101010110100 000000010000101100000000 111011101110000110110100
111011111110101010110100 000000010000101010000000 111011101110000000110100
111011111110101010110100 000000010000101001000000 111011101110000011110100
111011111110101010110100 000000010000101000100000 111011101110000010010100
111011111110101010110100 000000010000101000010000 111011101110000010100100
111011111110101010110100 000000010000101000001000 111011101110000010111100
111011111110101010110100 000000010000101000000100 111011101110000010110000
111011111110101010110100 000000010000101000000010 111011101110000010110110
111011111110101010110100 000000010000101000000001 111011101110000010110101
111011111110101010110100 000000010000100110000000 111011101110001100110100
111011111110101010110100 000000010000100101000000 111011101110001111110100
111011111110101010110100 000000010000100100100000 111011101110001110010100
111011111110101010110100 000000010000100100010000 111011101110001110100100
111011111110101010110100 000000010000100100001000 111011101110001110111100
111011111110101010110100 000000010000100100000100 111011101110001110110000
111011111110101010110100 000000010000100100000010 111011101110001110110110
111011111110101010110100 000000010000100100000001 111011101110001110110101
111011111110101010110100 000000010000100011000000 111011101110001001110100
111011111110101010110100 000000010000100010100000 111011101110001000010100
111011111110101010110100 000000010000100010010000 111011101110001000100100
111011111110101010110100 000000010000100010001000 111011101110001000111100
111011111110101010110100 000000010000100010000100 111011101110001000110000
111011111110101010110100 000000010000100010000010 111011101110001000110110
111011111110101010110100 000000010000100010000001 111011101110001000110101
111011111110101010110100 000000010000100001100000 111011101110001011010100
111011111110101010110100 000000010000100001010000 111011101110001011100100
111011111110101010110100 000000010000100001001000 111011101110001011111100
111011111110101010110100 000000010000100001000100 111011101110001011110000
111011111110101010110100 000000010000100001000010 111011101110001011110110
111011111110101010110100 000000010000100001000001 111011101110001011110101
111011111110101010110100 000000010000100000110000 111011101110001010000100
111011111110101010110100 000000010000100000101000 111011101110001010011100
111011111110101010110100 000000010000100000100100 111011101110001010010000
111011111110101010110100 000000010000100000100010 111011101110001010010110
111011111110101010110100 000000010000100000100001 111011101110001010010101
111011111110101010110100 000000010000100000011000 111011101110001010101100
111011111110101010110100 000000010000100000010100 111011101110001010100000
111011111110101010110100 000000010000100000010010 111011101110001010100110
111011111110101010110100 000000010000100000010001 111011101110001010100101
111011111110101010110100 000000010000100000001100 111011101110001010111000
111011111110101010110100 000000010000100000001010 111011101110001010111110
111011111110101010110100 000000010000100000001001 111011101110001010111101
111011111110101010110100 000000010000100000000110 111011101110001010110010
111011111110101010110100 000000010000100000000101 111011101110001010110001
111011111110101010110100 000000010000100000000011 111011101110001010110111
111011111110101010110100 000000010000011100000000 111011101110110110110100
111011111110101010110100 000000010000011010000000 111011101110110000110100
111011111110101010110100 000000010000011001000000 111011101110110011110100
111011111110101010110100 000000010000011000100000 111011101110110010010100
111011111110101010110100 000000010000011000010000 111011101110110010100100
111011111110101010110100 000000010000011000001000 111011101110110010111100
111011111110101010110100 000000010000011000000100 111011101110110010110000
111011111110101010110100 000000010000011000000010 111011101110110010110110
111011111110101010110100 000000010000011000000001 111011101110110010110101
111011111110101010110100 000000010000010110000000 111011101110111100110100
111011111110101010110100 000000010000010101000000 111011101110111111110100
111011111110101010110100 000000010000010100100000 111011101110111110010100
111011111110101010110100 000000010000010100010000 111011101110111110100100
111011111110101010110100 000000010000010100001000 111011101110111110111100
111011111110101010110100 000000010000010100000100 111011101110111110110000
111011111110101010110100 000000010000010100000010 111011101110111110110110
111011111110101010110100 000000010000010100000001 111011101110111110110101
111011111110101010110100 000000010000010011000000 111011101110111001110100
111011111110101010110100 000000010000010010100000 111011101110111000010100
111011111110101010110100 000000010000010010010000 111011101110111000100100
111011111110101010110100 000000010000010010001000 111011101110111000111100
111011111110101010110100 000000010000010010000100 111011101110111000110000
111011111110101010110100 000000010000010010000010 111011101110111000110110
111011111110101010110100 000000010000010010000001 111011101110111000110101
111011111110101010110100 000000010000010001100000 111011101110111011010100
111011111110101010110100 000000010000010001010000 111011101110111011100100
111011111110101010110100 000000010000010001001000 111011101110111011111100
111011111110101010110100 000000010000010001000100 111011101110111011110000
111011111110101010110100 000000010000010001000010 111011101110111011110110
111011111110101010110100 000000010000010001000001 111011101110111011110101
111011111110101010110100 000000010000010000110000 111011101110111010000100
111011111110101010110100 000000010000010000101000 111011101110111010011100
111011111110101010110100 000000010000010000100100 111011101110111010010000
111011111110101010110100 000000010000010000100010 111011101110111010010110
111011111110101010110100 000000010000010000100001 111011101110111010010101
111011111110101010110100 000000010000010000011000 111011101110111010101100
111011111110101010110100 000000010000010000010100 111011101110111010100000
111011111110101010110100 000000010000010000010010 111011101110111010100110
111011111110101010110100 000000010000010000010001 111011101110111010100101
111011111110101010110100 000000010000010000001100 111011101110111010111000
111011111110101010110100 000000010000010000001010 111011101110111010111110
111011111110101010110100 000000010000010000001001 111011101110111010111101
111011111110101010110100 000000010000010000000110 111011101110111010110010
111011111110101010110100 000000010000010000000101 111011101110111010110001
111011111110101010110100 000000010000010000000011 111011101110111010110111
111011111110101010110100 000000010000001110000000 111011101110100100110100
111011111110101010110100 000000010000001101000000 111011101110100111110100
111011111110101010110100 000000010000001100100000 111011101110100110010100
111011111110101010110100 000000010000001100010000 111011101110100110100100
111011111110101010110100 000000010000001100001000 111011101110100110111100
111011111110101010110100 000000010000001100000100 111011101110100110110000
111011111110101010110100 000000010000001100000010 111011101110100110110110
111011111110101010110100 000000010000001100000001 111011101110100110110101
111011111110101010110100 000000010000001011000000 111011101110100001110100
111011111110101010110100 000000010000001010100000 111011101110100000010100
111011111110101010110100 000000010000001010010000 111011101110100000100100
111011111110101010110100 000000010000001010001000 111011101110100000111100
111011111110101010110100 000000010000001010000100 111011101110100000110000
111011111110101010110100 000000010000001010000010 111011101110100000110110
111011111110101010110100 000000010000001010000001 111011101110100000110101
111011111110101010110100 000000010000001001100000 111011101110100011010100
111011111110101010110100 000000010000001001010000 111011101110100011100100
111011111110101010110100 000000010000001001001000 111011101110100011111100
111011111110101010110100 000000010000001001000100 111011101110100011110000
111011111110101010110100 000000010000001001000010 111011101110100011110110
111011111110101010110100 000000010000001001000001 111011101110100011110101
111011111110101010110100 000000010000001000110000 111011101110100010000100
111011111110101010110100 000000010000001000101000 111011101110100010011100
111011111110101010110100 000000010000001000100100 111011101110100010010000
111011111110101010110100 000000010000001000100010 111011101110100010010110
111011111110101010110100 000000010000001000100001 111011101110100010010101
111011111110101010110100 000000010000001000011000 111011101110100010101100
111011111110101010110100 000000010000001000010100 111011101110100010100000
111011111110101010110100 000000010000001000010010 111011101110100010100110
111011111110101010110100 000000010000001000010001 111011101110100010100101
111011111110101010110100 000000010000001000001100 111011101110100010111000
111011111110101010110100 000000010000001000001010 111011101110100010111110
111011111110101010110100 000000010000001000001001 111011101110100010111101
111011111110101010110100 000000010000001000000110 111011101110100010110010
111011111110101010110100 000000010000001000000101 111011101110100010110001
111011111110101010110100 000000010000001000000011 111011101110100010110111
111011111110101010110100 000000010000000111000000 111011101110101101110100
111011111110101010110100 000000010000000110100000 111011101110101100010100
111011111110101010110100 000000010000000110010000 111011101110101100100100
111011111110101010110100 000000010000000110001000 111011101110101100111100
111011111110101010110100 000000010000000110000100 111011101110101100110000
111011111110101010110100 000000010000000110000010 111011101110101100110110
111011111110101010110100 000000010000000110000001 111011101110101100110101
111011111110101010110100 000000010000000101100000 111011101110101111010100
111011111110101010110100 000000010000000101010000 111011101110101111100100
111011111110101010110100 000000010000000101001000 111011101110101111111100
111011111110101010110100 000000010000000101000100 111011101110101111110000
111011111110101010110100 000000010000000101000010 111011101110101111110110
111011111110101010110100 000000010000000101000001 111011101110101111110101
111011111110101010110100 000000010000000100110000 111011101110101110000100
111011111110101010110100 000000010000000100101000 111011101110101110011100
111011111110101010110100 000000010000000100100100 111011101110101110010000
111011111110101010110100 000000010000000100100010 111011101110101110010110
111011111110101010110100 000000010000000100100001 111011101110101110010101
111011111110101010110100 000000010000000100011000 111011101110101110101100
111011111110101010110100 000000010000000100010100 111011101110101110100000
111011111110101010110100 000000010000000100010010 111011101110101110100110
111011111110101010110100 000000010000000100010001 111011101110101110100101
111011111110101010110100 000000010000000100001100 111011101110101110111000
111011111110101010110100 000000010000000100001010 111011101110101110111110
111011111110101010110100 000000010000000100001001 111011101110101110111101
111011111110101010110100 000000010000000100000110 111011101110101110110010
111011111110101010110100 000000010000000100000101 111011101110101110110001
111011111110101010110100 000000010000000100000011 111011101110101110110111
111011111110101010110100 000000010000000011100000 111011101110101001010100
111011111110101010110100 000000010000000011010000 111011101110101001100100
111011111110101010110100 000000010000000011001000 111011101110101001111100
111011111110101010110100 000000010000000011000100 111011101110101001110000
111011111110101010110100 000000010000000011000010 111011101110101001110110
111011111110101010110100 000000010000000011000001 111011101110101001110101
111011111110101010110100 000000010000000010110000 111011101110101000000100
111011111110101010110100 000000010000000010101000 111011101110101000011100
111011111110101010110100 000000010000000010100100 111011101110101000010000
111011111110101010110100 000000010000000010100010 111011101110101000010110
111011111110101010110100 000000010000000010100001 111011101110101000010101
111011111110101010110100 000000010000000010011000 111011101110101000101100
111011111110101010110100 000000010000000010010100 111011101110101000100000
111011111110101010110100 000000010000000010010010 111011101110101000100110
111011111110101010110100 000000010000000010010001 111011101110101000100101
111011111110101010110100 000000010000000010001100 111011101110101000111000
111011111110101010110100 000000010000000010001010 111011101110101000111110
111011111110101010110100 000000010000000010001001 111011101110101000111101
111011111110101010110100 000000010000000010000110 111011101110101000110010
111011111110101010110100 000000010000000010000101 111011101110101000110001
111011111110101010110100 000000010000000010000011 111011101110101000110111
111011111110101010110100 000000010000000001110000 111011101110101011000100
111011111110101010110100 000000010000000001101000 111011101110101011011100
111011111110101010110100 000000010000000001100100 111011101110101011010000
111011111110101010110100 000000010000000001100010 111011101110101011010110
111011111110101010110100 000000010000000001100001 111011101110101011010101
111011111110101010110100 000000010000000001011000 111011101110101011101100
111011111110101010110100 000000010000000001010100 111011101110101011100000
111011111110101010110100 000000010000000001010010 111011101110101011100110
111011111110101010110100 000000010000000001010001 111011101110101011100101
111011111110101010110100 000000010000000001001100 111011101110101011111000
111011111110101010110100 000000010000000001001010 111011101110101011111110
111011111110101010110100 000000010000000001001001 111011101110101011111101
111011111110101010110100 000000010000000001000110 111011101110101011110010
111011111110101010110100 000000010000000001000101 111011101110101011110001
111011111110101010110100 000000010000000001000011 111011101110101011110111
111011111110101010110100 000000010000000000111000 111011101110101010001100
111011111110101010110100 000000010000000000110100 111011101110101010000000
111011111110101010110100 000000010000000000110010 111011101110101010000110
111011111110101010110100 000000010000000000110001 111011101110101010000101
111011111110101010110100 000000010000000000101100 111011101110101010011000
111011111110101010110100 000000010000000000101010 111011101110101010011110
111011111110101010110100 000000010000000000101001 111011101110101010011101
111011111110101010110100 000000010000000000100110 111011101110101010010010
111011111110101010110100 000000010000000000100101 111011101110101010010001
111011111110101010110100 000000010000000000100011 111011101110101010010111
111011111110101010110100 000000010000000000011100 111011101110101010101000
111011111110101010110100 000000010000000000011010 111011101110101010101110
111011111110101010110100 000000010000000000011001 111011101110101010101101
111011111110101010110100 000000010000000000010110 111011101110101010100010
111011111110101010110100 000000010000000000010101 111011101110101010100001
111011111110101010110100 000000010000000000010011 111011101110101010100111
111011111110101010110100 000000010000000000001110 111011101110101010111010
111011111110101010110100 000000010000000000001101 111011101110101010111001
111011111110101010110100 000000010000000000001011 111011101110101010111111
111011111110101010110100 000000010000000000000111 111011101110101010110011
111011111110101010110100 000000001111000000000000 111011110001101010110100
111011111110101010110100 000000001110100000000000 111011110000001010110100
111011111110101010110100 000000001110010000000000 111011110000111010110100
111011111110101010110100 000000001110001000000000 111011110000100010110100
111011111110101010110100 000000001110000100000000 111011110000101110110100
111011111110101010110100 000000001110000010000000 111011110000101000110100
111011111110101010110100 000000001110000001000000 111011110000101011110100
111011111110101010110100 000000001110000000100000 111011110000101010010100
111011111110101010110100 000000001110000000010000 111011110000101010100100
111011111110101010110100 000000001110000000001000 111011110000101010111100
111011111110101010110100 000000001110000000000100 111011110000101010110000
111011111110101010110100 000000001110000000000010 111011110000101010110110
111011111110101010110100 000000001110000000000001 111011110000101010110101
111011111110101010110100 000000001101100000000000 111011110011001010110100
111011111110101010110100 000000001101010000000000 111011110011111010110100
111011111110101010110100 000000001101001000000000 111011110011100010110100
111011111110101010110100 000000001101000100000000 111011110011101110110100
111011111110101010110100 000000001101000010000000 111011110011101000110100
111011111110101010110100 000000001101000001000000 111011110011101011110100
111011111110101010110100 000000001101000000100000 111011110011101010010100
111011111110101010110100 000000001101000000010000 111011110011101010100100
111011111110101010110100 000000001101000000001000 111011110011101010111100
111011111110101010110100 000000001101000000000100 111011110011101010110000
111011111110101010110100 000000001101000000000010 111011110011101010110110
111011111110101010110100 000000001101000000000001 111011110011101010110101
111011111110101010110100 000000001100110000000000 111011110010011010110100
111011111110101010110100 000000001100101000000000 111011110010000010110100
111011111110101010110100 000000001100100100000000 111011110010001110110100
111011111110101010110100 000000001100100010000000 111011110010001000110100
111011111110101010110100 000000001100100001000000 111011110010001011110100
111011111110101010110100 000000001100100000100000 111011110010001010010100
111011111110101010110100 000000001100100000010000 111011110010001010100100
111011111110101010110100 000000001100100000001000 111011110010001010111100
111011111110101010110100 000000001100100000000100 111011110010001010110000
111011111110101010110100 000000001100100000000010 111011110010001010110110
111011111110101010110100 000000001100100000000001 111011110010001010110101
111011111110101010110100 000000001100011000000000 111011110010110010110100
111011111110101010110100 000000001100010100000000 111011110010111110110100
111011111110101010110100 000000001100010010000000 111011110010111000110100
111011111110101010110100 000000001100010001000000 111011110010111011110100
111011111110101010110100 000000001100010000100000 111011110010111010010100
111011111110101010110100 000000001100010000010000 111011110010111010100100
111011111110101010110100 000000001100010000001000 111011110010111010111100
111011111110101010110100 000000001100010000000100 111011110010111010110000
111011111110101010110100 000000001100010000000010 111011110010111010110110
111011111110101010110100 000000001100010000000001 111011110010111010110101
111011111110101010110100 000000001100001100000000 111011110010100110110100
111011111110101010110100 000000001100001010000000 111011110010100000110100
111011111110101010110100 000000001100001001000000 111011110010100011110100
111011111110101010110100 000000001100001000100000 111011110010100010010100
111011111110101010110100 000000001100001000010000 111011110010100010100100
111011111110101010110100 000000001100001000001000 111011110010100010111100
111011111110101010110100 000000001100001000000100 111011110010100010110000
111011111110101010110100 000000001100001000000010 111011110010100010110110
111011111110101010110100 000000001100001000000001 111011110010100010110101
111011111110101010110100 000000001100000110000000 111011110010101100110100
111011111110101010110100 000000001100000101000000 111011110010101111110100
111011111110101010110100 000000001100000100100000 111011110010101110010100
111011111110101010110100 000000001100000100010000 111011110010101110100100
111011111110101010110100 000000001100000100001000 111011110010101110111100
111011111110101010110100 000000001100000100000100 111011110010101110110000
111011111110101010110100 000000001100000100000010 111011110010101110110110
111011111110101010110100 000000001100000100000001 111011110010101110110101
111011111110101010110100 000000001100000011000000 111011110010101001110100
111011111110101010110100 000000001100000010100000 111011110010101000010100
111011111110101010110100 000000001100000010010000 111011110010101000100100
111011111110101010110100 000000001100000010001000 111011110010101000111100
111011111110101010110100 000000001100000010000100 111011110010101000110000
111011111110101010110100 000000001100000010000010 111011110010101000110110
111011111110101010110100 000000001100000010000001 111011110010101000110101
111011111110101010110100 000000001100000001100000 111011110010101011010100
111011111110101010110100 000000001100000001010000 111011110010101011100100
111011111110101010110100 000000001100000001001000 111011110010101011111100
111011111110101010110100 000000001100000001000100 111011110010101011110000
111011111110101010110100 000000001100000001000010 111011110010101011110110
111011111110101010110100 000000001100000001000001 111011110010101011110101
111011111110101010110100 000000001100000000110000 111011110010101010000100
111011111110101010110100 000000001100000000101000 111011110010101010011100
111011111110101010110100 000000001100000000100100 111011110010101010010000
111011111110101010110100 000000001100000000100010 111011110010101010010110
111011111110101010110100 000000001100000000100001 111011110010101010010101
111011111110101010110100 000000001100000000011000 111011110010101010101100
111011111110101010110100 000000001100000000010100 111011110010101010100000
111011111110101010110100 000000001100000000010010 111011110010101010100110
111011111110101010110100 000000001100000000010001 111011110010101010100101
111011111110101010110100 000000001100000000001100 111011110010101010111000
111011111110101010110100 000000001100000000001010 111011110010101010111110
111011111110101010110100 000000001100000000001001 111011110010101010111101
111011111110101010110100 000000001100000000000110 111011110010101010110010
111011111110101010110100 000000001100000000000101 111011110010101010110001
111011111110101010110100 000000001100000000000011 111011110010101010110111
111011111110101010110100 000000001011100000000000 111011110101001010110100
111011111110101010110100 000000001011010000000000 111011110101111010110100
111011111110101010110100 000000001011001000000000 111011110101100010110100
111011111110101010110100 000000001011000100000000 111011110101101110110100
111011111110101010110100 000000001011000010000000 111011110101101000110100
111011111110101010110100 000000001011000001000000 111011110101101011110100
111011111110101010110100 000000001011000000100000 111011110101101010010100
111011111110101010110100 000000001011000000010000 111011110101101010100100
111011111110101010110100 000000001011000000001000 111011110101101010111100
111011111110101010110100 000000001011000000000100 111011110101101010110000
111011111110101010110100 000000001011000000000010 111011110101101010110110
111011111110101010110100 000000001011000000000001 111011110101101010110101
111011111110101010110100 000000001010110000000000 111011110100011010110100
111011111110101010110100 000000001010101000000000 111011110100000010110100
111011111110101010110100 000000001010100100000000 111011110100001110110100
111011111110101010110100 000000001010100010000000 111011110100001000110100
111011111110101010110100 000000001010100001000000 111011110100001011110100
111011111110101010110100 000000001010100000100000 111011110100001010010100
111011111110101010110100 000000001010100000010000 111011110100001010100100
111011111110101010110100 000000001010100000001000 111011110100001010111100
111011111110101010110100 000000001010100000000100 111011110100001010110000
111011111110101010110100 000000001010100000000010 111011110100001010110110
111011111110101010110100 000000001010100000000001 111011110100001010110101
111011111110101010110100 000000001010011000000000 111011110100110010110100
111011111110101010110100 000000001010010100000000 111011110100111110110100
111011111110101010110100 000000001010010010000000 111011110100111000110100
111011111110101010110100 000000001010010001000000 111011110100111011110100
111011111110101010110100 000000001010010000100000 111011110100111010010100
111011111110101010110100 000000001010010000010000 111011110100111010100100
111011111110101010110100 000000001010010000001000 111011110100111010111100
111011111110101010110100 000000001010010000000100 111011110100111010110000
111011111110101010110100 000000001010010000000010 111011110100111010110110
111011111110101010110100 000000001010010000000001 111011110100111010110101
111011111110101010110100 000000001010001100000000 111011110100100110110100
111011111110101010110100 000000001010001010000000 111011110100100000110100
111011111110101010110100 000000001010001001000000 111011110100100011110100
111011111110101010110100 000000001010001000100000 111011110100100010010100
111011111110101010110100 000000001010001000010000 111011110100100010100100
111011111110101010110100 000000001010001000001000 111011110100100010111100
111011111110101010110100 000000001010001000000100 111011110100100010110000
111011111110101010110100 000000001010001000000010 111011110100100010110110
111011111110101010110100 000000001010001000000001 111011110100100010110101
111011111110101010110100 000000001010000110000000 111011110100101100110100
111011111110101010110100 000000001010000101000000 111011110100101111110100
111011111110101010110100 000000001010000100100000 111011110100101110010100
111011111110101010110100 000000001010000100010000 111011110100101110100100
111011111110101010110100 000000001010000100001000 111011110100101110111100
111011111110101010110100 000000001010000100000100 111011110100101110110000
111011111110101010110100 000000001010000100000010 111011110100101110110110
111011111110101010110100 000000001010000100000001 111011110100101110110101
111011111110101010110100 000000001010000011000000 111011110100101001110100
111011111110101010110100 000000001010000010100000 111011110100101000010100
111011111110101010110100 000000001010000010010000 111011110100101000100100
111011111110101010110100 000000001010000010001000 111011110100101000111100
111011111110101010110100 000000001010000010000100 111011110100101000110000
111011111110101010110100 000000001010000010000010 111011110100101000110110
111011111110101010110100 000000001010000010000001 111011110100101000110101
111011111110101010110100 000000001010000001100000 111011110100101011010100
111011111110101010110100 000000001010000001010000 111011110100101011100100
111011111110101010110100 000000001010000001001000 111011110100101011111100
111011111110101010110100 000000001010000001000100 111011110100101011110000
111011111110101010110100 000000001010000001000010 111011110100101011110110
111011111110101010110100 000000001010000001000001 111011110100101011110101
111011111110101010110100 000000001010000000110000 111011110100101010000100
111011111110101010110100 000000001010000000101000 111011110100101010011100
111011111110101010110100 000000001010000000100100 111011110100101010010000
111011111110101010110100 000000001010000000100010 111011110100101010010110
111011111110101010110100 000000001010000000100001 111011110100101010010101
111011111110101010110100 000000001010000000011000 111011110100101010101100
111011111110101010110100 000000001010000000010100 111011110100101010100000
111011111110101010110100 000000001010000000010010 111011110100101010100110
111011111110101010110100 000000001010000000010001 111011110100101010100101
111011111110101010110100 000000001010000000001100 111011110100101010111000
111011111110101010110100 000000001010000000001010 111011110100101010111110
111011111110101010110100 000000001010000000001001 111011110100101010111101
111011111110101010110100 000000001010000000000110 111011110100101010110010
111011111110101010110100 000000001010000000000101 111011110100101010110001
111011111110101010110100 000000001010000000000011 111011110100101010110111
111011111110101010110100 000000001001110000000000 111011110111011010110100
111011111110101010110100 000000001001101000000000 111011110111000010110100
111011111110101010110100 000000001001100100000000 111011110111001110110100
111011111110101010110100 000000001001100010000000 111011110111001000110100
111011111110101010110100 000000001001100001000000 111011110111001011110100
111011111110101010110100 000000001001100000100000 111011110111001010010100
111011111110101010110100 000000001001100000010000 111011110111001010100100
111011111110101010110100 000000001001100000001000 111011110111001010111100
111011111110101010110100 000000001001100000000100 111011110111001010110000
111011111110101010110100 000000001001100000000010 111011110111001010110110
111011111110101010110100 000000001001100000000001 111011110111001010110101
111011111110101010110100 000000001001011000000000 111011110111110010110100
111011111110101010110100 000000001001010100000000 111011110111111110110100
111011111110101010110100 000000001001010010000000 111011110111111000110100
111011111110101010110100 000000001001010001000000 111011110111111011110100
111011111110101010110100 000000001001010000100000 111011110111111010010100
111011111110101010110100 000000001001010000010000 111011110111111010100100
111011111110101010110100 000000001001010000001000 111011110111111010111100
111011111110101010110100 000000001001010000000100 111011110111111010110000
111011111110101010110100 000000001001010000000010 111011110111111010110110
111011111110101010110100 000000001001010000000001 111011110111111010110101
111011111110101010110100 000000001001001100000000 111011110111100110110100
111011111110101010110100 000000001001001010000000 111011110111100000110100
111011111110101010110100 000000001001001001000000 111011110111100011110100
111011111110101010110100 000000001001001000100000 111011110111100010010100
111011111110101010110100 000000001001001000010000 111011110111100010100100
111011111110101010110100 000000001001001000001000 111011110111100010111100
111011111110101010110100 000000001001001000000100 111011110111100010110000
111011111110101010110100 000000001001001000000010 111011110111100010110110
111011111110101010110100 000000001001001000000001 111011110111100010110101
111011111110101010110100 000000001001000110000000 111011110111101100110100
111011111110101010110100 000000001001000101000000 111011110111101111110100
111011111110101010110100 000000001001000100100000 111011110111101110010100
111011111110101010110100 000000001001000100010000 111011110111101110100100
111011111110101010110100 000000001001000100001000 111011110111101110111100
111011111110101010110100 000000001001000100000100 111011110111101110110000
111011111110101010110100 000000001001000100000010 111011110111101110110110
111011111110101010110100 000000001001000100000001 111011110111101110110101
111011111110101010110100 000000001001000011000000 111011110111101001110100
111011111110101010110100 000000001001000010100000 111011110111101000010100
111011111110101010110100 000000001001000010010000 111011110111101000100100
111011111110101010110100 000000001001000010001000 111011110111101000111100
111011111110101010110100 000000001001000010000100 111011110111101000110000
111011111110101010110100 000000001001000010000010 111011110111101000110110
111011111110101010110100 000000001001000010000001 111011110111101000110101
111011111110101010110100 000000001001000001100000 111011110111101011010100
111011111110101010110100 000000001001000001010000 111011110111101011100100
111011111110101010110100 000000001001000001001000 111011110111101011111100
111011111110101010110100 000000001001000001000100 111011110111101011110000
111011111110101010110100 000000001001000001000010 111011110111101011110110
111011111110101010110100 000000001001000001000001 111011110111101011110101
111011111110101010110100 000000001001000000110000 111011110111101010000100
111011111110101010110100 000000001001000000101000 111011110111101010011100
111011111110101010110100 000000001001000000100100 111011110111101010010000
111011111110101010110100 000000001001000000100010 111011110111101010010110
111011111110101010110100 000000001001000000100001 111011110111101010010101
111011111110101010110100 000000001001000000011000 111011110111101010101100
111011111110101010110100 000000001001000000010100 111011110111101010100000
111011111110101010110100 000000001001000000010010 111011110111101010100110
111011111110101010110100 000000001001000000010001 111011110111101010100101
111011111110101010110100 000000001001000000001100 111011110111101010111000
111011111110101010110100 000000001001000000001010 111011110111101010111110
111011111110101010110100 000000001001000000001001 111011110111101010111101
111011111110101010110100 000000001001000000000110 111011110111101010110010
111011111110101010110100 000000001001000000000101 111011110111101010110001
111011111110101010110100 000000001001000000000011 111011110111101010110111
111011111110101010110100 000000001000111000000000 111011110110010010110100
111011111110101010110100 000000001000110100000000 111011110110011110110100
111011111110101010110100 000000001000110010000000 111011110110011000110100
111011111110101010110100 000000001000110001000000 111011110110011011110100
111011111110101010110100 000000001000110000100000 111011110110011010010100
111011111110101010110100 000000001000110000010000 111011110110011010100100
111011111110101010110100 000000001000110000001000 111011110110011010111100
111011111110101010110100 000000001000110000000100 111011110110011010110000
111011111110101010110100 000000001000110000000010 111011110110011010110110
111011111110101010110100 000000001000110000000001 111011110110011010110101
111011111110101010110100 000000001000101100000000 111011110110000110110100
111011111110101010110100 000000001000101010000000 111011110110000000110100
111011111110101010110100 000000001000101001000000 111011110110000011110100
111011111110101010110100 000000001000101000100000 111011110110000010010100
111011111110101010110100 000000001000101000010000 111011110110000010100100
111011111110101010110100 000000001000101000001000 111011110110000010111100
111011111110101010110100 000000001000101000000100 111011110110000010110000
111011111110101010110100 000000001000101000000010 111011110110000010110110
111011111110101010110100 000000001000101000000001 111011110110000010110101
111011111110101010110100 000000001000100110000000 111011110110001100110100
111011111110101010110100 000000001000100101000000 111011110110001111110100
111011111110101010110100 000000001000100100100000 111011110110001110010100
111011111110101010110100 000000001000100100010000 111011110110001110100100
111011111110101010110100 000000001000100100001000 111011110110001110111100
111011111110101010110100 000000001000100100000100 111011110110001110110000
111011111110101010110100 000000001000100100000010 111011110110001110110110
111011111110101010110100 000000001000100100000001 111011110110001110110101
111011111110101010110100 000000001000100011000000 111011110110001001110100
111011111110101010110100 000000001000100010100000 111011110110001000010100
111011111110101010110100 000000001000100010010000 111011110110001000100100
111011111110101010110100 000000001000100010001000 111011110110001000111100
111011111110101010110100 000000001000100010000100 111011110110001000110000
111011111110101010110100 000000001000100010000010 111011110110001000110110
111011111110101010110100 000000001000100010000001 111011110110001000110101
111011111110101010110100 000000001000100001100000 111011110110001011010100
111011111110101010110100 000000001000100001010000 111011110110001011100100
111011111110101010110100 000000001000100001001000 111011110110001011111100
111011111110101010110100 000000001000100001000100 111011110110001011110000
111011111110101010110100 000000001000100001000010 111011110110001011110110
111011111110101010110100 000000001000100001000001 111011110110001011110101
111011111110101010110100 000000001000100000110000 111011110110001010000100
111011111110101010110100 000000001000100000101000 111011110110001010011100
111011111110101010110100 000000001000100000100100 111011110110001010010000
111011111110101010110100 000000001000100000100010 111011110110001010010110
111011111110101010110100 000000001000100000100001 111011110110001010010101
111011111110101010110100 000000001000100000011000 111011110110001010101100
111011111110101010110100 000000001000100000010100 111011110110001010100000
111011111110101010110100 000000001000100000010010 111011110110001010100110
111011111110101010110100 000000001000100000010001 111011110110001010100101
111011111110101010110100 000000001000100000001100 111011110110001010111000
111011111110101010110100 000000001000100000001010 111011110110001010111110
111011111110101010110100 000000001000100000001001 111011110110001010111101
111011111110101010110100 000000001000100000000110 111011110110001010110010
111011111110101010110100 000000001000100000000101 111011110110001010110001
111011111110101010110100 000000001000100000000011 111011110110001010110111
111011111110101010110100 000000001000011100000000 111011110110110110110100
111011111110101010110100 000000001000011010000000 111011110110110000110100
111011111110101010110100 000000001000011001000000 111011110110110011110100
111011111110101010110100 000000001000011000100000 111011110110110010010100
111011111110101010110100 000000001000011000010000 111011110110110010100100
111011111110101010110100 000000001000011000001000 111011110110110010111100
111011111110101010110100 000000001000011000000100 111011110110110010110000
111011111110101010110100 000000001000011000000010 111011110110110010110110
111011111110101010110100 000000001000011000000001 111011110110110010110101
111011111110101010110100 000000001000010110000000 111011110110111100110100
111011111110101010110100 000000001000010101000000 111011110110111111110100
111011111110101010110100 000000001000010100100000 111011110110111110010100
111011111110101010110100 000000001000010100010000 111011110110111110100100
111011111110101010110100 000000001000010100001000 111011110110111110111100
111011111110101010110100 000000001000010100000100 111011110110111110110000
111011111110101010110100 000000001000010100000010 111011110110111110110110
111011111110101010110100 000000001000010100000001 111011110110111110110101
111011111110101010110100 000000001000010011000000 111011110110111001110100
111011111110101010110100 000000001000010010100000 111011110110111000010100
111011111110101010110100 000000001000010010010000 111011110110111000100100
111011111110101010110100 000000001000010010001000 111011110110111000111100
111011111110101010110100 000000001000010010000100 111011110110111000110000
111011111110101010110100 000000001000010010000010 111011110110111000110110
111011111110101010110100 000000001000010010000001 111011110110111000110101
111011111110101010110100 000000001000010001100000 111011110110111011010100
111011111110101010110100 000000001000010001010000 111011110110111011100100
111011111110101010110100 000000001000010001001000 111011110110111011111100
111011111110101010110100 000000001000010001000100 111011110110111011110000
111011111110101010110100 000000001000010001000010 111011110110111011110110
111011111110101010110100 000000001000010001000001 111011110110111011110101
111011111110101010110100 000000001000010000110000 111011110110111010000100
111011111110101010110100 000000001000010000101000 111011110110111010011100
111011111110101010110100 000000001000010000100100 111011110110111010010000
111011111110101010110100 000000001000010000100010 111011110110111010010110
111011111110101010110100 000000001000010000100001 111011110110111010010101
111011111110101010110100 000000001000010000011000 111011110110111010101100
111011111110101010110100 000000001000010000010100 111011110110111010100000
111011111110101010110100 000000001000010000010010 111011110110111010100110
111011111110101010110100 000000001000010000010001 111011110110111010100101
111011111110101010110100 000000001000010000001100 111011110110111010111000
111011111110101010110100 000000001000010000001010 111011110110111010111110
111011111110101010110100 000000001000010000001001 111011110110111010111101
111011111110101010110100 000000001000010000000110 111011110110111010110010
111011111110101010110100 000000001000010000000101 111011110110111010110001
111011111110101010110100 000000001000010000000011 111011110110111010110111
111011111110101010110100 000000001000001110000000 111011110110100100110100
111011111110101010110100 000000001000001101000000 111011110110100111110100
111011111110101010110100 000000001000001100100000 111011110110100110010100
111011111110101010110100 000000001000001100010000 111011110110100110100100
111011111110101010110100 000000001000001100001000 111011110110100110111100
111011111110101010110100 000000001000001100000100 111011110110100110110000
111011111110101010110100 000000001000001100000010 111011110110100110110110
111011111110101010110100 000000001000001100000001 111011110110100110110101
111011111110101010110100 000000001000001011000000 111011110110100001110100
111011111110101010110100 000000001000001010100000 111011110110100000010100
111011111110101010110100 000000001000001010010000 111011110110100000100100
111011111110101010110100 000000001000001010001000 111011110110100000111100
111011111110101010110100 000000001000001010000100 111011110110100000110000
111011111110101010110100 000000001000001010000010 111011110110100000110110
111011111110101010110100 000000001000001010000001 111011110110100000110101
111011111110101010110100 000000001000001001100000 111011110110100011010100
111011111110101010110100 000000001000001001010000 111011110110100011100100
111011111110101010110100 000000001000001001001000 111011110110100011111100
111011111110101010110100 000000001000001001000100 111011110110100011110000
111011111110101010110100 000000001000001001000010 111011110110100011110110
111011111110101010110100 000000001000001001000001 111011110110100011110101
111011111110101010110100 000000001000001000110000 111011110110100010000100
111011111110101010110100 000000001000001000101000 111011110110100010011100
111011111110101010110100 000000001000001000100100 111011110110100010010000
111011111110101010110100 000000001000001000100010 111011110110100010010110
111011111110101010110100 000000001000001000100001 111011110110100010010101
111011111110101010110100 000000001000001000011000 111011110110100010101100
111011111110101010110100 000000001000001000010100 111011110110100010100000
111011111110101010110100 000000001000001000010010 111011110110100010100110
111011111110101010110100 000000001000001000010001 111011110110100010100101
111011111110101010110100 000000001000001000001100 111011110110100010111000
111011111110101010110100 000000001000001000001010 111011110110100010111110
111011111110101010110100 000000001000001000001001 111011110110100010111101
111011111110101010110100 000000001000001000000110 111011110110100010110010
111011111110101010110100 000000001000001000000101 111011110110100010110001
111011111110101010110100 000000001000001000000011 111011110110100010110111
111011111110101010110100 000000001000000111000000 111011110110101101110100
111011111110101010110100 000000001000000110100000 111011110110101100010100
111011111110101010110100 000000001000000110010000 111011110110101100100100
111011111110101010110100 000000001000000110001000 111011110110101100111100
111011111110101010110100 000000001000000110000100 111011110110101100110000
111011111110101010110100 000000001000000110000010 111011110110101100110110
111011111110101010110100 000000001000000110000001 111011110110101100110101
111011111110101010110100 000000001000000101100000 111011110110101111010100
111011111110101010110100 000000001000000101010000 111011110110101111100100
111011111110101010110100 000000001000000101001000 111011110110101111111100
111011111110101010110100 000000001000000101000100 111011110110101111110000
111011111110101010110100 000000001000000101000010 111011110110101111110110
111011111110101010110100 000000001000000101000001 111011110110101111110101
111011111110101010110100 000000001000000100110000 111011110110101110000100
111011111110101010110100 000000001000000100101000 111011110110101110011100
111011111110101010110100 000000001000000100100100 111011110110101110010000
111011111110101010110100 000000001000000100100010 111011110110101110010110
111011111110101010110100 000000001000000100100001 111011110110101110010101
111011111110101010110100 000000001000000100011000 111011110110101110101100
111011111110101010110100 000000001000000100010100 111011110110101110100000
111011111110101010110100 000000001000000100010010 111011110110101110100110
111011111110101010110100 000000001000000100010001 111011110110101110100101
111011111110101010110100 000000001000000100001100 111011110110101110111000
111011111110101010110100 000000001000000100001010 111011110110101110111110
111011111110101010110100 000000001000000100001001 111011110110101110111101
111011111110101010110100 000000001000000100000110 111011110110101110110010
111011111110101010110100 000000001000000100000101 111011110110101110110001
111011111110101010110100 000000001000000100000011 111011110110101110110111
111011111110101010110100 000000001000000011100000 111011110110101001010100
111011111110101010110100 000000001000000011010000 111011110110101001100100
111011111110101010110100 000000001000000011001000 111011110110101001111100
111011111110101010110100 000000001000000011000100 111011110110101001110000
111011111110101010110100 000000001000000011000010 111011110110101001110110
111011111110101010110100 000000001000000011000001 111011110110101001110101
111011111110101010110100 000000001000000010110000 111011110110101000000100
111011111110101010110100 000000001000000010101000 111011110110101000011100
111011111110101010110100 000000001000000010100100 111011110110101000010000
111011111110101010110100 000000001000000010100010 111011110110101000010110
111011111110101010110100 000000001000000010100001 111011110110101000010101
111011111110101010110100 000000001000000010011000 111011110110101000101100
111011111110101010110100 000000001000000010010100 111011110110101000100000
111011111110101010110100 000000001000000010010010 111011110110101000100110
111011111110101010110100 000000001000000010010001 111011110110101000100101
111011111110101010110100 000000001000000010001100 111011110110101000111000
111011111110101010110100 000000001000000010001010 111011110110101000111110
111011111110101010110100 000000001000000010001001 111011110110101000111101
111011111110101010110100 000000001000000010000110 111011110110101000110010
111011111110101010110100 000000001000000010000101 111011110110101000110001
111011111110101010110100 000000001000000010000011 111011110110101000110111
111011111110101010110100 000000001000000001110000 111011110110101011000100
111011111110101010110100 000000001000000001101000 111011110110101011011100
111011111110101010110100 000000001000000001100100 111011110110101011010000
111011111110101010110100 000000001000000001100010 111011110110101011010110
111011111110101010110100 000000001000000001100001 111011110110101011010101
111011111110101010110100 000000001000000001011000 111011110110101011101100
111011111110101010110100 000000001000000001010100 111011110110101011100000
111011111110101010110100 000000001000000001010010 111011110110101011100110
111011111110101010110100 000000001000000001010001 111011110110101011100101
111011111110101010110100 000000001000000001001100 111011110110101011111000
111011111110101010110100 000000001000000001001010 111011110110101011111110
111011111110101010110100 000000001000000001001001 111011110110101011111101
111011111110101010110100 000000001000000001000110 111011110110101011110010
111011111110101010110100 000000001000000001000101 111011110110101011110001
111011111110101010110100 000000001000000001000011 111011110110101011110111
111011111110101010110100 000000001000000000111000 111011110110101010001100
111011111110101010110100 000000001000000000110100 111011110110101010000000
111011111110101010110100 000000001000000000110010 111011110110101010000110
111011111110101010110100 000000001000000000110001 111011110110101010000101
111011111110101010110100 000000001000000000101100 111011110110101010011000
111011111110101010110100 000000001000000000101010 111011110110101010011110
111011111110101010110100 000000001000000000101001 111011110110101010011101
111011111110101010110100 000000001000000000100110 111011110110101010010010
111011111110101010110100 000000001000000000100101 111011110110101010010001
111011111110101010110100 000000001000000000100011 111011110110101010010111
111011111110101010110100 000000001000000000011100 111011110110101010101000
111011111110101010110100 000000001000000000011010 111011110110101010101110
111011111110101010110100 000000001000000000011001 111011110110101010101101
111011111110101010110100 000000001000000000010110 111011110110101010100010
111011111110101010110100 000000001000000000010101 111011110110101010100001
111011111110101010110100 000000001000000000010011 111011110110101010100111
111011111110101010110100 000000001000000000001110 111011110110101010111010
111011111110101010110100 000000001000000000001101 111011110110101010111001
111011111110101010110100 000000001000000000001011 111011110110101010111111
111011111110101010110100 000000001000000000000111 111011110110101010110011
111011111110101010110100 000000000111100000000000 111011111001001010110100
111011111110101010110100 000000000111010000000000 111011111001111010110100
111011111110101010110100 000000000111001000000000 111011111001100010110100
111011111110101010110100 000000000111000100000000 111011111001101110110100
111011111110101010110100 000000000111000010000000 111011111001101000110100
111011111110101010110100 000000000111000001000000 111011111001101011110100
111011111110101010110100 000000000111000000100000 111011111001101010010100
111011111110101010110100 000000000111000000010000 111011111001101010100100
111011111110101010110100 000000000111000000001000 111011111001101010111100
111011111110101010110100 000000000111000000000100 111011111001101010110000
111011111110101010110100 000000000111000000000010 111011111001101010110110
111011111110101010110100 000000000111000000000001 111011111001101010110101
111011111110101010110100 000000000110110000000000 111011111000011010110100
111011111110101010110100 000000000110101000000000 111011111000000010110100
111011111110101010110100 000000000110100100000000 111011111000001110110100
111011111110101010110100 000000000110100010000000 111011111000001000110100
111011111110101010110100 000000000110100001000000 111011111000001011110100
111011111110101010110100 000000000110100000100000 111011111000001010010100
111011111110101010110100 000000000110100000010000 111011111000001010100100
111011111110101010110100 000000000110100000001000 111011111000001010111100
111011111110101010110100 000000000110100000000100 111011111000001010110000
111011111110101010110100 000000000110100000000010 111011111000001010110110
111011111110101010110100 000000000110100000000001 111011111000001010110101
111011111110101010110100 000000000110011000000000 111011111000110010110100
111011111110101010110100 000000000110010100000000 111011111000111110110100
111011111110101010110100 000000000110010010000000 111011111000111000110100
111011111110101010110100 000000000110010001000000 111011111000111011110100
111011111110101010110100 000000000110010000100000 111011111000111010010100
111011111110101010110100 000000000110010000010000 111011111000111010100100
111011111110101010110100 000000000110010000001000 111011111000111010111100
111011111110101010110100 000000000110010000000100 111011111000111010110000
111011111110101010110100 000000000110010000000010 111011111000111010110110
111011111110101010110100 000000000110010000000001 111011111000111010110101
111011111110101010110100 000000000110001100000000 111011111000100110110100
111011111110101010110100 000000000110001010000000 111011111000100000110100
111011111110101010110100 000000000110001001000000 111011111000100011110100
111011111110101010110100 000000000110001000100000 111011111000100010010100
111011111110101010110100 000000000110001000010000 111011111000100010100100
111011111110101010110100 000000000110001000001000 111011111000100010111100
111011111110101010110100 000000000110001000000100 111011111000100010110000
111011111110101010110100 000000000110001000000010 111011111000100010110110
111011111110101010110100 000000000110001000000001 111011111000100010110101
111011111110101010110100 000000000110000110000000 111011111000101100110100
111011111110101010110100 000000000110000101000000 111011111000101111110100
111011111110101010110100 000000000110000100100000 111011111000101110010100
111011111110101010110100 000000000110000100010000 111011111000101110100100
111011111110101010110100 000000000110000100001000 111011111000101110111100
111011111110101010110100 000000000110000100000100 111011111000101110110000
111011111110101010110100 000000000110000100000010 111011111000101110110110
111011111110101010110100 000000000110000100000001 111011111000101110110101
111011111110101010110100 000000000110000011000000 111011111000101001110100
111011111110101010110100 000000000110000010100000 111011111000101000010100
111011111110101010110100 000000000110000010010000 111011111000101000100100
111011111110101010110100 000000000110000010001000 111011111000101000111100
111011111110101010110100 000000000110000010000100 111011111000101000110000
111011111110101010110100 000000000110000010000010 111011111000101000110110
111011111110101010110100 000000000110000010000001 111011111000101000110101
111011111110101010110100 000000000110000001100000 111011111000101011010100
111011111110101010110100 000000000110000001010000 111011111000101011100100
111011111110101010110100 000000000110000001001000 111011111000101011111100
111011111110101010110100 000000000110000001000100 111011111000101011110000
111011111110101010110100 000000000110000001000010 111011111000101011110110
111011111110101010110100 000000000110000001000001 111011111000101011110101
111011111110101010110100 000000000110000000110000 111011111000101010000100
111011111110101010110100 000000000110000000101000 111011111000101010011100
111011111110101010110100 000000000110000000100100 111011111000101010010000
111011111110101010110100 000000000110000000100010 111011111000101010010110
111011111110101010110100 000000000110000000100001 111011111000101010010101
111011111110101010110100 000000000110000000011000 111011111000101010101100
111011111110101010110100 000000000110000000010100 111011111000101010100000
111011111110101010110100 000000000110000000010010 111011111000101010100110
111011111110101010110100 000000000110000000010001 111011111000101010100101
111011111110101010110100 000000000110000000001100 111011111000101010111000
111011111110101010110100 000000000110000000001010 111011111000101010111110
111011111110101010110100 000000000110000000001001 111011111000101010111101
111011111110101010110100 000000000110000000000110 111011111000101010110010
111011111110101010110100 000000000110000000000101 111011111000101010110001
111011111110101010110100 000000000110000000000011 111011111000101010110111
111011111110101010110100 000000000101110000000000 111011111011011010110100
111011111110101010110100 000000000101101000000000 111011111011000010110100
111011111110101010110100 000000000101100100000000 111011111011001110110100
111011111110101010110100 000000000101100010000000 111011111011001000110100
111011111110101010110100 000000000101100001000000 111011111011001011110100
111011111110101010110100 000000000101100000100000 111011111011001010010100
111011111110101010110100 000000000101100000010000 111011111011001010100100
111011111110101010110100 000000000101100000001000 111011111011001010111100
111011111110101010110100 000000000101100000000100 111011111011001010110000
111011111110101010110100 000000000101100000000010 111011111011001010110110
111011111110101010110100 000000000101100000000001 111011111011001010110101
111011111110101010110100 000000000101011000000000 111011111011110010110100
111011111110101010110100 000000000101010100000000 111011111011111110110100
111011111110101010110100 000000000101010010000000 111011111011111000110100
111011111110101010110100 000000000101010001000000 111011111011111011110100
111011111110101010110100 000000000101010000100000 111011111011111010010100
111011111110101010110100 000000000101010000010000 111011111011111010100100
111011111110101010110100 000000000101010000001000 111011111011111010111100
111011111110101010110100 000000000101010000000100 111011111011111010110000
111011111110101010110100 000000000101010000000010 111011111011111010110110
111011111110101010110100 000000000101010000000001 111011111011111010110101
111011111110101010110100 000000000101001100000000 111011111011100110110100
111011111110101010110100 000000000101001010000000 111011111011100000110100
111011111110101010110100 000000000101001001000000 111011111011100011110100
111011111110101010110100 000000000101001000100000 111011111011100010010100
111011111110101010110100 000000000101001000010000 111011111011100010100100
111011111110101010110100 000000000101001000001000 111011111011100010111100
111011111110101010110100 000000000101001000000100 111011111011100010110000
111011111110101010110100 000000000101001000000010 111011111011100010110110
111011111110101010110100 000000000101001000000001 111011111011100010110101
111011111110101010110100 000000000101000110000000 111011111011101100110100
111011111110101010110100 000000000101000101000000 111011111011101111110100
111011111110101010110100 000000000101000100100000 111011111011101110010100
111011111110101010110100 000000000101000100010000 111011111011101110100100
111011111110101010110100 000000000101000100001000 111011111011101110111100
111011111110101010110100 000000000101000100000100 111011111011101110110000
111011111110101010110100 000000000101000100000010 111011111011101110110110
111011111110101010110100 000000000101000100000001 111011111011101110110101
111011111110101010110100 000000000101000011000000 111011111011101001110100
111011111110101010110100 000000000101000010100000 111011111011101000010100
111011111110101010110100 000000000101000010010000 111011111011101000100100
111011111110101010110100 000000000101000010001000 111011111011101000111100
111011111110101010110100 000000000101000010000100 111011111011101000110000
111011111110101010110100 000000000101000010000010 111011111011101000110110
111011111110101010110100 000000000101000010000001 111011111011101000110101
111011111110101010110100 000000000101000001100000 111011111011101011010100
111011111110101010110100 000000000101000001010000 111011111011101011100100
111011111110101010110100 000000000101000001001000 111011111011101011111100
111011111110101010110100 000000000101000001000100 111011111011101011110000
111011111110101010110100 000000000101000001000010 111011111011101011110110
111011111110101010110100 000000000101000001000001 111011111011101011110101
111011111110101010110100 000000000101000000110000 111011111011101010000100
111011111110101010110100 000000000101000000101000 111011111011101010011100
111011111110101010110100 000000000101000000100100 111011111011101010010000
111011111110101010110100 000000000101000000100010 111011111011101010010110
111011111110101010110100 000000000101000000100001 111011111011101010010101
111011111110101010110100 000000000101000000011000 111011111011101010101100
111011111110101010110100 000000000101000000010100 111011111011101010100000
111011111110101010110100 000000000101000000010010 111011111011101010100110
111011111110101010110100 000000000101000000010001 111011111011101010100101
111011111110101010110100 000000000101000000001100 111011111011101010111000
111011111110101010110100 000000000101000000001010 111011111011101010111110
111011111110101010110100 000000000101000000001001 111011111011101010111101
111011111110101010110100 000000000101000000000110 111011111011101010110010
111011111110101010110100 000000000101000000000101 111011111011101010110001
111011111110101010110100 000000000101000000000011 111011111011101010110111
111011111110101010110100 000000000100111000000000 111011111010010010110100
111011111110101010110100 000000000100110100000000 111011111010011110110100
111011111110101010110100 000000000100110010000000 111011111010011000110100
111011111110101010110100 000000000100110001000000 111011111010011011110100
111011111110101010110100 000000000100110000100000 111011111010011010010100
111011111110101010110100 000000000100110000010000 111011111010011010100100
111011111110101010110100 000000000100110000001000 111011111010011010111100
111011111110101010110100 000000000100110000000100 111011111010011010110000
111011111110101010110100 000000000100110000000010 111011111010011010110110
111011111110101010110100 000000000100110000000001 111011111010011010110101
111011111110101010110100 000000000100101100000000 111011111010000110110100
111011111110101010110100 000000000100101010000000 111011111010000000110100
111011111110101010110100 000000000100101001000000 111011111010000011110100
111011111110101010110100 000000000100101000100000 111011111010000010010100
111011111110101010110100 000000000100101000010000 111011111010000010100100
111011111110101010110100 000000000100101000001000 111011111010000010111100
111011111110101010110100 000000000100101000000100 111011111010000010110000
111011111110101010110100 000000000100101000000010 111011111010000010110110
111011111110101010110100 000000000100101000000001 111011111010000010110101
111011111110101010110100 000000000100100110000000 111011111010001100110100
111011111110101010110100 000000000100100101000000 111011111010001111110100
111011111110101010110100 000000000100100100100000 111011111010001110010100
111011111110101010110100 000000000100100100010000 111011111010001110100100
111011111110101010110100 000000000100100100001000 111011111010001110111100
111011111110101010110100 000000000100100100000100 111011111010001110110000
111011111110101010110100 000000000100100100000010 111011111010001110110110
111011111110101010110100 000000000100100100000001 111011111010001110110101
111011111110101010110100 000000000100100011000000 111011111010001001110100
111011111110101010110100 000000000100100010100000 111011111010001000010100
111011111110101010110100 000000000100100010010000 111011111010001000100100
111011111110101010110100 000000000100100010001000 111011111010001000111100
111011111110101010110100 000000000100100010000100 111011111010001000110000
111011111110101010110100 000000000100100010000010 111011111010001000110110
111011111110101010110100 000000000100100010000001 111011111010001000110101
111011111110101010110100 000000000100100001100000 111011111010001011010100
111011111110101010110100 000000000100100001010000 111011111010001011100100
111011111110101010110100 000000000100100001001000 111011111010001011111100
111011111110101010110100 000000000100100001000100 111011111010001011110000
111011111110101010110100 000000000100100001000010 111011111010001011110110
111011111110101010110100 000000000100100001000001 111011111010001011110101
111011111110101010110100 000000000100100000110000 111011111010001010000100
111011111110101010110100 000000000100100000101000 111011111010001010011100
111011111110101010110100 000000000100100000100100 111011111010001010010000
111011111110101010110100 000000000100100000100010 111011111010001010010110
111011111110101010110100 000000000100100000100001 111011111010001010010101
111011111110101010110100 000000000100100000011000 111011111010001010101100
111011111110101010110100 000000000100100000010100 111011111010001010100000
111011111110101010110100 000000000100100000010010 111011111010001010100110
111011111110101010110100 000000000100100000010001 111011111010001010100101
111011111110101010110100 000000000100100000001100 111011111010001010111000
111011111110101010110100 000000000100100000001010 111011111010001010111110
111011111110101010110100 000000000100100000001001 111011111010001010111101
111011111110101010110100 000000000100100000000110 111011111010001010110010
111011111110101010110100 000000000100100000000101 111011111010001010110001
111011111110101010110100 000000000100100000000011 111011111010001010110111
111011111110101010110100 000000000100011100000000 111011111010110110110100
111011111110101010110100 000000000100011010000000 111011111010110000110100
111011111110101010110100 000000000100011001000000 111011111010110011110100
111011111110101010110100 000000000100011000100000 111011111010110010010100
111011111110101010110100 000000000100011000010000 111011111010110010100100
111011111110101010110100 000000000100011000001000 111011111010110010111100
111011111110101010110100 000000000100011000000100 111011111010110010110000
111011111110101010110100 000000000100011000000010 111011111010110010110110
111011111110101010110100 000000000100011000000001 111011111010110010110101
111011111110101010110100 000000000100010110000000 111011111010111100110100
111011111110101010110100 000000000100010101000000 111011111010111111110100
111011111110101010110100 000000000100010100100000 111011111010111110010100
111011111110101010110100 000000000100010100010000 111011111010111110100100
111011111110101010110100 000000000100010100001000 111011111010111110111100
111011111110101010110100 000000000100010100000100 111011111010111110110000
111011111110101010110100 000000000100010100000010 111011111010111110110110
111011111110101010110100 000000000100010100000001 111011111010111110110101
111011111110101010110100 000000000100010011000000 111011111010111001110100
111011111110101010110100 000000000100010010100000 111011111010111000010100
111011111110101010110100 000000000100010010010000 111011111010111000100100
111011111110101010110100 000000000100010010001000 111011111010111000111100
111011111110101010110100 000000000100010010000100 111011111010111000110000
111011111110101010110100 000000000100010010000010 111011111010111000110110
111011111110101010110100 000000000100010010000001 111011111010111000110101
111011111110101010110100 000000000100010001100000 111011111010111011010100
111011111110101010110100 000000000100010001010000 111011111010111011100100
111011111110101010110100 000000000100010001001000 111011111010111011111100
111011111110101010110100 000000000100010001000100 111011111010111011110000
111011111110101010110100 000000000100010001000010 111011111010111011110110
111011111110101010110100 000000000100010001000001 111011111010111011110101
111011111110101010110100 000000000100010000110000 111011111010111010000100
111011111110101010110100 000000000100010000101000 111011111010111010011100
111011111110101010110100 000000000100010000100100 111011111010111010010000
111011111110101010110100 000000000100010000100010 111011111010111010010110
111011111110101010110100 000000000100010000100001 111011111010111010010101
111011111110101010110100 000000000100010000011000 111011111010111010101100
111011111110101010110100 000000000100010000010100 111011111010111010100000
111011111110101010110100 000000000100010000010010 111011111010111010100110
111011111110101010110100 000000000100010000010001 111011111010111010100101
111011111110101010110100 000000000100010000001100 111011111010111010111000
111011111110101010110100 000000000100010000001010 111011111010111010111110
111011111110101010110100 000000000100010000001001 111011111010111010111101
111011111110101010110100 000000000100010000000110 111011111010111010110010
111011111110101010110100 000000000100010000000101 111011111010111010110001
111011111110101010110100 000000000100010000000011 111011111010111010110111
111011111110101010110100 000000000100001110000000 111011111010100100110100
111011111110101010110100 000000000100001101000000 111011111010100111110100
111011111110101010110100 000000000100001100100000 111011111010100110010100
111011111110101010110100 000000000100001100010000 111011111010100110100100
111011111110101010110100 000000000100001100001000 111011111010100110111100
111011111110101010110100 000000000100001100000100 111011111010100110110000
111011111110101010110100 000000000100001100000010 111011111010100110110110
111011111110101010110100 000000000100001100000001 111011111010100110110101
111011111110101010110100 000000000100001011000000 111011111010100001110100
111011111110101010110100 000000000100001010100000 111011111010100000010100
111011111110101010110100 000000000100001010010000 111011111010100000100100
111011111110101010110100 000000000100001010001000 111011111010100000111100
111011111110101010110100 000000000100001010000100 111011111010100000110000
111011111110101010110100 000000000100001010000010 111011111010100000110110
111011111110101010110100 000000000100001010000001 111011111010100000110101
111011111110101010110100 000000000100001001100000 111011111010100011010100
111011111110101010110100 000000000100001001010000 111011111010100011100100
111011111110101010110100 000000000100001001001000 111011111010100011111100
111011111110101010110100 000000000100001001000100 111011111010100011110000
111011111110101010110100 000000000100001001000010 111011111010100011110110
111011111110101010110100 000000000100001001000001 111011111010100011110101
111011111110101010110100 000000000100001000110000 111011111010100010000100
111011111110101010110100 000000000100001000101000 111011111010100010011100
111011111110101010110100 000000000100001000100100 111011111010100010010000
111011111110101010110100 000000000100001000100010 111011111010100010010110
111011111110101010110100 000000000100001000100001 111011111010100010010101
111011111110101010110100 000000000100001000011000 111011111010100010101100
111011111110101010110100 000000000100001000010100 111011111010100010100000
111011111110101010110100 000000000100001000010010 111011111010100010100110
111011111110101010110100 000000000100001000010001 111011111010100010100101
111011111110101010110100 000000000100001000001100 111011111010100010111000
111011111110101010110100 000000000100001000001010 111011111010100010111110
111011111110101010110100 000000000100001000001001 111011111010100010111101
111011111110101010110100 000000000100001000000110 111011111010100010110010
111011111110101010110100 000000000100001000000101 111011111010100010110001
111011111110101010110100 000000000100001000000011 111011111010100010110111
111011111110101010110100 000000000100000111000000 111011111010101101110100
111011111110101010110100 000000000100000110100000 111011111010101100010100
111011111110101010110100 000000000100000110010000 111011111010101100100100
111011111110101010110100 000000000100000110001000 111011111010101100111100
111011111110101010110100 000000000100000110000100 111011111010101100110000
111011111110101010110100 000000000100000110000010 111011111010101100110110
111011111110101010110100 000000000100000110000001 111011111010101100110101
111011111110101010110100 000000000100000101100000 111011111010101111010100
111011111110101010110100 000000000100000101010000 111011111010101111100100
111011111110101010110100 000000000100000101001000 111011111010101111111100
111011111110101010110100 000000000100000101000100 111011111010101111110000
111011111110101010110100 000000000100000101000010 111011111010101111110110
111011111110101010110100 000000000100000101000001 111011111010101111110101
111011111110101010110100 000000000100000100110000 111011111010101110000100
111011111110101010110100 000000000100000100101000 111011111010101110011100
111011111110101010110100 000000000100000100100100 111011111010101110010000
111011111110101010110100 000000000100000100100010 111011111010101110010110
111011111110101010110100 000000000100000100100001 111011111010101110010101
111011111110101010110100 000000000100000100011000 111011111010101110101100
111011111110101010110100 000000000100000100010100 111011111010101110100000
111011111110101010110100 000000000100000100010010 111011111010101110100110
111011111110101010110100 000000000100000100010001 111011111010101110100101
111011111110101010110100 000000000100000100001100 111011111010101110111000
111011111110101010110100 000000000100000100001010 111011111010101110111110
111011111110101010110100 000000000100000100001001 111011111010101110111101
111011111110101010110100 000000000100000100000110 111011111010101110110010
111011111110101010110100 000000000100000100000101 111011111010101110110001
111011111110101010110100 000000000100000100000011 111011111010101110110111
111011111110101010110100 000000000100000011100000 111011111010101001010100
111011111110101010110100 000000000100000011010000 111011111010101001100100
111011111110101010110100 000000000100000011001000 111011111010101001111100
111011111110101010110100 000000000100000011000100 111011111010101001110000
111011111110101010110100 000000000100000011000010 111011111010101001110110
111011111110101010110100 000000000100000011000001 111011111010101001110101
111011111110101010110100 000000000100000010110000 111011111010101000000100
111011111110101010110100 000000000100000010101000 111011111010101000011100
111011111110101010110100 000000000100000010100100 111011111010101000010000
111011111110101010110100 000000000100000010100010 111011111010101000010110
111011111110101010110100 000000000100000010100001 111011111010101000010101
111011111110101010110100 000000000100000010011000 111011111010101000101100
111011111110101010110100 000000000100000010010100 111011111010101000100000
111011111110101010110100 000000000100000010010010 111011111010101000100110
111011111110101010110100 000000000100000010010001 111011111010101000100101
111011111110101010110100 000000000100000010001100 111011111010101000111000
111011111110101010110100 000000000100000010001010 111011111010101000111110
111011111110101010110100 000000000100000010001001 111011111010101000111101
111011111110101010110100 000000000100000010000110 111011111010101000110010
111011111110101010110100 000000000100000010000101 111011111010101000110001
111011111110101010110100 000000000100000010000011 111011111010101000110111
111011111110101010110100 000000000100000001110000 111011111010101011000100
111011111110101010110100 000000000100000001101000 111011111010101011011100
111011111110101010110100 000000000100000001100100 111011111010101011010000
111011111110101010110100 000000000100000001100010 111011111010101011010110
111011111110101010110100 000000000100000001100001 111011111010101011010101
111011111110101010110100 000000000100000001011000 111011111010101011101100
111011111110101010110100 000000000100000001010100 111011111010101011100000
111011111110101010110100 000000000100000001010010 111011111010101011100110
111011111110101010110100 000000000100000001010001 111011111010101011100101
111011111110101010110100 000000000100000001001100 111011111010101011111000
111011111110101010110100 000000000100000001001010 111011111010101011111110
111011111110101010110100 000000000100000001001001 111011111010101011111101
111011111110101010110100 000000000100000001000110 111011111010101011110010
111011111110101010110100 000000000100000001000101 111011111010101011110001
111011111110101010110100 000000000100000001000011 111011111010101011110111
111011111110101010110100 000000000100000000111000 111011111010101010001100
111011111110101010110100 000000000100000000110100 111011111010101010000000
111011111110101010110100 000000000100000000110010 111011111010101010000110
111011111110101010110100 000000000100000000110001 111011111010101010000101
111011111110101010110100 000000000100000000101100 111011111010101010011000
111011111110101010110100 000000000100000000101010 111011111010101010011110
111011111110101010110100 000000000100000000101001 111011111010101010011101
111011111110101010110100 000000000100000000100110 111011111010101010010010
111011111110101010110100 000000000100000000100101 111011111010101010010001
111011111110101010110100 000000000100000000100011 111011111010101010010111
111011111110101010110100 000000000100000000011100 111011111010101010101000
111011111110101010110100 000000000100000000011010 111011111010101010101110
111011111110101010110100 000000000100000000011001 111011111010101010101101
111011111110101010110100 000000000100000000010110 111011111010101010100010
111011111110101010110100 000000000100000000010101 111011111010101010100001
111011111110101010110100 000000000100000000010011 111011111010101010100111
111011111110101010110100 000000000100000000001110 111011111010101010111010
111011111110101010110100 000000000100000000001101 111011111010101010111001
111011111110101010110100 000000000100000000001011 111011111010101010111111
111011111110101010110100 000000000100000000000111 111011111010101010110011
111011111110101010110100 000000000011110000000000 111011111101011010110100
111011111110101010110100 000000000011101000000000 111011111101000010110100
111011111110101010110100 000000000011100100000000 111011111101001110110100
111011111110101010110100 000000000011100010000000 111011111101001000110100
111011111110101010110100 000000000011100001000000 111011111101001011110100
111011111110101010110100 000000000011100000100000 111011111101001010010100
111011111110101010110100 000000000011100000010000 111011111101001010100100
111011111110101010110100 000000000011100000001000 111011111101001010111100
111011111110101010110100 000000000011100000000100 111011111101001010110000
111011111110101010110100 000000000011100000000010 111011111101001010110110
111011111110101010110100 000000000011100000000001 111011111101001010110101
111011111110101010110100 000000000011011000000000 111011111101110010110100
111011111110101010110100 000000000011010100000000 111011111101111110110100
111011111110101010110100 000000000011010010000000 111011111101111000110100
111011111110101010110100 000000000011010001000000 111011111101111011110100
111011111110101010110100 000000000011010000100000 111011111101111010010100
111011111110101010110100 000000000011010000010000 111011111101111010100100
111011111110101010110100 000000000011010000001000 111011111101111010111100
111011111110101010110100 000000000011010000000100 111011111101111010110000
111011111110101010110100 000000000011010000000010 111011111101111010110110
111011111110101010110100 000000000011010000000001 111011111101111010110101
111011111110101010110100 000000000011001100000000 111011111101100110110100
111011111110101010110100 000000000011001010000000 111011111101100000110100
111011111110101010110100 000000000011001001000000 111011111101100011110100
111011111110101010110100 000000000011001000100000 111011111101100010010100
111011111110101010110100 000000000011001000010000 111011111101100010100100
111011111110101010110100 000000000011001000001000 111011111101100010111100
111011111110101010110100 000000000011001000000100 111011111101100010110000
111011111110101010110100 000000000011001000000010 111011111101100010110110
111011111110101010110100 000000000011001000000001 111011111101100010110101
111011111110101010110100 000000000011000110000000 111011111101101100110100
111011111110101010110100 000000000011000101000000 111011111101101111110100
111011111110101010110100 000000000011000100100000 111011111101101110010100
111011111110101010110100 000000000011000100010000 111011111101101110100100
111011111110101010110100 000000000011000100001000 111011111101101110111100
111011111110101010110100 000000000011000100000100 111011111101101110110000
111011111110101010110100 000000000011000100000010 111011111101101110110110
111011111110101010110100 000000000011000100000001 111011111101101110110101
111011111110101010110100 000000000011000011000000 111011111101101001110100
111011111110101010110100 000000000011000010100000 111011111101101000010100
111011111110101010110100 000000000011000010010000 111011111101101000100100
111011111110101010110100 000000000011000010001000 111011111101101000111100
111011111110101010110100 000000000011000010000100 111011111101101000110000
111011111110101010110100 000000000011000010000010 111011111101101000110110
111011111110101010110100 000000000011000010000001 111011111101101000110101
111011111110101010110100 000000000011000001100000 111011111101101011010100
111011111110101010110100 000000000011000001010000 111011111101101011100100
111011111110101010110100 000000000011000001001000 111011111101101011111100
111011111110101010110100 000000000011000001000100 111011111101101011110000
111011111110101010110100 000000000011000001000010 111011111101101011110110
111011111110101010110100 000000000011000001000001 111011111101101011110101
111011111110101010110100 000000000011000000110000 111011111101101010000100
111011111110101010110100 000000000011000000101000 111011111101101010011100
111011111110101010110100 000000000011000000100100 111011111101101010010000
111011111110101010110100 000000000011000000100010 111011111101101010010110
111011111110101010110100 000000000011000000100001 111011111101101010010101
111011111110101010110100 000000000011000000011000 111011111101101010101100
111011111110101010110100 000000000011000000010100 111011111101101010100000
111011111110101010110100 000000000011000000010010 111011111101101010100110
111011111110101010110100 000000000011000000010001 111011111101101010100101
111011111110101010110100 000000000011000000001100 111011111101101010111000
111011111110101010110100 000000000011000000001010 111011111101101010111110
111011111110101010110100 000000000011000000001001 111011111101101010111101
111011111110101010110100 000000000011000000000110 111011111101101010110010
111011111110101010110100 000000000011000000000101 111011111101101010110001
111011111110101010110100 000000000011000000000011 111011111101101010110111
111011111110101010110100 000000000010111000000000 111011111100010010110100
111011111110101010110100 000000000010110100000000 111011111100011110110100
111011111110101010110100 000000000010110010000000 111011111100011000110100
111011111110101010110100 000000000010110001000000 111011111100011011110100
111011111110101010110100 000000000010110000100000 111011111100011010010100
111011111110101010110100 000000000010110000010000 111011111100011010100100
111011111110101010110100 000000000010110000001000 111011111100011010111100
111011111110101010110100 000000000010110000000100 111011111100011010110000
111011111110101010110100 000000000010110000000010 111011111100011010110110
111011111110101010110100 000000000010110000000001 111011111100011010110101
111011111110101010110100 000000000010101100000000 111011111100000110110100
111011111110101010110100 000000000010101010000000 111011111100000000110100
111011111110101010110100 000000000010101001000000 111011111100000011110100
111011111110101010110100 000000000010101000100000 111011111100000010010100
111011111110101010110100 000000000010101000010000 111011111100000010100100
111011111110101010110100 000000000010101000001000 111011111100000010111100
111011111110101010110100 000000000010101000000100 111011111100000010110000
111011111110101010110100 000000000010101000000010 111011111100000010110110
111011111110101010110100 000000000010101000000001 111011111100000010110101
111011111110101010110100 000000000010100110000000 111011111100001100110100
111011111110101010110100 000000000010100101000000 111011111100001111110100
111011111110101010110100 000000000010100100100000 111011111100001110010100
111011111110101010110100 000000000010100100010000 111011111100001110100100
111011111110101010110100 000000000010100100001000 111011111100001110111100
111011111110101010110100 000000000010100100000100 111011111100001110110000
111011111110101010110100 000000000010100100000010 111011111100001110110110
111011111110101010110100 000000000010100100000001 111011111100001110110101
111011111110101010110100 000000000010100011000000 111011111100001001110100
111011111110101010110100 000000000010100010100000 111011111100001000010100
111011111110101010110100 000000000010100010010000 111011111100001000100100
111011111110101010110100 000000000010100010001000 111011111100001000111100
111011111110101010110100 000000000010100010000100 111011111100001000110000
111011111110101010110100 000000000010100010000010 111011111100001000110110
111011111110101010110100 000000000010100010000001 111011111100001000110101
111011111110101010110100 000000000010100001100000 111011111100001011010100
111011111110101010110100 000000000010100001010000 111011111100001011100100
111011111110101010110100 000000000010100001001000 111011111100001011111100
111011111110101010110100 000000000010100001000100 111011111100001011110000
111011111110101010110100 000000000010100001000010 111011111100001011110110
111011111110101010110100 000000000010100001000001 111011111100001011110101
111011111110101010110100 000000000010100000110000 111011111100001010000100
111011111110101010110100 000000000010100000101000 111011111100001010011100
111011111110101010110100 000000000010100000100100 111011111100001010010000
111011111110101010110100 000000000010100000100010 111011111100001010010110
111011111110101010110100 000000000010100000100001 111011111100001010010101
111011111110101010110100 000000000010100000011000 111011111100001010101100
111011111110101010110100 000000000010100000010100 111011111100001010100000
111011111110101010110100 000000000010100000010010 111011111100001010100110
111011111110101010110100 000000000010100000010001 111011111100001010100101
111011111110101010110100 000000000010100000001100 111011111100001010111000
111011111110101010110100 000000000010100000001010 111011111100001010111110
111011111110101010110100 000000000010100000001001 111011111100001010111101
111011111110101010110100 000000000010100000000110 111011111100001010110010
111011111110101010110100 000000000010100000000101 111011111100001010110001
111011111110101010110100 000000000010100000000011 111011111100001010110111
111011111110101010110100 000000000010011100000000 111011111100110110110100
111011111110101010110100 000000000010011010000000 111011111100110000110100
111011111110101010110100 000000000010011001000000 111011111100110011110100
111011111110101010110100 000000000010011000100000 111011111100110010010100
111011111110101010110100 000000000010011000010000 111011111100110010100100
111011111110101010110100 000000000010011000001000 111011111100110010111100
111011111110101010110100 000000000010011000000100 111011111100110010110000
111011111110101010110100 000000000010011000000010 111011111100110010110110
111011111110101010110100 000000000010011000000001 111011111100110010110101
111011111110101010110100 000000000010010110000000 111011111100111100110100
111011111110101010110100 000000000010010101000000 111011111100111111110100
111011111110101010110100 000000000010010100100000 111011111100111110010100
111011111110101010110100 000000000010010100010000 111011111100111110100100
111011111110101010110100 000000000010010100001000 111011111100111110111100
111011111110101010110100 000000000010010100000100 111011111100111110110000
111011111110101010110100 000000000010010100000010 111011111100111110110110
111011111110101010110100 000000000010010100000001 111011111100111110110101
111011111110101010110100 000000000010010011000000 111011111100111001110100
111011111110101010110100 000000000010010010100000 111011111100111000010100
111011111110101010110100 000000000010010010010000 111011111100111000100100
111011111110101010110100 000000000010010010001000 111011111100111000111100
111011111110101010110100 000000000010010010000100 111011111100111000110000
111011111110101010110100 000000000010010010000010 111011111100111000110110
111011111110101010110100 000000000010010010000001 111011111100111000110101
111011111110101010110100 000000000010010001100000 111011111100111011010100
111011111110101010110100 000000000010010001010000 111011111100111011100100
111011111110101010110100 000000000010010001001000 111011111100111011111100
111011111110101010110100 000000000010010001000100 111011111100111011110000
111011111110101010110100 000000000010010001000010 111011111100111011110110
111011111110101010110100 000000000010010001000001 111011111100111011110101
111011111110101010110100 000000000010010000110000 111011111100111010000100
111011111110101010110100 000000000010010000101000 111011111100111010011100
111011111110101010110100 000000000010010000100100 111011111100111010010000
111011111110101010110100 000000000010010000100010 111011111100111010010110
111011111110101010110100 000000000010010000100001 111011111100111010010101
111011111110101010110100 000000000010010000011000 111011111100111010101100
111011111110101010110100 000000000010010000010100 111011111100111010100000
111011111110101010110100 000000000010010000010010 111011111100111010100110
111011111110101010110100 000000000010010000010001 111011111100111010100101
111011111110101010110100 000000000010010000001100 111011111100111010111000
111011111110101010110100 000000000010010000001010 111011111100111010111110
111011111110101010110100 000000000010010000001001 111011111100111010111101
111011111110101010110100 000000000010010000000110 111011111100111010110010
111011111110101010110100 000000000010010000000101 111011111100111010110001
111011111110101010110100 000000000010010000000011 111011111100111010110111
111011111110101010110100 000000000010001110000000 111011111100100100110100
111011111110101010110100 000000000010001101000000 111011111100100111110100
111011111110101010110100 000000000010001100100000 111011111100100110010100
111011111110101010110100 000000000010001100010000 111011111100100110100100
111011111110101010110100 000000000010001100001000 111011111100100110111100
111011111110101010110100 000000000010001100000100 111011111100100110110000
111011111110101010110100 000000000010001100000010 111011111100100110110110
111011111110101010110100 000000000010001100000001 111011111100100110110101
111011111110101010110100 000000000010001011000000 111011111100100001110100
111011111110101010110100 000000000010001010100000 111011111100100000010100
111011111110101010110100 000000000010001010010000 111011111100100000100100
111011111110101010110100 000000000010001010001000 111011111100100000111100
111011111110101010110100 000000000010001010000100 111011111100100000110000
111011111110101010110100 000000000010001010000010 111011111100100000110110
111011111110101010110100 000000000010001010000001 111011111100100000110101
111011111110101010110100 000000000010001001100000 111011111100100011010100
111011111110101010110100 000000000010001001010000 111011111100100011100100
111011111110101010110100 000000000010001001001000 111011111100100011111100
111011111110101010110100 000000000010001001000100 111011111100100011110000
111011111110101010110100 000000000010001001000010 111011111100100011110110
111011111110101010110100 000000000010001001000001 111011111100100011110101
111011111110101010110100 000000000010001000110000 111011111100100010000100
111011111110101010110100 000000000010001000101000 111011111100100010011100
111011111110101010110100 000000000010001000100100 111011111100100010010000
111011111110101010110100 000000000010001000100010 111011111100100010010110
111011111110101010110100 000000000010001000100001 111011111100100010010101
111011111110101010110100 000000000010001000011000 111011111100100010101100
111011111110101010110100 000000000010001000010100 111011111100100010100000
111011111110101010110100 000000000010001000010010 111011111100100010100110
111011111110101010110100 000000000010001000010001 111011111100100010100101
111011111110101010110100 000000000010001000001100 111011111100100010111000
111011111110101010110100 000000000010001000001010 111011111100100010111110
111011111110101010110100 000000000010001000001001 111011111100100010111101
111011111110101010110100 000000000010001000000110 111011111100100010110010
111011111110101010110100 000000000010001000000101 111011111100100010110001
111011111110101010110100 000000000010001000000011 111011111100100010110111
111011111110101010110100 000000000010000111000000 111011111100101101110100
111011111110101010110100 000000000010000110100000 111011111100101100010100
111011111110101010110100 000000000010000110010000 111011111100101100100100
111011111110101010110100 000000000010000110001000 111011111100101100111100
111011111110101010110100 000000000010000110000100 111011111100101100110000
111011111110101010110100 000000000010000110000010 111011111100101100110110
111011111110101010110100 000000000010000110000001 111011111100101100110101
111011111110101010110100 000000000010000101100000 111011111100101111010100
111011111110101010110100 000000000010000101010000 111011111100101111100100
111011111110101010110100 000000000010000101001000 111011111100101111111100
111011111110101010110100 000000000010000101000100 111011111100101111110000
111011111110101010110100 000000000010000101000010 111011111100101111110110
111011111110101010110100 000000000010000101000001 111011111100101111110101
111011111110101010110100 000000000010000100110000 111011111100101110000100
111011111110101010110100 000000000010000100101000 111011111100101110011100
111011111110101010110100 000000000010000100100100 111011111100101110010000
111011111110101010110100 000000000010000100100010 111011111100101110010110
111011111110101010110100 000000000010000100100001 111011111100101110010101
111011111110101010110100 000000000010000100011000 111011111100101110101100
111011111110101010110100 000000000010000100010100 111011111100101110100000
111011111110101010110100 000000000010000100010010 111011111100101110100110
111011111110101010110100 000000000010000100010001 111011111100101110100101
111011111110101010110100 000000000010000100001100 111011111100101110111000
111011111110101010110100 000000000010000100001010 111011111100101110111110
111011111110101010110100 000000000010000100001001 111011111100101110111101
111011111110101010110100 000000000010000100000110 111011111100101110110010
111011111110101010110100 000000000010000100000101 111011111100101110110001
111011111110101010110100 000000000010000100000011 111011111100101110110111
111011111110101010110100 000000000010000011100000 111011111100101001010100
111011111110101010110100 000000000010000011010000 111011111100101001100100
111011111110101010110100 000000000010000011001000 111011111100101001111100
111011111110101010110100 000000000010000011000100 111011111100101001110000
111011111110101010110100 000000000010000011000010 111011111100101001110110
111011111110101010110100 000000000010000011000001 111011111100101001110101
111011111110101010110100 000000000010000010110000 111011111100101000000100
111011111110101010110100 000000000010000010101000 111011111100101000011100
111011111110101010110100 000000000010000010100100 111011111100101000010000
111011111110101010110100 000000000010000010100010 111011111100101000010110
111011111110101010110100 000000000010000010100001 111011111100101000010101
111011111110101010110100 000000000010000010011000 111011111100101000101100
111011111110101010110100 000000000010000010010100 111011111100101000100000
111011111110101010110100 000000000010000010010010 111011111100101000100110
111011111110101010110100 000000000010000010010001 111011111100101000100101
111011111110101010110100 000000000010000010001100 111011111100101000111000
111011111110101010110100 000000000010000010001010 111011111100101000111110
111011111110101010110100 000000000010000010001001 111011111100101000111101
111011111110101010110100 000000000010000010000110 111011111100101000110010
111011111110101010110100 000000000010000010000101 111011111100101000110001
111011111110101010110100 000000000010000010000011 111011111100101000110111
111011111110101010110100 000000000010000001110000 111011111100101011000100
111011111110101010110100 000000000010000001101000 111011111100101011011100
111011111110101010110100 000000000010000001100100 111011111100101011010000
111011111110101010110100 000000000010000001100010 111011111100101011010110
111011111110101010110100 000000000010000001100001 111011111100101011010101
111011111110101010110100 000000000010000001011000 111011111100101011101100
111011111110101010110100 000000000010000001010100 111011111100101011100000
111011111110101010110100 000000000010000001010010 111011111100101011100110
111011111110101010110100 000000000010000001010001 111011111100101011100101
111011111110101010110100 000000000010000001001100 111011111100101011111000
111011111110101010110100 000000000010000001001010 111011111100101011111110
111011111110101010110100 000000000010000001001001 111011111100101011111101
111011111110101010110100 000000000010000001000110 111011111100101011110010
111011111110101010110100 000000000010000001000101 111011111100101011110001
111011111110101010110100 000000000010000001000011 111011111100101011110111
111011111110101010110100 000000000010000000111000 111011111100101010001100
111011111110101010110100 000000000010000000110100 111011111100101010000000
111011111110101010110100 000000000010000000110010 111011111100101010000110
111011111110101010110100 000000000010000000110001 111011111100101010000101
111011111110101010110100 000000000010000000101100 111011111100101010011000
111011111110101010110100 000000000010000000101010 111011111100101010011110
111011111110101010110100 000000000010000000101001 111011111100101010011101
111011111110101010110100 000000000010000000100110 111011111100101010010010
111011111110101010110100 000000000010000000100101 111011111100101010010001
111011111110101010110100 000000000010000000100011 111011111100101010010111
111011111110101010110100 000000000010000000011100 111011111100101010101000
111011111110101010110100 000000000010000000011010 111011111100101010101110
111011111110101010110100 000000000010000000011001 111011111100101010101101
111011111110101010110100 000000000010000000010110 111011111100101010100010
111011111110101010110100 000000000010000000010101 111011111100101010100001
111011111110101010110100 000000000010000000010011 111011111100101010100111
111011111110101010110100 000000000010000000001110 111011111100101010111010
111011111110101010110100 000000000010000000001101 111011111100101010111001
111011111110101010110100 000000000010000000001011 111011111100101010111111
111011111110101010110100 000000000010000000000111 111011111100101010110011
111011111110101010110100 000000000001111000000000 111011111111010010110100
111011111110101010110100 000000000001110100000000 111011111111011110110100
111011111110101010110100 000000000001110010000000 111011111111011000110100
111011111110101010110100 000000000001110001000000 111011111111011011110100
111011111110101010110100 000000000001110000100000 111011111111011010010100
111011111110101010110100 000000000001110000010000 111011111111011010100100
111011111110101010110100 000000000001110000001000 111011111111011010111100
111011111110101010110100 000000000001110000000100 111011111111011010110000
111011111110101010110100 000000000001110000000010 111011111111011010110110
111011111110101010110100 000000000001110000000001 111011111111011010110101
111011111110101010110100 000000000001101100000000 111011111111000110110100
111011111110101010110100 000000000001101010000000 111011111111000000110100
111011111110101010110100 000000000001101001000000 111011111111000011110100
111011111110101010110100 000000000001101000100000 111011111111000010010100
111011111110101010110100 000000000001101000010000 111011111111000010100100
111011111110101010110100 000000000001101000001000 111011111111000010111100
111011111110101010110100 000000000001101000000100 111011111111000010110000
111011111110101010110100 000000000001101000000010 111011111111000010110110
111011111110101010110100 000000000001101000000001 111011111111000010110101
111011111110101010110100 000000000001100110000000 111011111111001100110100
111011111110101010110100 000000000001100101000000 111011111111001111110100
111011111110101010110100 000000000001100100100000 111011111111001110010100
111011111110101010110100 000000000001100100010000 111011111111001110100100
111011111110101010110100 000000000001100100001000 111011111111001110111100
111011111110101010110100 000000000001100100000100 111011111111001110110000
111011111110101010110100 000000000001100100000010 111011111111001110110110
111011111110101010110100 000000000001100100000001 111011111111001110110101
111011111110101010110100 000000000001100011000000 111011111111001001110100
111011111110101010110100 000000000001100010100000 111011111111001000010100
111011111110101010110100 000000000001100010010000 111011111111001000100100
111011111110101010110100 000000000001100010001000 111011111111001000111100
111011111110101010110100 000000000001100010000100 111011111111001000110000
111011111110101010110100 000000000001100010000010 111011111111001000110110
111011111110101010110100 000000000001100010000001 111011111111001000110101
111011111110101010110100 000000000001100001100000 111011111111001011010100
111011111110101010110100 000000000001100001010000 111011111111001011100100
111011111110101010110100 000000000001100001001000 111011111111001011111100
111011111110101010110100 000000000001100001000100 111011111111001011110000
111011111110101010110100 000000000001100001000010 111011111111001011110110
111011111110101010110100 000000000001100001000001 111011111111001011110101
111011111110101010110100 000000000001100000110000 111011111111001010000100
111011111110101010110100 000000000001100000101000 111011111111001010011100
111011111110101010110100 000000000001100000100100 111011111111001010010000
111011111110101010110100 000000000001100000100010 111011111111001010010110
111011111110101010110100 000000000001100000100001 111011111111001010010101
111011111110101010110100 000000000001100000011000 111011111111001010101100
111011111110101010110100 000000000001100000010100 111011111111001010100000
111011111110101010110100 000000000001100000010010 111011111111001010100110
111011111110101010110100 000000000001100000010001 111011111111001010100101
111011111110101010110100 000000000001100000001100 111011111111001010111000
111011111110101010110100 000000000001100000001010 111011111111001010111110
111011111110101010110100 000000000001100000001001 111011111111001010111101
111011111110101010110100 000000000001100000000110 111011111111001010110010
111011111110101010110100 000000000001100000000101 111011111111001010110001
111011111110101010110100 000000000001100000000011 111011111111001010110111
111011111110101010110100 000000000001011100000000 111011111111110110110100
111011111110101010110100 000000000001011010000000 111011111111110000110100
111011111110101010110100 000000000001011001000000 111011111111110011110100
111011111110101010110100 000000000001011000100000 111011111111110010010100
111011111110101010110100 000000000001011000010000 111011111111110010100100
111011111110101010110100 000000000001011000001000 111011111111110010111100
111011111110101010110100 000000000001011000000100 111011111111110010110000
111011111110101010110100 000000000001011000000010 111011111111110010110110
111011111110101010110100 000000000001011000000001 111011111111110010110101
111011111110101010110100 000000000001010110000000 111011111111111100110100
111011111110101010110100 000000000001010101000000 111011111111111111110100
111011111110101010110100 000000000001010100100000 111011111111111110010100
111011111110101010110100 000000000001010100010000 111011111111111110100100
111011111110101010110100 000000000001010100001000 111011111111111110111100
111011111110101010110100 000000000001010100000100 111011111111111110110000
111011111110101010110100 000000000001010100000010 111011111111111110110110
111011111110101010110100 000000000001010100000001 111011111111111110110101
111011111110101010110100 000000000001010011000000 111011111111111001110100
111011111110101010110100 000000000001010010100000 111011111111111000010100
111011111110101010110100 000000000001010010010000 111011111111111000100100
111011111110101010110100 000000000001010010001000 111011111111111000111100
111011111110101010110100 000000000001010010000100 111011111111111000110000
111011111110101010110100 000000000001010010000010 111011111111111000110110
111011111110101010110100 000000000001010010000001 111011111111111000110101
111011111110101010110100 000000000001010001100000 111011111111111011010100
111011111110101010110100 000000000001010001010000 111011111111111011100100
111011111110101010110100 000000000001010001001000 111011111111111011111100
111011111110101010110100 000000000001010001000100 111011111111111011110000
111011111110101010110100 000000000001010001000010 111011111111111011110110
111011111110101010110100 000000000001010001000001 111011111111111011110101
111011111110101010110100 000000000001010000110000 111011111111111010000100
111011111110101010110100 000000000001010000101000 111011111111111010011100
111011111110101010110100 000000000001010000100100 111011111111111010010000
111011111110101010110100 000000000001010000100010 111011111111111010010110
111011111110101010110100 000000000001010000100001 111011111111111010010101
111011111110101010110100 000000000001010000011000 111011111111111010101100
111011111110101010110100 000000000001010000010100 111011111111111010100000
111011111110101010110100 000000000001010000010010 111011111111111010100110
111011111110101010110100 000000000001010000010001 111011111111111010100101
111011111110101010110100 000000000001010000001100 111011111111111010111000
111011111110101010110100 000000000001010000001010 111011111111111010111110
111011111110101010110100 000000000001010000001001 111011111111111010111101
111011111110101010110100 000000000001010000000110 111011111111111010110010
111011111110101010110100 000000000001010000000101 111011111111111010110001
111011111110101010110100 000000000001010000000011 111011111111111010110111
111011111110101010110100 000000000001001110000000 111011111111100100110100
111011111110101010110100 000000000001001101000000 111011111111100111110100
111011111110101010110100 000000000001001100100000 111011111111100110010100
111011111110101010110100 000000000001001100010000 111011111111100110100100
111011111110101010110100 000000000001001100001000 111011111111100110111100
111011111110101010110100 000000000001001100000100 111011111111100110110000
111011111110101010110100 000000000001001100000010 111011111111100110110110
111011111110101010110100 000000000001001100000001 111011111111100110110101
111011111110101010110100 000000000001001011000000 111011111111100001110100
111011111110101010110100 000000000001001010100000 111011111111100000010100
111011111110101010110100 000000000001001010010000 111011111111100000100100
111011111110101010110100 000000000001001010001000 111011111111100000111100
111011111110101010110100 000000000001001010000100 111011111111100000110000
111011111110101010110100 000000000001001010000010 111011111111100000110110
111011111110101010110100 000000000001001010000001 111011111111100000110101
111011111110101010110100 000000000001001001100000 111011111111100011010100
111011111110101010110100 000000000001001001010000 111011111111100011100100
111011111110101010110100 000000000001001001001000 111011111111100011111100
111011111110101010110100 000000000001001001000100 111011111111100011110000
111011111110101010110100 000000000001001001000010 111011111111100011110110
111011111110101010110100 000000000001001001000001 111011111111100011110101
111011111110101010110100 000000000001001000110000 111011111111100010000100
111011111110101010110100 000000000001001000101000 111011111111100010011100
111011111110101010110100 000000000001001000100100 111011111111100010010000
111011111110101010110100 000000000001001000100010 111011111111100010010110
111011111110101010110100 000000000001001000100001 111011111111100010010101
111011111110101010110100 000000000001001000011000 111011111111100010101100
111011111110101010110100 000000000001001000010100 111011111111100010100000
111011111110101010110100 000000000001001000010010 111011111111100010100110
111011111110101010110100 000000000001001000010001 111011111111100010100101
111011111110101010110100 000000000001001000001100 111011111111100010111000
111011111110101010110100 000000000001001000001010 111011111111100010111110
111011111110101010110100 000000000001001000001001 111011111111100010111101
111011111110101010110100 000000000001001000000110 111011111111100010110010
111011111110101010110100 000000000001001000000101 111011111111100010110001
111011111110101010110100 000000000001001000000011 111011111111100010110111
111011111110101010110100 000000000001000111000000 111011111111101101110100
111011111110101010110100 000000000001000110100000 111011111111101100010100
111011111110101010110100 000000000001000110010000 111011111111101100100100
111011111110101010110100 000000000001000110001000 111011111111101100111100
111011111110101010110100 000000000001000110000100 111011111111101100110000
111011111110101010110100 000000000001000110000010 111011111111101100110110
111011111110101010110100 000000000001000110000001 111011111111101100110101
111011111110101010110100 000000000001000101100000 111011111111101111010100
111011111110101010110100 000000000001000101010000 111011111111101111100100
111011111110101010110100 000000000001000101001000 111011111111101111111100
111011111110101010110100 000000000001000101000100 111011111111101111110000
111011111110101010110100 000000000001000101000010 111011111111101111110110
111011111110101010110100 000000000001000101000001 111011111111101111110101
111011111110101010110100 000000000001000100110000 111011111111101110000100
111011111110101010110100 000000000001000100101000 111011111111101110011100
111011111110101010110100 000000000001000100100100 111011111111101110010000
111011111110101010110100 000000000001000100100010 111011111111101110010110
111011111110101010110100 000000000001000100100001 111011111111101110010101
111011111110101010110100 000000000001000100011000 111011111111101110101100
111011111110101010110100 000000000001000100010100 111011111111101110100000
111011111110101010110100 000000000001000100010010 111011111111101110100110
111011111110101010110100 000000000001000100010001 111011111111101110100101
111011111110101010110100 000000000001000100001100 111011111111101110111000
111011111110101010110100 000000000001000100001010 111011111111101110111110
111011111110101010110100 000000000001000100001001 111011111111101110111101
111011111110101010110100 000000000001000100000110 111011111111101110110010
111011111110101010110100 000000000001000100000101 111011111111101110110001
111011111110101010110100 000000000001000100000011 111011111111101110110111
111011111110101010110100 000000000001000011100000 111011111111101001010100
111011111110101010110100 000000000001000011010000 111011111111101001100100
111011111110101010110100 000000000001000011001000 111011111111101001111100
111011111110101010110100 000000000001000011000100 111011111111101001110000
111011111110101010110100 000000000001000011000010 111011111111101001110110
111011111110101010110100 000000000001000011000001 111011111111101001110101
111011111110101010110100 000000000001000010110000 111011111111101000000100
111011111110101010110100 000000000001000010101000 111011111111101000011100
111011111110101010110100 000000000001000010100100 111011111111101000010000
111011111110101010110100 000000000001000010100010 111011111111101000010110
111011111110101010110100 000000000001000010100001 111011111111101000010101
111011111110101010110100 000000000001000010011000 111011111111101000101100
111011111110101010110100 000000000001000010010100 111011111111101000100000
111011111110101010110100 000000000001000010010010 111011111111101000100110
111011111110101010110100 000000000001000010010001 111011111111101000100101
111011111110101010110100 000000000001000010001100 111011111111101000111000
111011111110101010110100 000000000001000010001010 111011111111101000111110
111011111110101010110100 000000000001000010001001 111011111111101000111101
111011111110101010110100 000000000001000010000110 111011111111101000110010
111011111110101010110100 000000000001000010000101 111011111111101000110001
111011111110101010110100 000000000001000010000011 111011111111101000110111
111011111110101010110100 000000000001000001110000 111011111111101011000100
111011111110101010110100 000000000001000001101000 111011111111101011011100
111011111110101010110100 000000000001000001100100 111011111111101011010000
111011111110101010110100 000000000001000001100010 111011111111101011010110
111011111110101010110100 000000000001000001100001 111011111111101011010101
111011111110101010110100 000000000001000001011000 111011111111101011101100
111011111110101010110100 000000000001000001010100 111011111111101011100000
111011111110101010110100 000000000001000001010010 111011111111101011100110
111011111110101010110100 000000000001000001010001 111011111111101011100101
111011111110101010110100 000000000001000001001100 111011111111101011111000
111011111110101010110100 000000000001000001001010 111011111111101011111110
111011111110101010110100 000000000001000001001001 111011111111101011111101
111011111110101010110100 000000000001000001000110 111011111111101011110010
111011111110101010110100 000000000001000001000101 111011111111101011110001
111011111110101010110100 000000000001000001000011 111011111111101011110111
111011111110101010110100 000000000001000000111000 111011111111101010001100
111011111110101010110100 000000000001000000110100 111011111111101010000000
111011111110101010110100 000000000001000000110010 111011111111101010000110
111011111110101010110100 000000000001000000110001 111011111111101010000101
111011111110101010110100 000000000001000000101100 111011111111101010011000
111011111110101010110100 000000000001000000101010 111011111111101010011110
111011111110101010110100 000000000001000000101001 111011111111101010011101
111011111110101010110100 000000000001000000100110 111011111111101010010010
111011111110101010110100 000000000001000000100101 111011111111101010010001
111011111110101010110100 000000000001000000100011 111011111111101010010111
111011111110101010110100 000000000001000000011100 111011111111101010101000
111011111110101010110100 000000000001000000011010 111011111111101010101110
111011111110101010110100 000000000001000000011001 111011111111101010101101
111011111110101010110100 000000000001000000010110 111011111111101010100010
111011111110101010110100 000000000001000000010101 111011111111101010100001
111011111110101010110100 000000000001000000010011 111011111111101010100111
111011111110101010110100 000000000001000000001110 111011111111101010111010
111011111110101010110100 000000000001000000001101 111011111111101010111001
111011111110101010110100 000000000001000000001011 111011111111101010111111
111011111110101010110100 000000000001000000000111 111011111111101010110011
111011111110101010110100 000000000000111100000000 111011111110010110110100
111011111110101010110100 000000000000111010000000 111011111110010000110100
111011111110101010110100 000000000000111001000000 111011111110010011110100
111011111110101010110100 000000000000111000100000 111011111110010010010100
111011111110101010110100 000000000000111000010000 111011111110010010100100
111011111110101010110100 000000000000111000001000 111011111110010010111100
111011111110101010110100 000000000000111000000100 111011111110010010110000
111011111110101010110100 000000000000111000000010 111011111110010010110110
111011111110101010110100 000000000000111000000001 111011111110010010110101
111011111110101010110100 000000000000110110000000 111011111110011100110100
111011111110101010110100 000000000000110101000000 111011111110011111110100
111011111110101010110100 000000000000110100100000 111011111110011110010100
111011111110101010110100 000000000000110100010000 111011111110011110100100
111011111110101010110100 000000000000110100001000 111011111110011110111100
111011111110101010110100 000000000000110100000100 111011111110011110110000
111011111110101010110100 000000000000110100000010 111011111110011110110110
111011111110101010110100 000000000000110100000001 111011111110011110110101
111011111110101010110100 000000000000110011000000 111011111110011001110100
111011111110101010110100 000000000000110010100000 111011111110011000010100
111011111110101010110100 000000000000110010010000 111011111110011000100100
111011111110101010110100 000000000000110010001000 111011111110011000111100
111011111110101010110100 000000000000110010000100 111011111110011000110000
111011111110101010110100 000000000000110010000010 111011111110011000110110
111011111110101010110100 000000000000110010000001 111011111110011000110101
111011111110101010110100 000000000000110001100000 111011111110011011010100
111011111110101010110100 000000000000110001010000 111011111110011011100100
111011111110101010110100 000000000000110001001000 111011111110011011111100
111011111110101010110100 000000000000110001000100 111011111110011011110000
111011111110101010110100 000000000000110001000010 111011111110011011110110
111011111110101010110100 000000000000110001000001 111011111110011011110101
111011111110101010110100 000000000000110000110000 111011111110011010000100
111011111110101010110100 000000000000110000101000 111011111110011010011100
111011111110101010110100 000000000000110000100100 111011111110011010010000
111011111110101010110100 000000000000110000100010 111011111110011010010110
111011111110101010110100 000000000000110000100001 111011111110011010010101
111011111110101010110100 000000000000110000011000 111011111110011010101100
111011111110101010110100 000000000000110000010100 111011111110011010100000
111011111110101010110100 000000000000110000010010 111011111110011010100110
111011111110101010110100 000000000000110000010001 111011111110011010100101
111011111110101010110100 000000000000110000001100 111011111110011010111000
111011111110101010110100 000000000000110000001010 111011111110011010111110
111011111110101010110100 000000000000110000001001 111011111110011010111101
111011111110101010110100 000000000000110000000110 111011111110011010110010
111011111110101010110100 000000000000110000000101 111011111110011010110001
111011111110101010110100 000000000000110000000011 111011111110011010110111
111011111110101010110100 000000000000101110000000 111011111110000100110100
111011111110101010110100 000000000000101101000000 111011111110000111110100
111011111110101010110100 000000000000101100100000 111011111110000110010100
111011111110101010110100 000000000000101100010000 111011111110000110100100
111011111110101010110100 000000000000101100001000 111011111110000110111100
111011111110101010110100 000000000000101100000100 111011111110000110110000
111011111110101010110100 000000000000101100000010 111011111110000110110110
111011111110101010110100 000000000000101100000001 111011111110000110110101
111011111110101010110100 000000000000101011000000 111011111110000001110100
111011111110101010110100 000000000000101010100000 111011111110000000010100
111011111110101010110100 000000000000101010010000 111011111110000000100100
111011111110101010110100 000000000000101010001000 111011111110000000111100
111011111110101010110100 000000000000101010000100 111011111110000000110000
111011111110101010110100 000000000000101010000010 111011111110000000110110
111011111110101010110100 000000000000101010000001 111011111110000000110101
111011111110101010110100 000000000000101001100000 111011111110000011010100
111011111110101010110100 000000000000101001010000 111011111110000011100100
111011111110101010110100 000000000000101001001000 111011111110000011111100
111011111110101010110100 000000000000101001000100 111011111110000011110000
111011111110101010110100 000000000000101001000010 111011111110000011110110
111011111110101010110100 000000000000101001000001 111011111110000011110101
111011111110101010110100 000000000000101000110000 111011111110000010000100
111011111110101010110100 000000000000101000101000 111011111110000010011100
111011111110101010110100 000000000000101000100100 111011111110000010010000
111011111110101010110100 000000000000101000100010 111011111110000010010110
111011111110101010110100 000000000000101000100001 111011111110000010010101
111011111110101010110100 000000000000101000011000 111011111110000010101100
111011111110101010110100 000000000000101000010100 111011111110000010100000
111011111110101010110100 000000000000101000010010 111011111110000010100110
111011111110101010110100 000000000000101000010001 111011111110000010100101
111011111110101010110100 000000000000101000001100 111011111110000010111000
111011111110101010110100 000000000000101000001010 111011111110000010111110
111011111110101010110100 000000000000101000001001 111011111110000010111101
111011111110101010110100 000000000000101000000110 111011111110000010110010
111011111110101010110100 000000000000101000000101 111011111110000010110001
111011111110101010110100 000000000000101000000011 111011111110000010110111
111011111110101010110100 000000000000100111000000 111011111110001101110100
111011111110101010110100 000000000000100110100000 111011111110001100010100
111011111110101010110100 000000000000100110010000 111011111110001100100100
111011111110101010110100 000000000000100110001000 111011111110001100111100
111011111110101010110100 000000000000100110000100 111011111110001100110000
111011111110101010110100 000000000000100110000010 111011111110001100110110
111011111110101010110100 000000000000100110000001 111011111110001100110101
111011111110101010110100 000000000000100101100000 111011111110001111010100
111011111110101010110100 000000000000100101010000 111011111110001111100100
111011111110101010110100 000000000000100101001000 111011111110001111111100
111011111110101010110100 000000000000100101000100 111011111110001111110000
111011111110101010110100 000000000000100101000010 111011111110001111110110
111011111110101010110100 000000000000100101000001 111011111110001111110101
111011111110101010110100 000000000000100100110000 111011111110001110000100
111011111110101010110100 000000000000100100101000 111011111110001110011100
111011111110101010110100 000000000000100100100100 111011111110001110010000
111011111110101010110100 000000000000100100100010 111011111110001110010110
111011111110101010110100 000000000000100100100001 111011111110001110010101
111011111110101010110100 000000000000100100011000 111011111110001110101100
111011111110101010110100 000000000000100100010100 111011111110001110100000
111011111110101010110100 000000000000100100010010 111011111110001110100110
111011111110101010110100 000000000000100100010001 111011111110001110100101
111011111110101010110100 000000000000100100001100 111011111110001110111000
111011111110101010110100 000000000000100100001010 111011111110001110111110
111011111110101010110100 000000000000100100001001 111011111110001110111101
111011111110101010110100 000000000000100100000110 111011111110001110110010
111011111110101010110100 000000000000100100000101 111011111110001110110001
111011111110101010110100 000000000000100100000011 111011111110001110110111
111011111110101010110100 000000000000100011100000 111011111110001001010100
111011111110101010110100 000000000000100011010000 111011111110001001100100
111011111110101010110100 000000000000100011001000 111011111110001001111100
111011111110101010110100 000000000000100011000100 111011111110001001110000
111011111110101010110100 000000000000100011000010 111011111110001001110110
111011111110101010110100 000000000000100011000001 111011111110001001110101
111011111110101010110100 000000000000100010110000 111011111110001000000100
111011111110101010110100 000000000000100010101000 111011111110001000011100
111011111110101010110100 000000000000100010100100 111011111110001000010000
111011111110101010110100 000000000000100010100010 111011111110001000010110
111011111110101010110100 000000000000100010100001 111011111110001000010101
111011111110101010110100 000000000000100010011000 111011111110001000101100
111011111110101010110100 000000000000100010010100 111011111110001000100000
111011111110101010110100 000000000000100010010010 111011111110001000100110
111011111110101010110100 000000000000100010010001 111011111110001000100101
111011111110101010110100 000000000000100010001100 111011111110001000111000
111011111110101010110100 000000000000100010001010 111011111110001000111110
111011111110101010110100 000000000000100010001001 111011111110001000111101
111011111110101010110100 000000000000100010000110 111011111110001000110010
111011111110101010110100 000000000000100010000101 111011111110001000110001
111011111110101010110100 000000000000100010000011 111011111110001000110111
111011111110101010110100 000000000000100001110000 111011111110001011000100
111011111110101010110100 000000000000100001101000 111011111110001011011100
111011111110101010110100 000000000000100001100100 111011111110001011010000
111011111110101010110100 000000000000100001100010 111011111110001011010110
111011111110101010110100 000000000000100001100001 111011111110001011010101
111011111110101010110100 000000000000100001011000 111011111110001011101100
111011111110101010110100 000000000000100001010100 111011111110001011100000
111011111110101010110100 000000000000100001010010 111011111110001011100110
111011111110101010110100 000000000000100001010001 111011111110001011100101
111011111110101010110100 000000000000100001001100 111011111110001011111000
111011111110101010110100 000000000000100001001010 111011111110001011111110
111011111110101010110100 000000000000100001001001 111011111110001011111101
111011111110101010110100 000000000000100001000110 111011111110001011110010
111011111110101010110100 000000000000100001000101 111011111110001011110001
111011111110101010110100 000000000000100001000011 111011111110001011110111
111011111110101010110100 000000000000100000111000 111011111110001010001100
111011111110101010110100 000000000000100000110100 111011111110001010000000
111011111110101010110100 000000000000100000110010 111011111110001010000110
111011111110101010110100 000000000000100000110001 111011111110001010000101
111011111110101010110100 000000000000100000101100 111011111110001010011000
111011111110101010110100 000000000000100000101010 111011111110001010011110
111011111110101010110100 000000000000100000101001 111011111110001010011101
111011111110101010110100 000000000000100000100110 111011111110001010010010
111011111110101010110100 000000000000100000100101 111011111110001010010001
111011111110101010110100 000000000000100000100011 111011111110001010010111
111011111110101010110100 000000000000100000011100 111011111110001010101000
111011111110101010110100 000000000000100000011010 111011111110001010101110
111011111110101010110100 000000000000100000011001 111011111110001010101101
111011111110101010110100 000000000000100000010110 111011111110001010100010
111011111110101010110100 000000000000100000010101 111011111110001010100001
111011111110101010110100 000000000000100000010011 111011111110001010100111
111011111110101010110100 000000000000100000001110 111011111110001010111010
111011111110101010110100 000000000000100000001101 111011111110001010111001
111011111110101010110100 000000000000100000001011 111011111110001010111111
111011111110101010110100 000000000000100000000111 111011111110001010110011
111011111110101010110100 000000000000011110000000 111011111110110100110100
111011111110101010110100 000000000000011101000000 111011111110110111110100
111011111110101010110100 000000000000011100100000 111011111110110110010100
111011111110101010110100 000000000000011100010000 111011111110110110100100
111011111110101010110100 000000000000011100001000 111011111110110110111100
111011111110101010110100 000000000000011100000100 111011111110110110110000
111011111110101010110100 000000000000011100000010 111011111110110110110110
111011111110101010110100 000000000000011100000001 111011111110110110110101
111011111110101010110100 000000000000011011000000 111011111110110001110100
111011111110101010110100 000000000000011010100000 111011111110110000010100
111011111110101010110100 000000000000011010010000 111011111110110000100100
111011111110101010110100 000000000000011010001000 111011111110110000111100
111011111110101010110100 000000000000011010000100 111011111110110000110000
111011111110101010110100 000000000000011010000010 111011111110110000110110
111011111110101010110100 000000000000011010000001 111011111110110000110101
111011111110101010110100 000000000000011001100000 111011111110110011010100
111011111110101010110100 000000000000011001010000 111011111110110011100100
111011111110101010110100 000000000000011001001000 111011111110110011111100
111011111110101010110100 000000000000011001000100 111011111110110011110000
111011111110101010110100 000000000000011001000010 111011111110110011110110
111011111110101010110100 000000000000011001000001 111011111110110011110101
111011111110101010110100 000000000000011000110000 111011111110110010000100
111011111110101010110100 000000000000011000101000 111011111110110010011100
111011111110101010110100 000000000000011000100100 111011111110110010010000
111011111110101010110100 000000000000011000100010 111011111110110010010110
111011111110101010110100 000000000000011000100001 111011111110110010010101
111011111110101010110100 000000000000011000011000 111011111110110010101100
111011111110101010110100 000000000000011000010100 111011111110110010100000
111011111110101010110100 000000000000011000010010 111011111110110010100110
111011111110101010110100 000000000000011000010001 111011111110110010100101
111011111110101010110100 000000000000011000001100 111011111110110010111000
111011111110101010110100 000000000000011000001010 111011111110110010111110
111011111110101010110100 000000000000011000001001 111011111110110010111101
111011111110101010110100 000000000000011000000110 111011111110110010110010
111011111110101010110100 000000000000011000000101 111011111110110010110001
111011111110101010110100 000000000000011000000011 111011111110110010110111
111011111110101010110100 000000000000010111000000 111011111110111101110100
111011111110101010110100 000000000000010110100000 111011111110111100010100
111011111110101010110100 000000000000010110010000 111011111110111100100100
111011111110101010110100 000000000000010110001000 111011111110111100111100
111011111110101010110100 000000000000010110000100 111011111110111100110000
111011111110101010110100 000000000000010110000010 111011111110111100110110
111011111110101010110100 000000000000010110000001 111011111110111100110101
111011111110101010110100 000000000000010101100000 111011111110111111010100
111011111110101010110100 000000000000010101010000 111011111110111111100100
111011111110101010110100 000000000000010101001000 111011111110111111111100
111011111110101010110100 000000000000010101000100 111011111110111111110000
111011111110101010110100 000000000000010101000010 111011111110111111110110
111011111110101010110100 000000000000010101000001 111011111110111111110101
111011111110101010110100 000000000000010100110000 111011111110111110000100
111011111110101010110100 000000000000010100101000 111011111110111110011100
111011111110101010110100 000000000000010100100100 111011111110111110010000
111011111110101010110100 000000000000010100100010 111011111110111110010110
111011111110101010110100 000000000000010100100001 111011111110111110010101
111011111110101010110100 000000000000010100011000 111011111110111110101100
111011111110101010110100 000000000000010100010100 111011111110111110100000
111011111110101010110100 000000000000010100010010 111011111110111110100110
111011111110101010110100 000000000000010100010001 111011111110111110100101
111011111110101010110100 000000000000010100001100 111011111110111110111000
111011111110101010110100 000000000000010100001010 111011111110111110111110
111011111110101010110100 000000000000010100001001 111011111110111110111101
111011111110101010110100 000000000000010100000110 111011111110111110110010
111011111110101010110100 000000000000010100000101 111011111110111110110001
111011111110101010110100 000000000000010100000011 111011111110111110110111
111011111110101010110100 000000000000010011100000 111011111110111001010100
111011111110101010110100 000000000000010011010000 111011111110111001100100
111011111110101010110100 000000000000010011001000 111011111110111001111100
111011111110101010110100 000000000000010011000100 111011111110111001110000
111011111110101010110100 000000000000010011000010 111011111110111001110110
111011111110101010110100 000000000000010011000001 111011111110111001110101
111011111110101010110100 000000000000010010110000 111011111110111000000100
111011111110101010110100 000000000000010010101000 111011111110111000011100
111011111110101010110100 000000000000010010100100 111011111110111000010000
111011111110101010110100 000000000000010010100010 111011111110111000010110
111011111110101010110100 000000000000010010100001 111011111110111000010101
111011111110101010110100 000000000000010010011000 111011111110111000101100
111011111110101010110100 000000000000010010010100 111011111110111000100000
111011111110101010110100 000000000000010010010010 111011111110111000100110
111011111110101010110100 000000000000010010010001 111011111110111000100101
111011111110101010110100 000000000000010010001100 111011111110111000111000
111011111110101010110100 000000000000010010001010 111011111110111000111110
111011111110101010110100 000000000000010010001001 111011111110111000111101
111011111110101010110100 000000000000010010000110 111011111110111000110010
111011111110101010110100 000000000000010010000101 111011111110111000110001
111011111110101010110100 000000000000010010000011 111011111110111000110111
111011111110101010110100 000000000000010001110000 111011111110111011000100
111011111110101010110100 000000000000010001101000 111011111110111011011100
111011111110101010110100 000000000000010001100100 111011111110111011010000
111011111110101010110100 000000000000010001100010 111011111110111011010110
111011111110101010110100 000000000000010001100001 111011111110111011010101
111011111110101010110100 000000000000010001011000 111011111110111011101100
111011111110101010110100 000000000000010001010100 111011111110111011100000
111011111110101010110100 000000000000010001010010 111011111110111011100110
111011111110101010110100 000000000000010001010001 111011111110111011100101
111011111110101010110100 000000000000010001001100 111011111110111011111000
111011111110101010110100 000000000000010001001010 111011111110111011111110
111011111110101010110100 000000000000010001001001 111011111110111011111101
111011111110101010110100 000000000000010001000110 111011111110111011110010
111011111110101010110100 000000000000010001000101 111011111110111011110001
111011111110101010110100 000000000000010001000011 111011111110111011110111
111011111110101010110100 000000000000010000111000 111011111110111010001100
111011111110101010110100 000000000000010000110100 111011111110111010000000
111011111110101010110100 000000000000010000110010 111011111110111010000110
111011111110101010110100 000000000000010000110001 111011111110111010000101
111011111110101010110100 000000000000010000101100 111011111110111010011000
111011111110101010110100 000000000000010000101010 111011111110111010011110
111011111110101010110100 000000000000010000101001 111011111110111010011101
111011111110101010110100 000000000000010000100110 111011111110111010010010
111011111110101010110100 000000000000010000100101 111011111110111010010001
111011111110101010110100 000000000000010000100011 111011111110111010010111
111011111110101010110100 000000000000010000011100 111011111110111010101000
111011111110101010110100 000000000000010000011010 111011111110111010101110
111011111110101010110100 000000000000010000011001 111011111110111010101101
111011111110101010110100 000000000000010000010110 111011111110111010100010
111011111110101010110100 000000000000010000010101 111011111110111010100001
111011111110101010110100 000000000000010000010011 111011111110111010100111
111011111110101010110100 000000000000010000001110 111011111110111010111010
111011111110101010110100 000000000000010000001101 111011111110111010111001
111011111110101010110100 000000000000010000001011 111011111110111010111111
111011111110101010110100 000000000000010000000111 111011111110111010110011
111011111110101010110100 000000000000001111000000 111011111110100101110100
111011111110101010110100 000000000000001110100000 111011111110100100010100
111011111110101010110100 000000000000001110010000 111011111110100100100100
111011111110101010110100 000000000000001110001000 111011111110100100111100
111011111110101010110100 000000000000001110000100 111011111110100100110000
111011111110101010110100 000000000000001110000010 111011111110100100110110
111011111110101010110100 000000000000001110000001 111011111110100100110101
111011111110101010110100 000000000000001101100000 111011111110100111010100
111011111110101010110100 000000000000001101010000 111011111110100111100100
111011111110101010110100 000000000000001101001000 111011111110100111111100
111011111110101010110100 000000000000001101000100 111011111110100111110000
111011111110101010110100 000000000000001101000010 111011111110100111110110
111011111110101010110100 000000000000001101000001 111011111110100111110101
111011111110101010110100 000000000000001100110000 111011111110100110000100
111011111110101010110100 000000000000001100101000 111011111110100110011100
111011111110101010110100 000000000000001100100100 111011111110100110010000
111011111110101010110100 000000000000001100100010 111011111110100110010110
111011111110101010110100 000000000000001100100001 111011111110100110010101
111011111110101010110100 000000000000001100011000 111011111110100110101100
111011111110101010110100 000000000000001100010100 111011111110100110100000
111011111110101010110100 000000000000001100010010 111011111110100110100110
111011111110101010110100 000000000000001100010001 111011111110100110100101
111011111110101010110100 000000000000001100001100 111011111110100110111000
111011111110101010110100 000000000000001100001010 111011111110100110111110
111011111110101010110100 000000000000001100001001 111011111110100110111101
111011111110101010110100 000000000000001100000110 111011111110100110110010
111011111110101010110100 000000000000001100000101 111011111110100110110001
111011111110101010110100 000000000000001100000011 111011111110100110110111
111011111110101010110100 000000000000001011100000 111011111110100001010100
111011111110101010110100 000000000000001011010000 111011111110100001100100
111011111110101010110100 000000000000001011001000 111011111110100001111100
111011111110101010110100 000000000000001011000100 111011111110100001110000
111011111110101010110100 000000000000001011000010 111011111110100001110110
111011111110101010110100 000000000000001011000001 111011111110100001110101
111011111110101010110100 000000000000001010110000 111011111110100000000100
111011111110101010110100 000000000000001010101000 111011111110100000011100
111011111110101010110100 000000000000001010100100 111011111110100000010000
111011111110101010110100 000000000000001010100010 111011111110100000010110
111011111110101010110100 000000000000001010100001 111011111110100000010101
111011111110101010110100 000000000000001010011000 111011111110100000101100
111011111110101010110100 000000000000001010010100 111011111110100000100000
111011111110101010110100 000000000000001010010010 111011111110100000100110
111011111110101010110100 000000000000001010010001 111011111110100000100101
111011111110101010110100 000000000000001010001100 111011111110100000111000
111011111110101010110100 000000000000001010001010 111011111110100000111110
111011111110101010110100 000000000000001010001001 111011111110100000111101
111011111110101010110100 000000000000001010000110 111011111110100000110010
111011111110101010110100 000000000000001010000101 111011111110100000110001
111011111110101010110100 000000000000001010000011 111011111110100000110111
111011111110101010110100 000000000000001001110000 111011111110100011000100
111011111110101010110100 000000000000001001101000 111011111110100011011100
111011111110101010110100 000000000000001001100100 111011111110100011010000
111011111110101010110100 000000000000001001100010 111011111110100011010110
111011111110101010110100 000000000000001001100001 111011111110100011010101
111011111110101010110100 000000000000001001011000 111011111110100011101100
111011111110101010110100 000000000000001001010100 111011111110100011100000
111011111110101010110100 000000000000001001010010 111011111110100011100110
111011111110101010110100 000000000000001001010001 111011111110100011100101
111011111110101010110100 000000000000001001001100 111011111110100011111000
111011111110101010110100 000000000000001001001010 111011111110100011111110
111011111110101010110100 000000000000001001001001 111011111110100011111101
111011111110101010110100 000000000000001001000110 111011111110100011110010
111011111110101010110100 000000000000001001000101 111011111110100011110001
111011111110101010110100 000000000000001001000011 111011111110100011110111
111011111110101010110100 000000000000001000111000 111011111110100010001100
111011111110101010110100 000000000000001000110100 111011111110100010000000
111011111110101010110100 000000000000001000110010 111011111110100010000110
111011111110101010110100 000000000000001000110001 111011111110100010000101
111011111110101010110100 000000000000001000101100 111011111110100010011000
111011111110101010110100 000000000000001000101010 111011111110100010011110
111011111110101010110100 000000000000001000101001 111011111110100010011101
111011111110101010110100 000000000000001000100110 111011111110100010010010
111011111110101010110100 000000000000001000100101 111011111110100010010001
111011111110101010110100 000000000000001000100011 111011111110100010010111
111011111110101010110100 000000000000001000011100 111011111110100010101000
111011111110101010110100 000000000000001000011010 111011111110100010101110
111011111110101010110100 000000000000001000011001 111011111110100010101101
111011111110101010110100 000000000000001000010110 111011111110100010100010
111011111110101010110100 000000000000001000010101 111011111110100010100001
111011111110101010110100 000000000000001000010011 111011111110100010100111
111011111110101010110100 000000000000001000001110 111011111110100010111010
111011111110101010110100 000000000000001000001101 111011111110100010111001
111011111110101010110100 000000000000001000001011 111011111110100010111111
111011111110101010110100 000000000000001000000111 111011111110100010110011
111011111110101010110100 000000000000000111100000 111011111110101101010100
111011111110101010110100 000000000000000111010000 111011111110101101100100
111011111110101010110100 000000000000000111001000 111011111110101101111100
111011111110101010110100 000000000000000111000100 111011111110101101110000
111011111110101010110100 000000000000000111000010 111011111110101101110110
111011111110101010110100 000000000000000111000001 111011111110101101110101
111011111110101010110100 000000000000000110110000 111011111110101100000100
111011111110101010110100 000000000000000110101000 111011111110101100011100
111011111110101010110100 000000000000000110100100 111011111110101100010000
111011111110101010110100 000000000000000110100010 111011111110101100010110
111011111110101010110100 000000000000000110100001 111011111110101100010101
111011111110101010110100 000000000000000110011000 111011111110101100101100
111011111110101010110100 000000000000000110010100 111011111110101100100000
111011111110101010110100 000000000000000110010010 111011111110101100100110
111011111110101010110100 000000000000000110010001 111011111110101100100101
111011111110101010110100 000000000000000110001100 111011111110101100111000
111011111110101010110100 000000000000000110001010 111011111110101100111110
111011111110101010110100 000000000000000110001001 111011111110101100111101
111011111110101010110100 000000000000000110000110 111011111110101100110010
111011111110101010110100 000000000000000110000101 111011111110101100110001
111011111110101010110100 000000000000000110000011 111011111110101100110111
111011111110101010110100 000000000000000101110000 111011111110101111000100
111011111110101010110100 000000000000000101101000 111011111110101111011100
111011111110101010110100 000000000000000101100100 111011111110101111010000
111011111110101010110100 000000000000000101100010 111011111110101111010110
111011111110101010110100 000000000000000101100001 111011111110101111010101
111011111110101010110100 000000000000000101011000 111011111110101111101100
111011111110101010110100 000000000000000101010100 111011111110101111100000
111011111110101010110100 000000000000000101010010 111011111110101111100110
111011111110101010110100 000000000000000101010001 111011111110101111100101
111011111110101010110100 000000000000000101001100 111011111110101111111000
111011111110101010110100 000000000000000101001010 111011111110101111111110
111011111110101010110100 000000000000000101001001 111011111110101111111101
111011111110101010110100 000000000000000101000110 111011111110101111110010
111011111110101010110100 000000000000000101000101 111011111110101111110001
111011111110101010110100 000000000000000101000011 111011111110101111110111
111011111110101010110100 000000000000000100111000 111011111110101110001100
111011111110101010110100 000000000000000100110100 111011111110101110000000
111011111110101010110100 000000000000000100110010 111011111110101110000110
111011111110101010110100 000000000000000100110001 111011111110101110000101
111011111110101010110100 000000000000000100101100 111011111110101110011000
111011111110101010110100 000000000000000100101010 111011111110101110011110
111011111110101010110100 000000000000000100101001 111011111110101110011101
111011111110101010110100 000000000000000100100110 111011111110101110010010
111011111110101010110100 000000000000000100100101 111011111110101110010001
111011111110101010110100 000000000000000100100011 111011111110101110010111
111011111110101010110100 000000000000000100011100 111011111110101110101000
111011111110101010110100 000000000000000100011010 111011111110101110101110
111011111110101010110100 000000000000000100011001 111011111110101110101101
111011111110101010110100 000000000000000100010110 111011111110101110100010
111011111110101010110100 000000000000000100010101 111011111110101110100001
111011111110101010110100 000000000000000100010011 111011111110101110100111
111011111110101010110100 000000000000000100001110 111011111110101110111010
111011111110101010110100 000000000000000100001101 111011111110101110111001
111011111110101010110100 000000000000000100001011 111011111110101110111111
111011111110101010110100 000000000000000100000111 111011111110101110110011
111011111110101010110100 000000000000000011110000 111011111110101001000100
111011111110101010110100 000000000000000011101000 111011111110101001011100
111011111110101010110100 000000000000000011100100 111011111110101001010000
111011111110101010110100 000000000000000011100010 111011111110101001010110
111011111110101010110100 000000000000000011100001 111011111110101001010101
111011111110101010110100 000000000000000011011000 111011111110101001101100
111011111110101010110100 000000000000000011010100 111011111110101001100000
111011111110101010110100 000000000000000011010010 111011111110101001100110
111011111110101010110100 000000000000000011010001 111011111110101001100101
111011111110101010110100 000000000000000011001100 111011111110101001111000
111011111110101010110100 000000000000000011001010 111011111110101001111110
111011111110101010110100 000000000000000011001001 111011111110101001111101
111011111110101010110100 000000000000000011000110 111011111110101001110010
111011111110101010110100 000000000000000011000101 111011111110101001110001
111011111110101010110100 000000000000000011000011 111011111110101001110111
111011111110101010110100 000000000000000010111000 111011111110101000001100
111011111110101010110100 000000000000000010110100 111011111110101000000000
111011111110101010110100 000000000000000010110010 111011111110101000000110
111011111110101010110100 000000000000000010110001 111011111110101000000101
111011111110101010110100 000000000000000010101100 111011111110101000011000
111011111110101010110100 000000000000000010101010 111011111110101000011110
111011111110101010110100 000000000000000010101001 111011111110101000011101
111011111110101010110100 000000000000000010100110 111011111110101000010010
111011111110101010110100 000000000000000010100101 111011111110101000010001
111011111110101010110100 000000000000000010100011 111011111110101000010111
111011111110101010110100 000000000000000010011100 111011111110101000101000
111011111110101010110100 000000000000000010011010 111011111110101000101110
111011111110101010110100 000000000000000010011001 111011111110101000101101
111011111110101010110100 000000000000000010010110 111011111110101000100010
111011111110101010110100 000000000000000010010101 111011111110101000100001
111011111110101010110100 000000000000000010010011 111011111110101000100111
111011111110101010110100 000000000000000010001110 111011111110101000111010
111011111110101010110100 000000000000000010001101 111011111110101000111001
111011111110101010110100 000000000000000010001011 111011111110101000111111
111011111110101010110100 000000000000000010000111 111011111110101000110011
111011111110101010110100 000000000000000001111000 111011111110101011001100
111011111110101010110100 000000000000000001110100 111011111110101011000000
111011111110101010110100 000000000000000001110010 111011111110101011000110
111011111110101010110100 000000000000000001110001 111011111110101011000101
111011111110101010110100 000000000000000001101100 111011111110101011011000
111011111110101010110100 000000000000000001101010 111011111110101011011110
111011111110101010110100 000000000000000001101001 111011111110101011011101
111011111110101010110100 000000000000000001100110 111011111110101011010010
111011111110101010110100 000000000000000001100101 111011111110101011010001
111011111110101010110100 000000000000000001100011 111011111110101011010111
111011111110101010110100 000000000000000001011100 111011111110101011101000
111011111110101010110100 000000000000000001011010 111011111110101011101110
111011111110101010110100 000000000000000001011001 111011111110101011101101
111011111110101010110100 000000000000000001010110 111011111110101011100010
111011111110101010110100 000000000000000001010101 111011111110101011100001
111011111110101010110100 000000000000000001010011 111011111110101011100111
111011111110101010110100 000000000000000001001110 111011111110101011111010
111011111110101010110100 000000000000000001001101 111011111110101011111001
111011111110101010110100 000000000000000001001011 111011111110101011111111
111011111110101010110100 000000000000000001000111 111011111110101011110011
111011111110101010110100 000000000000000000111100 111011111110101010001000
111011111110101010110100 000000000000000000111010 111011111110101010001110
111011111110101010110100 000000000000000000111001 111011111110101010001101
111011111110101010110100 000000000000000000110110 111011111110101010000010
111011111110101010110100 000000000000000000110101 111011111110101010000001
111011111110101010110100 000000000000000000110011 111011111110101010000111
111011111110101010110100 000000000000000000101110 111011111110101010011010
111011111110101010110100 000000000000000000101101 111011111110101010011001
111011111110101010110100 000000000000000000101011 111011111110101010011111
111011111110101010110100 000000000000000000100111 111011111110101010010011
111011111110101010110100 000000000000000000011110 111011111110101010101010
111011111110101010110100 000000000000000000011101 111011111110101010101001
111011111110101010110100 000000000000000000011011 111011111110101010101111
111011111110101010110100 000000000000000000010111 111011111110101010100011
111011111110101010110100 000000000000000000001111 111011111110101010111011
